point_id,point_key,component,scenario,pattern,repeat_count,status,window_ns,switching_power_mw,internal_power_mw,dynamic_power_mw,leakage_power_mw,window_dynamic_energy_pj,incremental_energy_pj,vcd_path,power_report,activity_log,activity_level,features_json,logic_area_um2,holdout,pwr_414,pwr_415,failure_reason,activity_elapsed_sec,activity_peak_rss_kib,activity_fingerprint,measurement_start_ns,measurement_end_ns,measurement_cycles,accepted_actions,completed_actions,vcd_retention,replay_start_time,replay_end_time,replay_elapsed_sec,dc_power_peak_rss_kib,saif_annotated_objects,saif_mapped_seq_cells,saif_total_seq_cells,saif_seq_coverage_pct,saif_coverage_status,saif_map_report,power_coverage_report,saif_name_map,saif_name_map_converted_objects,saif_packed_port_overrides,switching_activity_report
power_frontend_control,power_control_e6d48a0bbe07,control,idle_128,idle,128,complete,1024.0,0.0,1.3824,1.3824,0.0008516512,1415.5776,,/home/yh3525/FYP/PLENA_Simulator/Workspace/area_new_power_calibration/runs/full_rtl_activity_v1_20260722_193606/activity/power_control_e6d48a0bbe07/idle_128.vcd,/home/yh3525/FYP/PLENA_Simulator/Workspace/area_new_power_calibration/runs/full_rtl_activity_v1_20260722_193606/reports/power_control_e6d48a0bbe07/idle_128/power.rpt,/home/yh3525/FYP/PLENA_Simulator/Workspace/area_new_power_calibration/runs/full_rtl_activity_v1_20260722_193606/reports/power_control_e6d48a0bbe07/idle_128/dc_power.log,rtl_vcd_mapped_dc,"{""accepted_actions"": 0, ""activity_fingerprint"": ""9d56c91b29ef874c44a80b012de9b25f53670984c3a8856d952cb9daf4747a59"", ""clock_features"": {""control_hbm"": 1024.0, ""matrix_pe"": 0.0, ""scalar_machine"": 0.0, ""vector_lane"": 0.0}, ""clock_period_ns"": 1.0, ""completed_actions"": 0, ""component"": ""control"", ""dynamic_features"": {""control.frontend_issue"": 0.0, ""hbm.byte"": 0.0, ""hbm.dma_issue"": 0.0, ""hbm.line"": 0.0, ""matrix.active_mac_bit_product"": 0.0, ""matrix.matrix_vector_bit_product"": 0.0, ""matrix.output_bit"": 0.0, ""scalar.fp_add_sub_move_bit"": 0.0, ""scalar.fp_multiply_bit2"": 0.0, ""scalar.fp_sfu_bit2"": 0.0, ""scalar.integer_alu_bit"": 0.0, ""scalar.register_access_bit"": 0.0, ""vector.lane_add_sub_bit"": 0.0, ""vector.lane_movement_bit"": 0.0, ""vector.lane_multiply_bit2"": 0.0, ""vector.lane_sfu_bit2"": 0.0, ""vector.reduction_node_bit"": 0.0}, ""measurement_cycles"": 1024, ""measurement_end_ns"": 1032.0, ""measurement_start_ns"": 8.0, ""params"": {""BLEN"": 8, ""HLEN"": 8, ""MLEN"": 32, ""VLEN"": 32}, ""pattern"": ""idle"", ""requested_actions"": 128, ""schema_version"": 1, ""seed"": 20260722}",898.550801,0,0,1,,9.118,387312,9d56c91b29ef874c44a80b012de9b25f53670984c3a8856d952cb9daf4747a59,8.0,1032.0,1024,0,0,hash_sidecar_only,2026-07-22T21:51:21.617134+00:00,2026-07-22T21:51:30.118728+00:00,8.512,742056,,1133,1133,100.0,partial_noncritical,/home/yh3525/FYP/PLENA_Simulator/Workspace/area_new_power_calibration/runs/full_rtl_activity_v1_20260722_193606/reports/power_control_e6d48a0bbe07/idle_128/power.saif_map.rpt,/home/yh3525/FYP/PLENA_Simulator/Workspace/area_new_power_calibration/runs/full_rtl_activity_v1_20260722_193606/reports/power_control_e6d48a0bbe07/idle_128/power.coverage.rpt,/home/yh3525/FYP/PLENA_Simulator/Workspace/area_new_power_calibration/runs/full_rtl_activity_v1_20260722_193606/reports/power_control_e6d48a0bbe07/idle_128/verilator_saif.namemap,790,268,unsupported_by_dc_2024_09
power_frontend_control,power_control_e6d48a0bbe07,control,idle_32,idle,32,complete,256.0,0.0,1.3824,1.3824,0.0008516512,353.8944,,/home/yh3525/FYP/PLENA_Simulator/Workspace/area_new_power_calibration/runs/full_rtl_activity_v1_20260722_193606/activity/power_control_e6d48a0bbe07/idle_32.vcd,/home/yh3525/FYP/PLENA_Simulator/Workspace/area_new_power_calibration/runs/full_rtl_activity_v1_20260722_193606/reports/power_control_e6d48a0bbe07/idle_32/power.rpt,/home/yh3525/FYP/PLENA_Simulator/Workspace/area_new_power_calibration/runs/full_rtl_activity_v1_20260722_193606/reports/power_control_e6d48a0bbe07/idle_32/dc_power.log,rtl_vcd_mapped_dc,"{""accepted_actions"": 0, ""activity_fingerprint"": ""9d56c91b29ef874c44a80b012de9b25f53670984c3a8856d952cb9daf4747a59"", ""clock_features"": {""control_hbm"": 256.0, ""matrix_pe"": 0.0, ""scalar_machine"": 0.0, ""vector_lane"": 0.0}, ""clock_period_ns"": 1.0, ""completed_actions"": 0, ""component"": ""control"", ""dynamic_features"": {""control.frontend_issue"": 0.0, ""hbm.byte"": 0.0, ""hbm.dma_issue"": 0.0, ""hbm.line"": 0.0, ""matrix.active_mac_bit_product"": 0.0, ""matrix.matrix_vector_bit_product"": 0.0, ""matrix.output_bit"": 0.0, ""scalar.fp_add_sub_move_bit"": 0.0, ""scalar.fp_multiply_bit2"": 0.0, ""scalar.fp_sfu_bit2"": 0.0, ""scalar.integer_alu_bit"": 0.0, ""scalar.register_access_bit"": 0.0, ""vector.lane_add_sub_bit"": 0.0, ""vector.lane_movement_bit"": 0.0, ""vector.lane_multiply_bit2"": 0.0, ""vector.lane_sfu_bit2"": 0.0, ""vector.reduction_node_bit"": 0.0}, ""measurement_cycles"": 256, ""measurement_end_ns"": 264.0, ""measurement_start_ns"": 8.0, ""params"": {""BLEN"": 8, ""HLEN"": 8, ""MLEN"": 32, ""VLEN"": 32}, ""pattern"": ""idle"", ""requested_actions"": 32, ""schema_version"": 1, ""seed"": 20260722}",898.550801,0,0,1,,18.124,388200,9d56c91b29ef874c44a80b012de9b25f53670984c3a8856d952cb9daf4747a59,8.0,264.0,256,0,0,hash_sidecar_only,2026-07-22T21:51:03.428318+00:00,2026-07-22T21:51:15.513700+00:00,12.096,742020,,1133,1133,100.0,partial_noncritical,/home/yh3525/FYP/PLENA_Simulator/Workspace/area_new_power_calibration/runs/full_rtl_activity_v1_20260722_193606/reports/power_control_e6d48a0bbe07/idle_32/power.saif_map.rpt,/home/yh3525/FYP/PLENA_Simulator/Workspace/area_new_power_calibration/runs/full_rtl_activity_v1_20260722_193606/reports/power_control_e6d48a0bbe07/idle_32/power.coverage.rpt,/home/yh3525/FYP/PLENA_Simulator/Workspace/area_new_power_calibration/runs/full_rtl_activity_v1_20260722_193606/reports/power_control_e6d48a0bbe07/idle_32/verilator_saif.namemap,790,268,unsupported_by_dc_2024_09
power_frontend_control,power_control_e6d48a0bbe07,control,idle_512,idle,512,complete,4096.0,0.0,1.3824,1.3824,0.0008516512,5662.3104,,/home/yh3525/FYP/PLENA_Simulator/Workspace/area_new_power_calibration/runs/full_rtl_activity_v1_20260722_193606/activity/power_control_e6d48a0bbe07/idle_512.vcd,/home/yh3525/FYP/PLENA_Simulator/Workspace/area_new_power_calibration/runs/full_rtl_activity_v1_20260722_193606/reports/power_control_e6d48a0bbe07/idle_512/power.rpt,/home/yh3525/FYP/PLENA_Simulator/Workspace/area_new_power_calibration/runs/full_rtl_activity_v1_20260722_193606/reports/power_control_e6d48a0bbe07/idle_512/dc_power.log,rtl_vcd_mapped_dc,"{""accepted_actions"": 0, ""activity_fingerprint"": ""9d56c91b29ef874c44a80b012de9b25f53670984c3a8856d952cb9daf4747a59"", ""clock_features"": {""control_hbm"": 4096.0, ""matrix_pe"": 0.0, ""scalar_machine"": 0.0, ""vector_lane"": 0.0}, ""clock_period_ns"": 1.0, ""completed_actions"": 0, ""component"": ""control"", ""dynamic_features"": {""control.frontend_issue"": 0.0, ""hbm.byte"": 0.0, ""hbm.dma_issue"": 0.0, ""hbm.line"": 0.0, ""matrix.active_mac_bit_product"": 0.0, ""matrix.matrix_vector_bit_product"": 0.0, ""matrix.output_bit"": 0.0, ""scalar.fp_add_sub_move_bit"": 0.0, ""scalar.fp_multiply_bit2"": 0.0, ""scalar.fp_sfu_bit2"": 0.0, ""scalar.integer_alu_bit"": 0.0, ""scalar.register_access_bit"": 0.0, ""vector.lane_add_sub_bit"": 0.0, ""vector.lane_movement_bit"": 0.0, ""vector.lane_multiply_bit2"": 0.0, ""vector.lane_sfu_bit2"": 0.0, ""vector.reduction_node_bit"": 0.0}, ""measurement_cycles"": 4096, ""measurement_end_ns"": 4104.0, ""measurement_start_ns"": 8.0, ""params"": {""BLEN"": 8, ""HLEN"": 8, ""MLEN"": 32, ""VLEN"": 32}, ""pattern"": ""idle"", ""requested_actions"": 512, ""schema_version"": 1, ""seed"": 20260722}",898.550801,0,0,1,,9.37,387588,9d56c91b29ef874c44a80b012de9b25f53670984c3a8856d952cb9daf4747a59,8.0,4104.0,4096,0,0,hash_sidecar_only,2026-07-22T21:51:40.038391+00:00,2026-07-22T21:51:48.503389+00:00,8.475,741440,,1133,1133,100.0,partial_noncritical,/home/yh3525/FYP/PLENA_Simulator/Workspace/area_new_power_calibration/runs/full_rtl_activity_v1_20260722_193606/reports/power_control_e6d48a0bbe07/idle_512/power.saif_map.rpt,/home/yh3525/FYP/PLENA_Simulator/Workspace/area_new_power_calibration/runs/full_rtl_activity_v1_20260722_193606/reports/power_control_e6d48a0bbe07/idle_512/power.coverage.rpt,/home/yh3525/FYP/PLENA_Simulator/Workspace/area_new_power_calibration/runs/full_rtl_activity_v1_20260722_193606/reports/power_control_e6d48a0bbe07/idle_512/verilator_saif.namemap,790,268,unsupported_by_dc_2024_09
power_frontend_control,power_control_e6d48a0bbe07,control,low_toggle_128,low-toggle,128,complete,1024.0,0.1128638,1.8062,1.9191,0.0008520366999999999,1965.1584,,/home/yh3525/FYP/PLENA_Simulator/Workspace/area_new_power_calibration/runs/full_rtl_activity_v1_20260722_193606/activity/power_control_e6d48a0bbe07/low_toggle_128.vcd,/home/yh3525/FYP/PLENA_Simulator/Workspace/area_new_power_calibration/runs/full_rtl_activity_v1_20260722_193606/reports/power_control_e6d48a0bbe07/low_toggle_128/power.rpt,/home/yh3525/FYP/PLENA_Simulator/Workspace/area_new_power_calibration/runs/full_rtl_activity_v1_20260722_193606/reports/power_control_e6d48a0bbe07/low_toggle_128/dc_power.log,rtl_vcd_mapped_dc,"{""accepted_actions"": 128, ""activity_fingerprint"": ""9d56c91b29ef874c44a80b012de9b25f53670984c3a8856d952cb9daf4747a59"", ""clock_features"": {""control_hbm"": 1024.0, ""matrix_pe"": 0.0, ""scalar_machine"": 0.0, ""vector_lane"": 0.0}, ""clock_period_ns"": 1.0, ""completed_actions"": 128, ""component"": ""control"", ""dynamic_features"": {""control.frontend_issue"": 128.0, ""hbm.byte"": 0.0, ""hbm.dma_issue"": 0.0, ""hbm.line"": 0.0, ""matrix.active_mac_bit_product"": 0.0, ""matrix.matrix_vector_bit_product"": 0.0, ""matrix.output_bit"": 0.0, ""scalar.fp_add_sub_move_bit"": 0.0, ""scalar.fp_multiply_bit2"": 0.0, ""scalar.fp_sfu_bit2"": 0.0, ""scalar.integer_alu_bit"": 0.0, ""scalar.register_access_bit"": 0.0, ""vector.lane_add_sub_bit"": 0.0, ""vector.lane_movement_bit"": 0.0, ""vector.lane_multiply_bit2"": 0.0, ""vector.lane_sfu_bit2"": 0.0, ""vector.reduction_node_bit"": 0.0}, ""measurement_cycles"": 1024, ""measurement_end_ns"": 1032.0, ""measurement_start_ns"": 8.0, ""params"": {""BLEN"": 8, ""HLEN"": 8, ""MLEN"": 32, ""VLEN"": 32}, ""pattern"": ""low-toggle"", ""requested_actions"": 128, ""schema_version"": 1, ""seed"": 20260722}",898.550801,0,0,1,,9.263,387616,9d56c91b29ef874c44a80b012de9b25f53670984c3a8856d952cb9daf4747a59,8.0,1032.0,1024,128,128,hash_sidecar_only,2026-07-22T21:51:58.889092+00:00,2026-07-22T21:52:07.380849+00:00,8.502,742048,,1133,1133,100.0,partial_noncritical,/home/yh3525/FYP/PLENA_Simulator/Workspace/area_new_power_calibration/runs/full_rtl_activity_v1_20260722_193606/reports/power_control_e6d48a0bbe07/low_toggle_128/power.saif_map.rpt,/home/yh3525/FYP/PLENA_Simulator/Workspace/area_new_power_calibration/runs/full_rtl_activity_v1_20260722_193606/reports/power_control_e6d48a0bbe07/low_toggle_128/power.coverage.rpt,/home/yh3525/FYP/PLENA_Simulator/Workspace/area_new_power_calibration/runs/full_rtl_activity_v1_20260722_193606/reports/power_control_e6d48a0bbe07/low_toggle_128/verilator_saif.namemap,790,268,unsupported_by_dc_2024_09
power_frontend_control,power_control_e6d48a0bbe07,control,mixed_holdout_128,mixed-kernel-holdout,128,complete,1024.0,0.1128638,1.8062,1.9191,0.0008520366999999999,1965.1584,,/home/yh3525/FYP/PLENA_Simulator/Workspace/area_new_power_calibration/runs/full_rtl_activity_v1_20260722_193606/activity/power_control_e6d48a0bbe07/mixed_holdout_128.vcd.gz,/home/yh3525/FYP/PLENA_Simulator/Workspace/area_new_power_calibration/runs/full_rtl_activity_v1_20260722_193606/reports/power_control_e6d48a0bbe07/mixed_holdout_128/power.rpt,/home/yh3525/FYP/PLENA_Simulator/Workspace/area_new_power_calibration/runs/full_rtl_activity_v1_20260722_193606/reports/power_control_e6d48a0bbe07/mixed_holdout_128/dc_power.log,rtl_vcd_mapped_dc,"{""accepted_actions"": 128, ""activity_fingerprint"": ""9d56c91b29ef874c44a80b012de9b25f53670984c3a8856d952cb9daf4747a59"", ""clock_features"": {""control_hbm"": 1024.0, ""matrix_pe"": 0.0, ""scalar_machine"": 0.0, ""vector_lane"": 0.0}, ""clock_period_ns"": 1.0, ""completed_actions"": 128, ""component"": ""control"", ""dynamic_features"": {""control.frontend_issue"": 128.0, ""hbm.byte"": 0.0, ""hbm.dma_issue"": 0.0, ""hbm.line"": 0.0, ""matrix.active_mac_bit_product"": 0.0, ""matrix.matrix_vector_bit_product"": 0.0, ""matrix.output_bit"": 0.0, ""scalar.fp_add_sub_move_bit"": 0.0, ""scalar.fp_multiply_bit2"": 0.0, ""scalar.fp_sfu_bit2"": 0.0, ""scalar.integer_alu_bit"": 0.0, ""scalar.register_access_bit"": 0.0, ""vector.lane_add_sub_bit"": 0.0, ""vector.lane_movement_bit"": 0.0, ""vector.lane_multiply_bit2"": 0.0, ""vector.lane_sfu_bit2"": 0.0, ""vector.reduction_node_bit"": 0.0}, ""measurement_cycles"": 1024, ""measurement_end_ns"": 1032.0, ""measurement_start_ns"": 8.0, ""params"": {""BLEN"": 8, ""HLEN"": 8, ""MLEN"": 32, ""VLEN"": 32}, ""pattern"": ""mixed-kernel-holdout"", ""requested_actions"": 128, ""schema_version"": 1, ""seed"": 20260722}",898.550801,0,0,1,,9.286,387596,9d56c91b29ef874c44a80b012de9b25f53670984c3a8856d952cb9daf4747a59,8.0,1032.0,1024,128,128,gzip_validation,2026-07-22T21:52:17.363072+00:00,2026-07-22T21:52:25.788879+00:00,8.435,742576,,1133,1133,100.0,partial_noncritical,/home/yh3525/FYP/PLENA_Simulator/Workspace/area_new_power_calibration/runs/full_rtl_activity_v1_20260722_193606/reports/power_control_e6d48a0bbe07/mixed_holdout_128/power.saif_map.rpt,/home/yh3525/FYP/PLENA_Simulator/Workspace/area_new_power_calibration/runs/full_rtl_activity_v1_20260722_193606/reports/power_control_e6d48a0bbe07/mixed_holdout_128/power.coverage.rpt,/home/yh3525/FYP/PLENA_Simulator/Workspace/area_new_power_calibration/runs/full_rtl_activity_v1_20260722_193606/reports/power_control_e6d48a0bbe07/mixed_holdout_128/verilator_saif.namemap,790,268,unsupported_by_dc_2024_09
power_frontend_control,power_control_e6d48a0bbe07,control,qwen_128,representative-qwen,128,complete,1024.0,0.1128638,1.8062,1.9191,0.0008520366999999999,1965.1584,,/home/yh3525/FYP/PLENA_Simulator/Workspace/area_new_power_calibration/runs/full_rtl_activity_v1_20260722_193606/activity/power_control_e6d48a0bbe07/qwen_128.vcd.gz,/home/yh3525/FYP/PLENA_Simulator/Workspace/area_new_power_calibration/runs/full_rtl_activity_v1_20260722_193606/reports/power_control_e6d48a0bbe07/qwen_128/power.rpt,/home/yh3525/FYP/PLENA_Simulator/Workspace/area_new_power_calibration/runs/full_rtl_activity_v1_20260722_193606/reports/power_control_e6d48a0bbe07/qwen_128/dc_power.log,rtl_vcd_mapped_dc,"{""accepted_actions"": 128, ""activity_fingerprint"": ""9d56c91b29ef874c44a80b012de9b25f53670984c3a8856d952cb9daf4747a59"", ""clock_features"": {""control_hbm"": 1024.0, ""matrix_pe"": 0.0, ""scalar_machine"": 0.0, ""vector_lane"": 0.0}, ""clock_period_ns"": 1.0, ""completed_actions"": 128, ""component"": ""control"", ""dynamic_features"": {""control.frontend_issue"": 128.0, ""hbm.byte"": 0.0, ""hbm.dma_issue"": 0.0, ""hbm.line"": 0.0, ""matrix.active_mac_bit_product"": 0.0, ""matrix.matrix_vector_bit_product"": 0.0, ""matrix.output_bit"": 0.0, ""scalar.fp_add_sub_move_bit"": 0.0, ""scalar.fp_multiply_bit2"": 0.0, ""scalar.fp_sfu_bit2"": 0.0, ""scalar.integer_alu_bit"": 0.0, ""scalar.register_access_bit"": 0.0, ""vector.lane_add_sub_bit"": 0.0, ""vector.lane_movement_bit"": 0.0, ""vector.lane_multiply_bit2"": 0.0, ""vector.lane_sfu_bit2"": 0.0, ""vector.reduction_node_bit"": 0.0}, ""measurement_cycles"": 1024, ""measurement_end_ns"": 1032.0, ""measurement_start_ns"": 8.0, ""params"": {""BLEN"": 8, ""HLEN"": 8, ""MLEN"": 32, ""VLEN"": 32}, ""pattern"": ""representative-qwen"", ""requested_actions"": 128, ""schema_version"": 1, ""seed"": 20260722}",898.550801,0,0,1,,9.185,387612,9d56c91b29ef874c44a80b012de9b25f53670984c3a8856d952cb9daf4747a59,8.0,1032.0,1024,128,128,gzip_validation,2026-07-22T21:52:08.075193+00:00,2026-07-22T21:52:16.471726+00:00,8.406,740508,,1133,1133,100.0,partial_noncritical,/home/yh3525/FYP/PLENA_Simulator/Workspace/area_new_power_calibration/runs/full_rtl_activity_v1_20260722_193606/reports/power_control_e6d48a0bbe07/qwen_128/power.saif_map.rpt,/home/yh3525/FYP/PLENA_Simulator/Workspace/area_new_power_calibration/runs/full_rtl_activity_v1_20260722_193606/reports/power_control_e6d48a0bbe07/qwen_128/power.coverage.rpt,/home/yh3525/FYP/PLENA_Simulator/Workspace/area_new_power_calibration/runs/full_rtl_activity_v1_20260722_193606/reports/power_control_e6d48a0bbe07/qwen_128/verilator_saif.namemap,790,268,unsupported_by_dc_2024_09
power_frontend_control,power_control_e6d48a0bbe07,control,random_128,random,128,complete,1024.0,0.1128638,1.8062,1.9191,0.0008520366999999999,1965.1584,,/home/yh3525/FYP/PLENA_Simulator/Workspace/area_new_power_calibration/runs/full_rtl_activity_v1_20260722_193606/activity/power_control_e6d48a0bbe07/random_128.vcd,/home/yh3525/FYP/PLENA_Simulator/Workspace/area_new_power_calibration/runs/full_rtl_activity_v1_20260722_193606/reports/power_control_e6d48a0bbe07/random_128/power.rpt,/home/yh3525/FYP/PLENA_Simulator/Workspace/area_new_power_calibration/runs/full_rtl_activity_v1_20260722_193606/reports/power_control_e6d48a0bbe07/random_128/dc_power.log,rtl_vcd_mapped_dc,"{""accepted_actions"": 128, ""activity_fingerprint"": ""9d56c91b29ef874c44a80b012de9b25f53670984c3a8856d952cb9daf4747a59"", ""clock_features"": {""control_hbm"": 1024.0, ""matrix_pe"": 0.0, ""scalar_machine"": 0.0, ""vector_lane"": 0.0}, ""clock_period_ns"": 1.0, ""completed_actions"": 128, ""component"": ""control"", ""dynamic_features"": {""control.frontend_issue"": 128.0, ""hbm.byte"": 0.0, ""hbm.dma_issue"": 0.0, ""hbm.line"": 0.0, ""matrix.active_mac_bit_product"": 0.0, ""matrix.matrix_vector_bit_product"": 0.0, ""matrix.output_bit"": 0.0, ""scalar.fp_add_sub_move_bit"": 0.0, ""scalar.fp_multiply_bit2"": 0.0, ""scalar.fp_sfu_bit2"": 0.0, ""scalar.integer_alu_bit"": 0.0, ""scalar.register_access_bit"": 0.0, ""vector.lane_add_sub_bit"": 0.0, ""vector.lane_movement_bit"": 0.0, ""vector.lane_multiply_bit2"": 0.0, ""vector.lane_sfu_bit2"": 0.0, ""vector.reduction_node_bit"": 0.0}, ""measurement_cycles"": 1024, ""measurement_end_ns"": 1032.0, ""measurement_start_ns"": 8.0, ""params"": {""BLEN"": 8, ""HLEN"": 8, ""MLEN"": 32, ""VLEN"": 32}, ""pattern"": ""random"", ""requested_actions"": 128, ""schema_version"": 1, ""seed"": 20260722}",898.550801,0,0,1,,9.047,387596,9d56c91b29ef874c44a80b012de9b25f53670984c3a8856d952cb9daf4747a59,8.0,1032.0,1024,128,128,hash_sidecar_only,2026-07-22T21:51:30.666559+00:00,2026-07-22T21:51:39.044669+00:00,8.388,742568,,1133,1133,100.0,partial_noncritical,/home/yh3525/FYP/PLENA_Simulator/Workspace/area_new_power_calibration/runs/full_rtl_activity_v1_20260722_193606/reports/power_control_e6d48a0bbe07/random_128/power.saif_map.rpt,/home/yh3525/FYP/PLENA_Simulator/Workspace/area_new_power_calibration/runs/full_rtl_activity_v1_20260722_193606/reports/power_control_e6d48a0bbe07/random_128/power.coverage.rpt,/home/yh3525/FYP/PLENA_Simulator/Workspace/area_new_power_calibration/runs/full_rtl_activity_v1_20260722_193606/reports/power_control_e6d48a0bbe07/random_128/verilator_saif.namemap,790,268,unsupported_by_dc_2024_09
power_frontend_control,power_control_e6d48a0bbe07,control,random_32,random,32,complete,256.0,0.1118644,1.8015,1.9134,0.0008520366,489.8304,,/home/yh3525/FYP/PLENA_Simulator/Workspace/area_new_power_calibration/runs/full_rtl_activity_v1_20260722_193606/activity/power_control_e6d48a0bbe07/random_32.vcd,/home/yh3525/FYP/PLENA_Simulator/Workspace/area_new_power_calibration/runs/full_rtl_activity_v1_20260722_193606/reports/power_control_e6d48a0bbe07/random_32/power.rpt,/home/yh3525/FYP/PLENA_Simulator/Workspace/area_new_power_calibration/runs/full_rtl_activity_v1_20260722_193606/reports/power_control_e6d48a0bbe07/random_32/dc_power.log,rtl_vcd_mapped_dc,"{""accepted_actions"": 32, ""activity_fingerprint"": ""9d56c91b29ef874c44a80b012de9b25f53670984c3a8856d952cb9daf4747a59"", ""clock_features"": {""control_hbm"": 256.0, ""matrix_pe"": 0.0, ""scalar_machine"": 0.0, ""vector_lane"": 0.0}, ""clock_period_ns"": 1.0, ""completed_actions"": 32, ""component"": ""control"", ""dynamic_features"": {""control.frontend_issue"": 32.0, ""hbm.byte"": 0.0, ""hbm.dma_issue"": 0.0, ""hbm.line"": 0.0, ""matrix.active_mac_bit_product"": 0.0, ""matrix.matrix_vector_bit_product"": 0.0, ""matrix.output_bit"": 0.0, ""scalar.fp_add_sub_move_bit"": 0.0, ""scalar.fp_multiply_bit2"": 0.0, ""scalar.fp_sfu_bit2"": 0.0, ""scalar.integer_alu_bit"": 0.0, ""scalar.register_access_bit"": 0.0, ""vector.lane_add_sub_bit"": 0.0, ""vector.lane_movement_bit"": 0.0, ""vector.lane_multiply_bit2"": 0.0, ""vector.lane_sfu_bit2"": 0.0, ""vector.reduction_node_bit"": 0.0}, ""measurement_cycles"": 256, ""measurement_end_ns"": 264.0, ""measurement_start_ns"": 8.0, ""params"": {""BLEN"": 8, ""HLEN"": 8, ""MLEN"": 32, ""VLEN"": 32}, ""pattern"": ""random"", ""requested_actions"": 32, ""schema_version"": 1, ""seed"": 20260722}",898.550801,0,0,1,,9.068,387596,9d56c91b29ef874c44a80b012de9b25f53670984c3a8856d952cb9daf4747a59,8.0,264.0,256,32,32,hash_sidecar_only,2026-07-22T21:51:12.497589+00:00,2026-07-22T21:51:21.039601+00:00,8.552,742520,,1133,1133,100.0,partial_noncritical,/home/yh3525/FYP/PLENA_Simulator/Workspace/area_new_power_calibration/runs/full_rtl_activity_v1_20260722_193606/reports/power_control_e6d48a0bbe07/random_32/power.saif_map.rpt,/home/yh3525/FYP/PLENA_Simulator/Workspace/area_new_power_calibration/runs/full_rtl_activity_v1_20260722_193606/reports/power_control_e6d48a0bbe07/random_32/power.coverage.rpt,/home/yh3525/FYP/PLENA_Simulator/Workspace/area_new_power_calibration/runs/full_rtl_activity_v1_20260722_193606/reports/power_control_e6d48a0bbe07/random_32/verilator_saif.namemap,790,268,unsupported_by_dc_2024_09
power_frontend_control,power_control_e6d48a0bbe07,control,random_512,random,512,complete,4096.0,0.11331659999999999,1.8086,1.9219,0.0008520368,7872.1024,,/home/yh3525/FYP/PLENA_Simulator/Workspace/area_new_power_calibration/runs/full_rtl_activity_v1_20260722_193606/activity/power_control_e6d48a0bbe07/random_512.vcd,/home/yh3525/FYP/PLENA_Simulator/Workspace/area_new_power_calibration/runs/full_rtl_activity_v1_20260722_193606/reports/power_control_e6d48a0bbe07/random_512/power.rpt,/home/yh3525/FYP/PLENA_Simulator/Workspace/area_new_power_calibration/runs/full_rtl_activity_v1_20260722_193606/reports/power_control_e6d48a0bbe07/random_512/dc_power.log,rtl_vcd_mapped_dc,"{""accepted_actions"": 512, ""activity_fingerprint"": ""9d56c91b29ef874c44a80b012de9b25f53670984c3a8856d952cb9daf4747a59"", ""clock_features"": {""control_hbm"": 4096.0, ""matrix_pe"": 0.0, ""scalar_machine"": 0.0, ""vector_lane"": 0.0}, ""clock_period_ns"": 1.0, ""completed_actions"": 512, ""component"": ""control"", ""dynamic_features"": {""control.frontend_issue"": 512.0, ""hbm.byte"": 0.0, ""hbm.dma_issue"": 0.0, ""hbm.line"": 0.0, ""matrix.active_mac_bit_product"": 0.0, ""matrix.matrix_vector_bit_product"": 0.0, ""matrix.output_bit"": 0.0, ""scalar.fp_add_sub_move_bit"": 0.0, ""scalar.fp_multiply_bit2"": 0.0, ""scalar.fp_sfu_bit2"": 0.0, ""scalar.integer_alu_bit"": 0.0, ""scalar.register_access_bit"": 0.0, ""vector.lane_add_sub_bit"": 0.0, ""vector.lane_movement_bit"": 0.0, ""vector.lane_multiply_bit2"": 0.0, ""vector.lane_sfu_bit2"": 0.0, ""vector.reduction_node_bit"": 0.0}, ""measurement_cycles"": 4096, ""measurement_end_ns"": 4104.0, ""measurement_start_ns"": 8.0, ""params"": {""BLEN"": 8, ""HLEN"": 8, ""MLEN"": 32, ""VLEN"": 32}, ""pattern"": ""random"", ""requested_actions"": 512, ""schema_version"": 1, ""seed"": 20260722}",898.550801,0,0,1,,9.583,387604,9d56c91b29ef874c44a80b012de9b25f53670984c3a8856d952cb9daf4747a59,8.0,4104.0,4096,512,512,hash_sidecar_only,2026-07-22T21:51:49.624182+00:00,2026-07-22T21:51:58.128172+00:00,8.514,742476,,1133,1133,100.0,partial_noncritical,/home/yh3525/FYP/PLENA_Simulator/Workspace/area_new_power_calibration/runs/full_rtl_activity_v1_20260722_193606/reports/power_control_e6d48a0bbe07/random_512/power.saif_map.rpt,/home/yh3525/FYP/PLENA_Simulator/Workspace/area_new_power_calibration/runs/full_rtl_activity_v1_20260722_193606/reports/power_control_e6d48a0bbe07/random_512/power.coverage.rpt,/home/yh3525/FYP/PLENA_Simulator/Workspace/area_new_power_calibration/runs/full_rtl_activity_v1_20260722_193606/reports/power_control_e6d48a0bbe07/random_512/verilator_saif.namemap,790,268,unsupported_by_dc_2024_09
power_hbm_mxfp,power_hbm_642a9ec38a96,hbm,idle_128,idle,128,complete,12288.0,0.0,51.716,51.716,0.024472,635486.208,,/home/yh3525/FYP/PLENA_Simulator/Workspace/area_new_power_calibration/runs/full_rtl_activity_v1_20260722_193606/activity/power_hbm_642a9ec38a96/idle_128.vcd.gz,/home/yh3525/FYP/PLENA_Simulator/Workspace/area_new_power_calibration/runs/full_rtl_activity_v1_20260722_193606/reports/power_hbm_642a9ec38a96/idle_128/power.rpt,/home/yh3525/FYP/PLENA_Simulator/Workspace/area_new_power_calibration/runs/full_rtl_activity_v1_20260722_193606/reports/power_hbm_642a9ec38a96/idle_128/dc_power.log,rtl_vcd_mapped_dc,"{""accepted_actions"": 0, ""activity_fingerprint"": ""23e4e241fef60ca679255785f97c516728140dd712ddaa626f9f02cc4ea9f7c3"", ""clock_features"": {""control_hbm"": 12288.0, ""matrix_pe"": 0.0, ""scalar_machine"": 0.0, ""vector_lane"": 0.0}, ""clock_period_ns"": 1.0, ""completed_actions"": 0, ""component"": ""hbm"", ""dynamic_features"": {""control.frontend_issue"": 0.0, ""hbm.byte"": 0.0, ""hbm.dma_issue"": 0.0, ""hbm.line"": 0.0, ""matrix.active_mac_bit_product"": 0.0, ""matrix.matrix_vector_bit_product"": 0.0, ""matrix.output_bit"": 0.0, ""scalar.fp_add_sub_move_bit"": 0.0, ""scalar.fp_multiply_bit2"": 0.0, ""scalar.fp_sfu_bit2"": 0.0, ""scalar.integer_alu_bit"": 0.0, ""scalar.register_access_bit"": 0.0, ""vector.lane_add_sub_bit"": 0.0, ""vector.lane_movement_bit"": 0.0, ""vector.lane_multiply_bit2"": 0.0, ""vector.lane_sfu_bit2"": 0.0, ""vector.reduction_node_bit"": 0.0}, ""measurement_cycles"": 12288, ""measurement_end_ns"": 12296.0, ""measurement_start_ns"": 8.0, ""params"": {""ACT_WIDTH"": ""MXFP_E4M3"", ""BLEN"": 8, ""BLOCK_DIM"": 8, ""HBM_M_Prefetch_Amount"": 32, ""HBM_V_Prefetch_Amount"": 8, ""HBM_V_Writeback_Amount"": 8, ""KV_WIDTH"": ""MXFP_E4M3"", ""MLEN"": 32, ""MX_SCALE_WIDTH"": 8, ""VLEN"": 32, ""WEIGHT_WIDTH"": ""MXFP_E4M3""}, ""pattern"": ""idle"", ""requested_actions"": 128, ""schema_version"": 1, ""seed"": 20260722}",28946.694274,1,0,1,,12.513,394240,23e4e241fef60ca679255785f97c516728140dd712ddaa626f9f02cc4ea9f7c3,8.0,12296.0,12288,0,0,gzip_validation,2026-07-22T20:51:18.679567+00:00,2026-07-22T20:52:27.576993+00:00,69.209,2066056,,45352,45352,100.0,partial_noncritical,/home/yh3525/FYP/PLENA_Simulator/Workspace/area_new_power_calibration/runs/full_rtl_activity_v1_20260722_193606/reports/power_hbm_642a9ec38a96/idle_128/power.saif_map.rpt,/home/yh3525/FYP/PLENA_Simulator/Workspace/area_new_power_calibration/runs/full_rtl_activity_v1_20260722_193606/reports/power_hbm_642a9ec38a96/idle_128/power.coverage.rpt,/home/yh3525/FYP/PLENA_Simulator/Workspace/area_new_power_calibration/runs/full_rtl_activity_v1_20260722_193606/reports/power_hbm_642a9ec38a96/idle_128/verilator_saif.namemap,244,,unsupported_by_dc_2024_09
power_hbm_mxfp,power_hbm_642a9ec38a96,hbm,idle_32,idle,32,complete,3072.0,0.0,51.716,51.716,0.024472,158871.552,,/home/yh3525/FYP/PLENA_Simulator/Workspace/area_new_power_calibration/runs/full_rtl_activity_v1_20260722_193606/activity/power_hbm_642a9ec38a96/idle_32.vcd.gz,/home/yh3525/FYP/PLENA_Simulator/Workspace/area_new_power_calibration/runs/full_rtl_activity_v1_20260722_193606/reports/power_hbm_642a9ec38a96/idle_32/power.rpt,/home/yh3525/FYP/PLENA_Simulator/Workspace/area_new_power_calibration/runs/full_rtl_activity_v1_20260722_193606/reports/power_hbm_642a9ec38a96/idle_32/dc_power.log,rtl_vcd_mapped_dc,"{""accepted_actions"": 0, ""activity_fingerprint"": ""23e4e241fef60ca679255785f97c516728140dd712ddaa626f9f02cc4ea9f7c3"", ""clock_features"": {""control_hbm"": 3072.0, ""matrix_pe"": 0.0, ""scalar_machine"": 0.0, ""vector_lane"": 0.0}, ""clock_period_ns"": 1.0, ""completed_actions"": 0, ""component"": ""hbm"", ""dynamic_features"": {""control.frontend_issue"": 0.0, ""hbm.byte"": 0.0, ""hbm.dma_issue"": 0.0, ""hbm.line"": 0.0, ""matrix.active_mac_bit_product"": 0.0, ""matrix.matrix_vector_bit_product"": 0.0, ""matrix.output_bit"": 0.0, ""scalar.fp_add_sub_move_bit"": 0.0, ""scalar.fp_multiply_bit2"": 0.0, ""scalar.fp_sfu_bit2"": 0.0, ""scalar.integer_alu_bit"": 0.0, ""scalar.register_access_bit"": 0.0, ""vector.lane_add_sub_bit"": 0.0, ""vector.lane_movement_bit"": 0.0, ""vector.lane_multiply_bit2"": 0.0, ""vector.lane_sfu_bit2"": 0.0, ""vector.reduction_node_bit"": 0.0}, ""measurement_cycles"": 3072, ""measurement_end_ns"": 3080.0, ""measurement_start_ns"": 8.0, ""params"": {""ACT_WIDTH"": ""MXFP_E4M3"", ""BLEN"": 8, ""BLOCK_DIM"": 8, ""HBM_M_Prefetch_Amount"": 32, ""HBM_V_Prefetch_Amount"": 8, ""HBM_V_Writeback_Amount"": 8, ""KV_WIDTH"": ""MXFP_E4M3"", ""MLEN"": 32, ""MX_SCALE_WIDTH"": 8, ""VLEN"": 32, ""WEIGHT_WIDTH"": ""MXFP_E4M3""}, ""pattern"": ""idle"", ""requested_actions"": 32, ""schema_version"": 1, ""seed"": 20260722}",28946.694274,1,0,1,,88.693,587920,23e4e241fef60ca679255785f97c516728140dd712ddaa626f9f02cc4ea9f7c3,8.0,3080.0,3072,0,0,gzip_validation,2026-07-22T20:50:59.008959+00:00,2026-07-22T20:52:08.492595+00:00,69.811,2065920,,45352,45352,100.0,partial_noncritical,/home/yh3525/FYP/PLENA_Simulator/Workspace/area_new_power_calibration/runs/full_rtl_activity_v1_20260722_193606/reports/power_hbm_642a9ec38a96/idle_32/power.saif_map.rpt,/home/yh3525/FYP/PLENA_Simulator/Workspace/area_new_power_calibration/runs/full_rtl_activity_v1_20260722_193606/reports/power_hbm_642a9ec38a96/idle_32/power.coverage.rpt,/home/yh3525/FYP/PLENA_Simulator/Workspace/area_new_power_calibration/runs/full_rtl_activity_v1_20260722_193606/reports/power_hbm_642a9ec38a96/idle_32/verilator_saif.namemap,244,,unsupported_by_dc_2024_09
power_hbm_mxfp,power_hbm_642a9ec38a96,hbm,idle_512,idle,512,complete,49152.0,0.0,51.716,51.716,0.024472,2541944.832,,/home/yh3525/FYP/PLENA_Simulator/Workspace/area_new_power_calibration/runs/full_rtl_activity_v1_20260722_193606/activity/power_hbm_642a9ec38a96/idle_512.vcd.gz,/home/yh3525/FYP/PLENA_Simulator/Workspace/area_new_power_calibration/runs/full_rtl_activity_v1_20260722_193606/reports/power_hbm_642a9ec38a96/idle_512/power.rpt,/home/yh3525/FYP/PLENA_Simulator/Workspace/area_new_power_calibration/runs/full_rtl_activity_v1_20260722_193606/reports/power_hbm_642a9ec38a96/idle_512/dc_power.log,rtl_vcd_mapped_dc,"{""accepted_actions"": 0, ""activity_fingerprint"": ""23e4e241fef60ca679255785f97c516728140dd712ddaa626f9f02cc4ea9f7c3"", ""clock_features"": {""control_hbm"": 49152.0, ""matrix_pe"": 0.0, ""scalar_machine"": 0.0, ""vector_lane"": 0.0}, ""clock_period_ns"": 1.0, ""completed_actions"": 0, ""component"": ""hbm"", ""dynamic_features"": {""control.frontend_issue"": 0.0, ""hbm.byte"": 0.0, ""hbm.dma_issue"": 0.0, ""hbm.line"": 0.0, ""matrix.active_mac_bit_product"": 0.0, ""matrix.matrix_vector_bit_product"": 0.0, ""matrix.output_bit"": 0.0, ""scalar.fp_add_sub_move_bit"": 0.0, ""scalar.fp_multiply_bit2"": 0.0, ""scalar.fp_sfu_bit2"": 0.0, ""scalar.integer_alu_bit"": 0.0, ""scalar.register_access_bit"": 0.0, ""vector.lane_add_sub_bit"": 0.0, ""vector.lane_movement_bit"": 0.0, ""vector.lane_multiply_bit2"": 0.0, ""vector.lane_sfu_bit2"": 0.0, ""vector.reduction_node_bit"": 0.0}, ""measurement_cycles"": 49152, ""measurement_end_ns"": 49160.0, ""measurement_start_ns"": 8.0, ""params"": {""ACT_WIDTH"": ""MXFP_E4M3"", ""BLEN"": 8, ""BLOCK_DIM"": 8, ""HBM_M_Prefetch_Amount"": 32, ""HBM_V_Prefetch_Amount"": 8, ""HBM_V_Writeback_Amount"": 8, ""KV_WIDTH"": ""MXFP_E4M3"", ""MLEN"": 32, ""MX_SCALE_WIDTH"": 8, ""VLEN"": 32, ""WEIGHT_WIDTH"": ""MXFP_E4M3""}, ""pattern"": ""idle"", ""requested_actions"": 512, ""schema_version"": 1, ""seed"": 20260722}",28946.694274,1,0,1,,34.326,395768,23e4e241fef60ca679255785f97c516728140dd712ddaa626f9f02cc4ea9f7c3,8.0,49160.0,49152,0,0,gzip_validation,2026-07-22T20:52:05.456529+00:00,2026-07-22T20:53:14.443286+00:00,69.3,2064452,,45352,45352,100.0,partial_noncritical,/home/yh3525/FYP/PLENA_Simulator/Workspace/area_new_power_calibration/runs/full_rtl_activity_v1_20260722_193606/reports/power_hbm_642a9ec38a96/idle_512/power.saif_map.rpt,/home/yh3525/FYP/PLENA_Simulator/Workspace/area_new_power_calibration/runs/full_rtl_activity_v1_20260722_193606/reports/power_hbm_642a9ec38a96/idle_512/power.coverage.rpt,/home/yh3525/FYP/PLENA_Simulator/Workspace/area_new_power_calibration/runs/full_rtl_activity_v1_20260722_193606/reports/power_hbm_642a9ec38a96/idle_512/verilator_saif.namemap,244,,unsupported_by_dc_2024_09
power_hbm_mxfp,power_hbm_642a9ec38a96,hbm,low_toggle_128,low-toggle,128,complete,12288.0,0.010408899999999999,51.7131,51.7235,0.0245159,635578.368,,/home/yh3525/FYP/PLENA_Simulator/Workspace/area_new_power_calibration/runs/full_rtl_activity_v1_20260722_193606/activity/power_hbm_642a9ec38a96/low_toggle_128.vcd.gz,/home/yh3525/FYP/PLENA_Simulator/Workspace/area_new_power_calibration/runs/full_rtl_activity_v1_20260722_193606/reports/power_hbm_642a9ec38a96/low_toggle_128/power.rpt,/home/yh3525/FYP/PLENA_Simulator/Workspace/area_new_power_calibration/runs/full_rtl_activity_v1_20260722_193606/reports/power_hbm_642a9ec38a96/low_toggle_128/dc_power.log,rtl_vcd_mapped_dc,"{""accepted_actions"": 128, ""activity_fingerprint"": ""23e4e241fef60ca679255785f97c516728140dd712ddaa626f9f02cc4ea9f7c3"", ""clock_features"": {""control_hbm"": 12288.0, ""matrix_pe"": 0.0, ""scalar_machine"": 0.0, ""vector_lane"": 0.0}, ""clock_period_ns"": 1.0, ""completed_actions"": 128, ""component"": ""hbm"", ""dynamic_features"": {""control.frontend_issue"": 0.0, ""hbm.byte"": 2016.0, ""hbm.dma_issue"": 128.0, ""hbm.line"": 69.0, ""matrix.active_mac_bit_product"": 0.0, ""matrix.matrix_vector_bit_product"": 0.0, ""matrix.output_bit"": 0.0, ""scalar.fp_add_sub_move_bit"": 0.0, ""scalar.fp_multiply_bit2"": 0.0, ""scalar.fp_sfu_bit2"": 0.0, ""scalar.integer_alu_bit"": 0.0, ""scalar.register_access_bit"": 0.0, ""vector.lane_add_sub_bit"": 0.0, ""vector.lane_movement_bit"": 0.0, ""vector.lane_multiply_bit2"": 0.0, ""vector.lane_sfu_bit2"": 0.0, ""vector.reduction_node_bit"": 0.0}, ""measurement_cycles"": 12288, ""measurement_end_ns"": 12296.0, ""measurement_start_ns"": 8.0, ""params"": {""ACT_WIDTH"": ""MXFP_E4M3"", ""BLEN"": 8, ""BLOCK_DIM"": 8, ""HBM_M_Prefetch_Amount"": 32, ""HBM_V_Prefetch_Amount"": 8, ""HBM_V_Writeback_Amount"": 8, ""KV_WIDTH"": ""MXFP_E4M3"", ""MLEN"": 32, ""MX_SCALE_WIDTH"": 8, ""VLEN"": 32, ""WEIGHT_WIDTH"": ""MXFP_E4M3""}, ""pattern"": ""low-toggle"", ""requested_actions"": 128, ""schema_version"": 1, ""seed"": 20260722}",28946.694274,1,0,1,,12.71,395728,23e4e241fef60ca679255785f97c516728140dd712ddaa626f9f02cc4ea9f7c3,8.0,12296.0,12288,128,128,gzip_validation,2026-07-22T20:52:52.776311+00:00,2026-07-22T20:54:02.343086+00:00,69.894,2068580,,45352,45352,100.0,partial_noncritical,/home/yh3525/FYP/PLENA_Simulator/Workspace/area_new_power_calibration/runs/full_rtl_activity_v1_20260722_193606/reports/power_hbm_642a9ec38a96/low_toggle_128/power.saif_map.rpt,/home/yh3525/FYP/PLENA_Simulator/Workspace/area_new_power_calibration/runs/full_rtl_activity_v1_20260722_193606/reports/power_hbm_642a9ec38a96/low_toggle_128/power.coverage.rpt,/home/yh3525/FYP/PLENA_Simulator/Workspace/area_new_power_calibration/runs/full_rtl_activity_v1_20260722_193606/reports/power_hbm_642a9ec38a96/low_toggle_128/verilator_saif.namemap,244,,unsupported_by_dc_2024_09
power_hbm_mxfp,power_hbm_642a9ec38a96,hbm,mixed_holdout_128,mixed-kernel-holdout,128,complete,12288.0,0.010846399999999999,51.7135,51.7243,0.0245256,635588.1984,,/home/yh3525/FYP/PLENA_Simulator/Workspace/area_new_power_calibration/runs/full_rtl_activity_v1_20260722_193606/activity/power_hbm_642a9ec38a96/mixed_holdout_128.vcd.gz,/home/yh3525/FYP/PLENA_Simulator/Workspace/area_new_power_calibration/runs/full_rtl_activity_v1_20260722_193606/reports/power_hbm_642a9ec38a96/mixed_holdout_128/power.rpt,/home/yh3525/FYP/PLENA_Simulator/Workspace/area_new_power_calibration/runs/full_rtl_activity_v1_20260722_193606/reports/power_hbm_642a9ec38a96/mixed_holdout_128/dc_power.log,rtl_vcd_mapped_dc,"{""accepted_actions"": 128, ""activity_fingerprint"": ""23e4e241fef60ca679255785f97c516728140dd712ddaa626f9f02cc4ea9f7c3"", ""clock_features"": {""control_hbm"": 12288.0, ""matrix_pe"": 0.0, ""scalar_machine"": 0.0, ""vector_lane"": 0.0}, ""clock_period_ns"": 1.0, ""completed_actions"": 128, ""component"": ""hbm"", ""dynamic_features"": {""control.frontend_issue"": 0.0, ""hbm.byte"": 2016.0, ""hbm.dma_issue"": 128.0, ""hbm.line"": 69.0, ""matrix.active_mac_bit_product"": 0.0, ""matrix.matrix_vector_bit_product"": 0.0, ""matrix.output_bit"": 0.0, ""scalar.fp_add_sub_move_bit"": 0.0, ""scalar.fp_multiply_bit2"": 0.0, ""scalar.fp_sfu_bit2"": 0.0, ""scalar.integer_alu_bit"": 0.0, ""scalar.register_access_bit"": 0.0, ""vector.lane_add_sub_bit"": 0.0, ""vector.lane_movement_bit"": 0.0, ""vector.lane_multiply_bit2"": 0.0, ""vector.lane_sfu_bit2"": 0.0, ""vector.reduction_node_bit"": 0.0}, ""measurement_cycles"": 12288, ""measurement_end_ns"": 12296.0, ""measurement_start_ns"": 8.0, ""params"": {""ACT_WIDTH"": ""MXFP_E4M3"", ""BLEN"": 8, ""BLOCK_DIM"": 8, ""HBM_M_Prefetch_Amount"": 32, ""HBM_V_Prefetch_Amount"": 8, ""HBM_V_Writeback_Amount"": 8, ""KV_WIDTH"": ""MXFP_E4M3"", ""MLEN"": 32, ""MX_SCALE_WIDTH"": 8, ""VLEN"": 32, ""WEIGHT_WIDTH"": ""MXFP_E4M3""}, ""pattern"": ""mixed-kernel-holdout"", ""requested_actions"": 128, ""schema_version"": 1, ""seed"": 20260722}",28946.694274,1,0,1,,12.456,395720,23e4e241fef60ca679255785f97c516728140dd712ddaa626f9f02cc4ea9f7c3,8.0,12296.0,12288,128,128,gzip_validation,2026-07-22T20:53:17.703169+00:00,2026-07-22T20:54:27.225128+00:00,69.85,2067088,,45352,45352,100.0,partial_noncritical,/home/yh3525/FYP/PLENA_Simulator/Workspace/area_new_power_calibration/runs/full_rtl_activity_v1_20260722_193606/reports/power_hbm_642a9ec38a96/mixed_holdout_128/power.saif_map.rpt,/home/yh3525/FYP/PLENA_Simulator/Workspace/area_new_power_calibration/runs/full_rtl_activity_v1_20260722_193606/reports/power_hbm_642a9ec38a96/mixed_holdout_128/power.coverage.rpt,/home/yh3525/FYP/PLENA_Simulator/Workspace/area_new_power_calibration/runs/full_rtl_activity_v1_20260722_193606/reports/power_hbm_642a9ec38a96/mixed_holdout_128/verilator_saif.namemap,244,,unsupported_by_dc_2024_09
power_hbm_mxfp,power_hbm_642a9ec38a96,hbm,qwen_128,representative-qwen,128,complete,12288.0,0.0107921,51.713,51.7238,0.0245169,635582.0544,,/home/yh3525/FYP/PLENA_Simulator/Workspace/area_new_power_calibration/runs/full_rtl_activity_v1_20260722_193606/activity/power_hbm_642a9ec38a96/qwen_128.vcd.gz,/home/yh3525/FYP/PLENA_Simulator/Workspace/area_new_power_calibration/runs/full_rtl_activity_v1_20260722_193606/reports/power_hbm_642a9ec38a96/qwen_128/power.rpt,/home/yh3525/FYP/PLENA_Simulator/Workspace/area_new_power_calibration/runs/full_rtl_activity_v1_20260722_193606/reports/power_hbm_642a9ec38a96/qwen_128/dc_power.log,rtl_vcd_mapped_dc,"{""accepted_actions"": 128, ""activity_fingerprint"": ""23e4e241fef60ca679255785f97c516728140dd712ddaa626f9f02cc4ea9f7c3"", ""clock_features"": {""control_hbm"": 12288.0, ""matrix_pe"": 0.0, ""scalar_machine"": 0.0, ""vector_lane"": 0.0}, ""clock_period_ns"": 1.0, ""completed_actions"": 128, ""component"": ""hbm"", ""dynamic_features"": {""control.frontend_issue"": 0.0, ""hbm.byte"": 2016.0, ""hbm.dma_issue"": 128.0, ""hbm.line"": 69.0, ""matrix.active_mac_bit_product"": 0.0, ""matrix.matrix_vector_bit_product"": 0.0, ""matrix.output_bit"": 0.0, ""scalar.fp_add_sub_move_bit"": 0.0, ""scalar.fp_multiply_bit2"": 0.0, ""scalar.fp_sfu_bit2"": 0.0, ""scalar.integer_alu_bit"": 0.0, ""scalar.register_access_bit"": 0.0, ""vector.lane_add_sub_bit"": 0.0, ""vector.lane_movement_bit"": 0.0, ""vector.lane_multiply_bit2"": 0.0, ""vector.lane_sfu_bit2"": 0.0, ""vector.reduction_node_bit"": 0.0}, ""measurement_cycles"": 12288, ""measurement_end_ns"": 12296.0, ""measurement_start_ns"": 8.0, ""params"": {""ACT_WIDTH"": ""MXFP_E4M3"", ""BLEN"": 8, ""BLOCK_DIM"": 8, ""HBM_M_Prefetch_Amount"": 32, ""HBM_V_Prefetch_Amount"": 8, ""HBM_V_Writeback_Amount"": 8, ""KV_WIDTH"": ""MXFP_E4M3"", ""MLEN"": 32, ""MX_SCALE_WIDTH"": 8, ""VLEN"": 32, ""WEIGHT_WIDTH"": ""MXFP_E4M3""}, ""pattern"": ""representative-qwen"", ""requested_actions"": 128, ""schema_version"": 1, ""seed"": 20260722}",28946.694274,1,0,1,,12.448,394804,23e4e241fef60ca679255785f97c516728140dd712ddaa626f9f02cc4ea9f7c3,8.0,12296.0,12288,128,128,gzip_validation,2026-07-22T20:53:05.231706+00:00,2026-07-22T20:54:13.978469+00:00,69.07,2067052,,45352,45352,100.0,partial_noncritical,/home/yh3525/FYP/PLENA_Simulator/Workspace/area_new_power_calibration/runs/full_rtl_activity_v1_20260722_193606/reports/power_hbm_642a9ec38a96/qwen_128/power.saif_map.rpt,/home/yh3525/FYP/PLENA_Simulator/Workspace/area_new_power_calibration/runs/full_rtl_activity_v1_20260722_193606/reports/power_hbm_642a9ec38a96/qwen_128/power.coverage.rpt,/home/yh3525/FYP/PLENA_Simulator/Workspace/area_new_power_calibration/runs/full_rtl_activity_v1_20260722_193606/reports/power_hbm_642a9ec38a96/qwen_128/verilator_saif.namemap,244,,unsupported_by_dc_2024_09
power_hbm_mxfp,power_hbm_642a9ec38a96,hbm,random_128,random,128,complete,12288.0,0.0108187,51.7137,51.7245,0.0245256,635590.656,,/home/yh3525/FYP/PLENA_Simulator/Workspace/area_new_power_calibration/runs/full_rtl_activity_v1_20260722_193606/activity/power_hbm_642a9ec38a96/random_128.vcd.gz,/home/yh3525/FYP/PLENA_Simulator/Workspace/area_new_power_calibration/runs/full_rtl_activity_v1_20260722_193606/reports/power_hbm_642a9ec38a96/random_128/power.rpt,/home/yh3525/FYP/PLENA_Simulator/Workspace/area_new_power_calibration/runs/full_rtl_activity_v1_20260722_193606/reports/power_hbm_642a9ec38a96/random_128/dc_power.log,rtl_vcd_mapped_dc,"{""accepted_actions"": 128, ""activity_fingerprint"": ""23e4e241fef60ca679255785f97c516728140dd712ddaa626f9f02cc4ea9f7c3"", ""clock_features"": {""control_hbm"": 12288.0, ""matrix_pe"": 0.0, ""scalar_machine"": 0.0, ""vector_lane"": 0.0}, ""clock_period_ns"": 1.0, ""completed_actions"": 128, ""component"": ""hbm"", ""dynamic_features"": {""control.frontend_issue"": 0.0, ""hbm.byte"": 2016.0, ""hbm.dma_issue"": 128.0, ""hbm.line"": 69.0, ""matrix.active_mac_bit_product"": 0.0, ""matrix.matrix_vector_bit_product"": 0.0, ""matrix.output_bit"": 0.0, ""scalar.fp_add_sub_move_bit"": 0.0, ""scalar.fp_multiply_bit2"": 0.0, ""scalar.fp_sfu_bit2"": 0.0, ""scalar.integer_alu_bit"": 0.0, ""scalar.register_access_bit"": 0.0, ""vector.lane_add_sub_bit"": 0.0, ""vector.lane_movement_bit"": 0.0, ""vector.lane_multiply_bit2"": 0.0, ""vector.lane_sfu_bit2"": 0.0, ""vector.reduction_node_bit"": 0.0}, ""measurement_cycles"": 12288, ""measurement_end_ns"": 12296.0, ""measurement_start_ns"": 8.0, ""params"": {""ACT_WIDTH"": ""MXFP_E4M3"", ""BLEN"": 8, ""BLOCK_DIM"": 8, ""HBM_M_Prefetch_Amount"": 32, ""HBM_V_Prefetch_Amount"": 8, ""HBM_V_Writeback_Amount"": 8, ""KV_WIDTH"": ""MXFP_E4M3"", ""MLEN"": 32, ""MX_SCALE_WIDTH"": 8, ""VLEN"": 32, ""WEIGHT_WIDTH"": ""MXFP_E4M3""}, ""pattern"": ""random"", ""requested_actions"": 128, ""schema_version"": 1, ""seed"": 20260722}",28946.694274,1,0,1,,12.407,395692,23e4e241fef60ca679255785f97c516728140dd712ddaa626f9f02cc4ea9f7c3,8.0,12296.0,12288,128,128,gzip_validation,2026-07-22T20:51:31.112562+00:00,2026-07-22T20:52:40.841645+00:00,70.057,2068024,,45352,45352,100.0,partial_noncritical,/home/yh3525/FYP/PLENA_Simulator/Workspace/area_new_power_calibration/runs/full_rtl_activity_v1_20260722_193606/reports/power_hbm_642a9ec38a96/random_128/power.saif_map.rpt,/home/yh3525/FYP/PLENA_Simulator/Workspace/area_new_power_calibration/runs/full_rtl_activity_v1_20260722_193606/reports/power_hbm_642a9ec38a96/random_128/power.coverage.rpt,/home/yh3525/FYP/PLENA_Simulator/Workspace/area_new_power_calibration/runs/full_rtl_activity_v1_20260722_193606/reports/power_hbm_642a9ec38a96/random_128/verilator_saif.namemap,244,,unsupported_by_dc_2024_09
power_hbm_mxfp,power_hbm_642a9ec38a96,hbm,random_32,random,32,complete,3072.0,0.0179146,51.7096,51.7276,0.024526700000000002,158907.18720000001,,/home/yh3525/FYP/PLENA_Simulator/Workspace/area_new_power_calibration/runs/full_rtl_activity_v1_20260722_193606/activity/power_hbm_642a9ec38a96/random_32.vcd.gz,/home/yh3525/FYP/PLENA_Simulator/Workspace/area_new_power_calibration/runs/full_rtl_activity_v1_20260722_193606/reports/power_hbm_642a9ec38a96/random_32/power.rpt,/home/yh3525/FYP/PLENA_Simulator/Workspace/area_new_power_calibration/runs/full_rtl_activity_v1_20260722_193606/reports/power_hbm_642a9ec38a96/random_32/dc_power.log,rtl_vcd_mapped_dc,"{""accepted_actions"": 32, ""activity_fingerprint"": ""23e4e241fef60ca679255785f97c516728140dd712ddaa626f9f02cc4ea9f7c3"", ""clock_features"": {""control_hbm"": 3072.0, ""matrix_pe"": 0.0, ""scalar_machine"": 0.0, ""vector_lane"": 0.0}, ""clock_period_ns"": 1.0, ""completed_actions"": 32, ""component"": ""hbm"", ""dynamic_features"": {""control.frontend_issue"": 0.0, ""hbm.byte"": 2016.0, ""hbm.dma_issue"": 32.0, ""hbm.line"": 69.0, ""matrix.active_mac_bit_product"": 0.0, ""matrix.matrix_vector_bit_product"": 0.0, ""matrix.output_bit"": 0.0, ""scalar.fp_add_sub_move_bit"": 0.0, ""scalar.fp_multiply_bit2"": 0.0, ""scalar.fp_sfu_bit2"": 0.0, ""scalar.integer_alu_bit"": 0.0, ""scalar.register_access_bit"": 0.0, ""vector.lane_add_sub_bit"": 0.0, ""vector.lane_movement_bit"": 0.0, ""vector.lane_multiply_bit2"": 0.0, ""vector.lane_sfu_bit2"": 0.0, ""vector.reduction_node_bit"": 0.0}, ""measurement_cycles"": 3072, ""measurement_end_ns"": 3080.0, ""measurement_start_ns"": 8.0, ""params"": {""ACT_WIDTH"": ""MXFP_E4M3"", ""BLEN"": 8, ""BLOCK_DIM"": 8, ""HBM_M_Prefetch_Amount"": 32, ""HBM_V_Prefetch_Amount"": 8, ""HBM_V_Writeback_Amount"": 8, ""KV_WIDTH"": ""MXFP_E4M3"", ""MLEN"": 32, ""MX_SCALE_WIDTH"": 8, ""VLEN"": 32, ""WEIGHT_WIDTH"": ""MXFP_E4M3""}, ""pattern"": ""random"", ""requested_actions"": 32, ""schema_version"": 1, ""seed"": 20260722}",28946.694274,1,0,1,,7.159,394064,23e4e241fef60ca679255785f97c516728140dd712ddaa626f9f02cc4ea9f7c3,8.0,3080.0,3072,32,32,gzip_validation,2026-07-22T20:51:06.174388+00:00,2026-07-22T20:52:16.113652+00:00,70.268,2069080,,45352,45352,100.0,partial_noncritical,/home/yh3525/FYP/PLENA_Simulator/Workspace/area_new_power_calibration/runs/full_rtl_activity_v1_20260722_193606/reports/power_hbm_642a9ec38a96/random_32/power.saif_map.rpt,/home/yh3525/FYP/PLENA_Simulator/Workspace/area_new_power_calibration/runs/full_rtl_activity_v1_20260722_193606/reports/power_hbm_642a9ec38a96/random_32/power.coverage.rpt,/home/yh3525/FYP/PLENA_Simulator/Workspace/area_new_power_calibration/runs/full_rtl_activity_v1_20260722_193606/reports/power_hbm_642a9ec38a96/random_32/verilator_saif.namemap,244,,unsupported_by_dc_2024_09
power_hbm_mxfp,power_hbm_642a9ec38a96,hbm,random_512,random,512,complete,49152.0,0.0108795,51.7155,51.7264,0.0245265,2542456.0127999997,,/home/yh3525/FYP/PLENA_Simulator/Workspace/area_new_power_calibration/runs/full_rtl_activity_v1_20260722_193606/activity/power_hbm_642a9ec38a96/random_512.vcd.gz,/home/yh3525/FYP/PLENA_Simulator/Workspace/area_new_power_calibration/runs/full_rtl_activity_v1_20260722_193606/reports/power_hbm_642a9ec38a96/random_512/power.rpt,/home/yh3525/FYP/PLENA_Simulator/Workspace/area_new_power_calibration/runs/full_rtl_activity_v1_20260722_193606/reports/power_hbm_642a9ec38a96/random_512/dc_power.log,rtl_vcd_mapped_dc,"{""accepted_actions"": 512, ""activity_fingerprint"": ""23e4e241fef60ca679255785f97c516728140dd712ddaa626f9f02cc4ea9f7c3"", ""clock_features"": {""control_hbm"": 49152.0, ""matrix_pe"": 0.0, ""scalar_machine"": 0.0, ""vector_lane"": 0.0}, ""clock_period_ns"": 1.0, ""completed_actions"": 512, ""component"": ""hbm"", ""dynamic_features"": {""control.frontend_issue"": 0.0, ""hbm.byte"": 2016.0, ""hbm.dma_issue"": 512.0, ""hbm.line"": 69.0, ""matrix.active_mac_bit_product"": 0.0, ""matrix.matrix_vector_bit_product"": 0.0, ""matrix.output_bit"": 0.0, ""scalar.fp_add_sub_move_bit"": 0.0, ""scalar.fp_multiply_bit2"": 0.0, ""scalar.fp_sfu_bit2"": 0.0, ""scalar.integer_alu_bit"": 0.0, ""scalar.register_access_bit"": 0.0, ""vector.lane_add_sub_bit"": 0.0, ""vector.lane_movement_bit"": 0.0, ""vector.lane_multiply_bit2"": 0.0, ""vector.lane_sfu_bit2"": 0.0, ""vector.reduction_node_bit"": 0.0}, ""measurement_cycles"": 49152, ""measurement_end_ns"": 49160.0, ""measurement_start_ns"": 8.0, ""params"": {""ACT_WIDTH"": ""MXFP_E4M3"", ""BLEN"": 8, ""BLOCK_DIM"": 8, ""HBM_M_Prefetch_Amount"": 32, ""HBM_V_Prefetch_Amount"": 8, ""HBM_V_Writeback_Amount"": 8, ""KV_WIDTH"": ""MXFP_E4M3"", ""MLEN"": 32, ""MX_SCALE_WIDTH"": 8, ""VLEN"": 32, ""WEIGHT_WIDTH"": ""MXFP_E4M3""}, ""pattern"": ""random"", ""requested_actions"": 512, ""schema_version"": 1, ""seed"": 20260722}",28946.694274,1,0,1,,34.551,394324,23e4e241fef60ca679255785f97c516728140dd712ddaa626f9f02cc4ea9f7c3,8.0,49160.0,49152,512,512,gzip_validation,2026-07-22T20:52:40.050338+00:00,2026-07-22T20:53:55.298993+00:00,75.573,2067492,,45352,45352,100.0,partial_noncritical,/home/yh3525/FYP/PLENA_Simulator/Workspace/area_new_power_calibration/runs/full_rtl_activity_v1_20260722_193606/reports/power_hbm_642a9ec38a96/random_512/power.saif_map.rpt,/home/yh3525/FYP/PLENA_Simulator/Workspace/area_new_power_calibration/runs/full_rtl_activity_v1_20260722_193606/reports/power_hbm_642a9ec38a96/random_512/power.coverage.rpt,/home/yh3525/FYP/PLENA_Simulator/Workspace/area_new_power_calibration/runs/full_rtl_activity_v1_20260722_193606/reports/power_hbm_642a9ec38a96/random_512/verilator_saif.namemap,244,,unsupported_by_dc_2024_09
power_hbm_mxint,power_hbm_99bb3f66a0f1,hbm,idle_128,idle,128,complete,12288.0,0.0,56.3133,56.3133,0.0254043,691977.8304,,/home/yh3525/FYP/PLENA_Simulator/Workspace/area_new_power_calibration/runs/full_rtl_activity_v1_20260722_193606/activity/power_hbm_99bb3f66a0f1/idle_128.vcd,/home/yh3525/FYP/PLENA_Simulator/Workspace/area_new_power_calibration/runs/full_rtl_activity_v1_20260722_193606/reports/power_hbm_99bb3f66a0f1/idle_128/power.rpt,/home/yh3525/FYP/PLENA_Simulator/Workspace/area_new_power_calibration/runs/full_rtl_activity_v1_20260722_193606/reports/power_hbm_99bb3f66a0f1/idle_128/dc_power.log,rtl_vcd_mapped_dc,"{""accepted_actions"": 0, ""activity_fingerprint"": ""ed8a9c8227eb64927679ba5a6acb63987f125f9e9ed0d379b7d52a72add8651d"", ""clock_features"": {""control_hbm"": 12288.0, ""matrix_pe"": 0.0, ""scalar_machine"": 0.0, ""vector_lane"": 0.0}, ""clock_period_ns"": 1.0, ""completed_actions"": 0, ""component"": ""hbm"", ""dynamic_features"": {""control.frontend_issue"": 0.0, ""hbm.byte"": 0.0, ""hbm.dma_issue"": 0.0, ""hbm.line"": 0.0, ""matrix.active_mac_bit_product"": 0.0, ""matrix.matrix_vector_bit_product"": 0.0, ""matrix.output_bit"": 0.0, ""scalar.fp_add_sub_move_bit"": 0.0, ""scalar.fp_multiply_bit2"": 0.0, ""scalar.fp_sfu_bit2"": 0.0, ""scalar.integer_alu_bit"": 0.0, ""scalar.register_access_bit"": 0.0, ""vector.lane_add_sub_bit"": 0.0, ""vector.lane_movement_bit"": 0.0, ""vector.lane_multiply_bit2"": 0.0, ""vector.lane_sfu_bit2"": 0.0, ""vector.reduction_node_bit"": 0.0}, ""measurement_cycles"": 12288, ""measurement_end_ns"": 12296.0, ""measurement_start_ns"": 8.0, ""params"": {""ACT_WIDTH"": ""MXINT4"", ""BLEN"": 8, ""BLOCK_DIM"": 8, ""HBM_M_Prefetch_Amount"": 32, ""HBM_V_Prefetch_Amount"": 8, ""HBM_V_Writeback_Amount"": 8, ""KV_WIDTH"": ""MXINT4"", ""MLEN"": 32, ""MX_SCALE_WIDTH"": 8, ""VLEN"": 32, ""WEIGHT_WIDTH"": ""MXINT4""}, ""pattern"": ""idle"", ""requested_actions"": 128, ""schema_version"": 1, ""seed"": 20260722}",30360.968795,0,0,1,,12.424,394472,ed8a9c8227eb64927679ba5a6acb63987f125f9e9ed0d379b7d52a72add8651d,8.0,12296.0,12288,0,0,hash_sidecar_only,2026-07-22T20:47:30.978328+00:00,2026-07-22T20:48:39.919561+00:00,69.278,2050052,,48120,48120,100.0,partial_noncritical,/home/yh3525/FYP/PLENA_Simulator/Workspace/area_new_power_calibration/runs/full_rtl_activity_v1_20260722_193606/reports/power_hbm_99bb3f66a0f1/idle_128/power.saif_map.rpt,/home/yh3525/FYP/PLENA_Simulator/Workspace/area_new_power_calibration/runs/full_rtl_activity_v1_20260722_193606/reports/power_hbm_99bb3f66a0f1/idle_128/power.coverage.rpt,/home/yh3525/FYP/PLENA_Simulator/Workspace/area_new_power_calibration/runs/full_rtl_activity_v1_20260722_193606/reports/power_hbm_99bb3f66a0f1/idle_128/verilator_saif.namemap,244,,unsupported_by_dc_2024_09
power_hbm_mxint,power_hbm_99bb3f66a0f1,hbm,idle_32,idle,32,complete,3072.0,0.0,56.3133,56.3133,0.0254043,172994.4576,,/home/yh3525/FYP/PLENA_Simulator/Workspace/area_new_power_calibration/runs/full_rtl_activity_v1_20260722_193606/activity/power_hbm_99bb3f66a0f1/idle_32.vcd,/home/yh3525/FYP/PLENA_Simulator/Workspace/area_new_power_calibration/runs/full_rtl_activity_v1_20260722_193606/reports/power_hbm_99bb3f66a0f1/idle_32/power.rpt,/home/yh3525/FYP/PLENA_Simulator/Workspace/area_new_power_calibration/runs/full_rtl_activity_v1_20260722_193606/reports/power_hbm_99bb3f66a0f1/idle_32/dc_power.log,rtl_vcd_mapped_dc,"{""accepted_actions"": 0, ""activity_fingerprint"": ""ed8a9c8227eb64927679ba5a6acb63987f125f9e9ed0d379b7d52a72add8651d"", ""clock_features"": {""control_hbm"": 3072.0, ""matrix_pe"": 0.0, ""scalar_machine"": 0.0, ""vector_lane"": 0.0}, ""clock_period_ns"": 1.0, ""completed_actions"": 0, ""component"": ""hbm"", ""dynamic_features"": {""control.frontend_issue"": 0.0, ""hbm.byte"": 0.0, ""hbm.dma_issue"": 0.0, ""hbm.line"": 0.0, ""matrix.active_mac_bit_product"": 0.0, ""matrix.matrix_vector_bit_product"": 0.0, ""matrix.output_bit"": 0.0, ""scalar.fp_add_sub_move_bit"": 0.0, ""scalar.fp_multiply_bit2"": 0.0, ""scalar.fp_sfu_bit2"": 0.0, ""scalar.integer_alu_bit"": 0.0, ""scalar.register_access_bit"": 0.0, ""vector.lane_add_sub_bit"": 0.0, ""vector.lane_movement_bit"": 0.0, ""vector.lane_multiply_bit2"": 0.0, ""vector.lane_sfu_bit2"": 0.0, ""vector.reduction_node_bit"": 0.0}, ""measurement_cycles"": 3072, ""measurement_end_ns"": 3080.0, ""measurement_start_ns"": 8.0, ""params"": {""ACT_WIDTH"": ""MXINT4"", ""BLEN"": 8, ""BLOCK_DIM"": 8, ""HBM_M_Prefetch_Amount"": 32, ""HBM_V_Prefetch_Amount"": 8, ""HBM_V_Writeback_Amount"": 8, ""KV_WIDTH"": ""MXINT4"", ""MLEN"": 32, ""MX_SCALE_WIDTH"": 8, ""VLEN"": 32, ""WEIGHT_WIDTH"": ""MXINT4""}, ""pattern"": ""idle"", ""requested_actions"": 32, ""schema_version"": 1, ""seed"": 20260722}",30360.968795,0,0,1,,74.47,574456,ed8a9c8227eb64927679ba5a6acb63987f125f9e9ed0d379b7d52a72add8651d,8.0,3080.0,3072,0,0,hash_sidecar_only,2026-07-22T20:47:11.278275+00:00,2026-07-22T20:48:22.779392+00:00,71.874,2047092,,48120,48120,100.0,partial_noncritical,/home/yh3525/FYP/PLENA_Simulator/Workspace/area_new_power_calibration/runs/full_rtl_activity_v1_20260722_193606/reports/power_hbm_99bb3f66a0f1/idle_32/power.saif_map.rpt,/home/yh3525/FYP/PLENA_Simulator/Workspace/area_new_power_calibration/runs/full_rtl_activity_v1_20260722_193606/reports/power_hbm_99bb3f66a0f1/idle_32/power.coverage.rpt,/home/yh3525/FYP/PLENA_Simulator/Workspace/area_new_power_calibration/runs/full_rtl_activity_v1_20260722_193606/reports/power_hbm_99bb3f66a0f1/idle_32/verilator_saif.namemap,244,,unsupported_by_dc_2024_09
power_hbm_mxint,power_hbm_99bb3f66a0f1,hbm,idle_512,idle,512,complete,49152.0,0.0,56.3133,56.3133,0.0254043,2767911.3216,,/home/yh3525/FYP/PLENA_Simulator/Workspace/area_new_power_calibration/runs/full_rtl_activity_v1_20260722_193606/activity/power_hbm_99bb3f66a0f1/idle_512.vcd,/home/yh3525/FYP/PLENA_Simulator/Workspace/area_new_power_calibration/runs/full_rtl_activity_v1_20260722_193606/reports/power_hbm_99bb3f66a0f1/idle_512/power.rpt,/home/yh3525/FYP/PLENA_Simulator/Workspace/area_new_power_calibration/runs/full_rtl_activity_v1_20260722_193606/reports/power_hbm_99bb3f66a0f1/idle_512/dc_power.log,rtl_vcd_mapped_dc,"{""accepted_actions"": 0, ""activity_fingerprint"": ""ed8a9c8227eb64927679ba5a6acb63987f125f9e9ed0d379b7d52a72add8651d"", ""clock_features"": {""control_hbm"": 49152.0, ""matrix_pe"": 0.0, ""scalar_machine"": 0.0, ""vector_lane"": 0.0}, ""clock_period_ns"": 1.0, ""completed_actions"": 0, ""component"": ""hbm"", ""dynamic_features"": {""control.frontend_issue"": 0.0, ""hbm.byte"": 0.0, ""hbm.dma_issue"": 0.0, ""hbm.line"": 0.0, ""matrix.active_mac_bit_product"": 0.0, ""matrix.matrix_vector_bit_product"": 0.0, ""matrix.output_bit"": 0.0, ""scalar.fp_add_sub_move_bit"": 0.0, ""scalar.fp_multiply_bit2"": 0.0, ""scalar.fp_sfu_bit2"": 0.0, ""scalar.integer_alu_bit"": 0.0, ""scalar.register_access_bit"": 0.0, ""vector.lane_add_sub_bit"": 0.0, ""vector.lane_movement_bit"": 0.0, ""vector.lane_multiply_bit2"": 0.0, ""vector.lane_sfu_bit2"": 0.0, ""vector.reduction_node_bit"": 0.0}, ""measurement_cycles"": 49152, ""measurement_end_ns"": 49160.0, ""measurement_start_ns"": 8.0, ""params"": {""ACT_WIDTH"": ""MXINT4"", ""BLEN"": 8, ""BLOCK_DIM"": 8, ""HBM_M_Prefetch_Amount"": 32, ""HBM_V_Prefetch_Amount"": 8, ""HBM_V_Writeback_Amount"": 8, ""KV_WIDTH"": ""MXINT4"", ""MLEN"": 32, ""MX_SCALE_WIDTH"": 8, ""VLEN"": 32, ""WEIGHT_WIDTH"": ""MXINT4""}, ""pattern"": ""idle"", ""requested_actions"": 512, ""schema_version"": 1, ""seed"": 20260722}",30360.968795,0,0,1,,34.316,394248,ed8a9c8227eb64927679ba5a6acb63987f125f9e9ed0d379b7d52a72add8651d,8.0,49160.0,49152,0,0,hash_sidecar_only,2026-07-22T20:48:17.737258+00:00,2026-07-22T20:49:27.262278+00:00,69.87,2049144,,48120,48120,100.0,partial_noncritical,/home/yh3525/FYP/PLENA_Simulator/Workspace/area_new_power_calibration/runs/full_rtl_activity_v1_20260722_193606/reports/power_hbm_99bb3f66a0f1/idle_512/power.saif_map.rpt,/home/yh3525/FYP/PLENA_Simulator/Workspace/area_new_power_calibration/runs/full_rtl_activity_v1_20260722_193606/reports/power_hbm_99bb3f66a0f1/idle_512/power.coverage.rpt,/home/yh3525/FYP/PLENA_Simulator/Workspace/area_new_power_calibration/runs/full_rtl_activity_v1_20260722_193606/reports/power_hbm_99bb3f66a0f1/idle_512/verilator_saif.namemap,244,,unsupported_by_dc_2024_09
power_hbm_mxint,power_hbm_99bb3f66a0f1,hbm,low_toggle_128,low-toggle,128,complete,12288.0,0.0110912,56.3123,56.3233,0.0254517,692100.7104,,/home/yh3525/FYP/PLENA_Simulator/Workspace/area_new_power_calibration/runs/full_rtl_activity_v1_20260722_193606/activity/power_hbm_99bb3f66a0f1/low_toggle_128.vcd,/home/yh3525/FYP/PLENA_Simulator/Workspace/area_new_power_calibration/runs/full_rtl_activity_v1_20260722_193606/reports/power_hbm_99bb3f66a0f1/low_toggle_128/power.rpt,/home/yh3525/FYP/PLENA_Simulator/Workspace/area_new_power_calibration/runs/full_rtl_activity_v1_20260722_193606/reports/power_hbm_99bb3f66a0f1/low_toggle_128/dc_power.log,rtl_vcd_mapped_dc,"{""accepted_actions"": 128, ""activity_fingerprint"": ""ed8a9c8227eb64927679ba5a6acb63987f125f9e9ed0d379b7d52a72add8651d"", ""clock_features"": {""control_hbm"": 12288.0, ""matrix_pe"": 0.0, ""scalar_machine"": 0.0, ""vector_lane"": 0.0}, ""clock_period_ns"": 1.0, ""completed_actions"": 128, ""component"": ""hbm"", ""dynamic_features"": {""control.frontend_issue"": 0.0, ""hbm.byte"": 1088.0, ""hbm.dma_issue"": 128.0, ""hbm.line"": 69.0, ""matrix.active_mac_bit_product"": 0.0, ""matrix.matrix_vector_bit_product"": 0.0, ""matrix.output_bit"": 0.0, ""scalar.fp_add_sub_move_bit"": 0.0, ""scalar.fp_multiply_bit2"": 0.0, ""scalar.fp_sfu_bit2"": 0.0, ""scalar.integer_alu_bit"": 0.0, ""scalar.register_access_bit"": 0.0, ""vector.lane_add_sub_bit"": 0.0, ""vector.lane_movement_bit"": 0.0, ""vector.lane_multiply_bit2"": 0.0, ""vector.lane_sfu_bit2"": 0.0, ""vector.reduction_node_bit"": 0.0}, ""measurement_cycles"": 12288, ""measurement_end_ns"": 12296.0, ""measurement_start_ns"": 8.0, ""params"": {""ACT_WIDTH"": ""MXINT4"", ""BLEN"": 8, ""BLOCK_DIM"": 8, ""HBM_M_Prefetch_Amount"": 32, ""HBM_V_Prefetch_Amount"": 8, ""HBM_V_Writeback_Amount"": 8, ""KV_WIDTH"": ""MXINT4"", ""MLEN"": 32, ""MX_SCALE_WIDTH"": 8, ""VLEN"": 32, ""WEIGHT_WIDTH"": ""MXINT4""}, ""pattern"": ""low-toggle"", ""requested_actions"": 128, ""schema_version"": 1, ""seed"": 20260722}",30360.968795,0,0,1,,12.771,394952,ed8a9c8227eb64927679ba5a6acb63987f125f9e9ed0d379b7d52a72add8651d,8.0,12296.0,12288,128,128,hash_sidecar_only,2026-07-22T20:49:05.145499+00:00,2026-07-22T20:50:17.242836+00:00,72.446,2052204,,48120,48120,100.0,partial_noncritical,/home/yh3525/FYP/PLENA_Simulator/Workspace/area_new_power_calibration/runs/full_rtl_activity_v1_20260722_193606/reports/power_hbm_99bb3f66a0f1/low_toggle_128/power.saif_map.rpt,/home/yh3525/FYP/PLENA_Simulator/Workspace/area_new_power_calibration/runs/full_rtl_activity_v1_20260722_193606/reports/power_hbm_99bb3f66a0f1/low_toggle_128/power.coverage.rpt,/home/yh3525/FYP/PLENA_Simulator/Workspace/area_new_power_calibration/runs/full_rtl_activity_v1_20260722_193606/reports/power_hbm_99bb3f66a0f1/low_toggle_128/verilator_saif.namemap,244,,unsupported_by_dc_2024_09
power_hbm_mxint,power_hbm_99bb3f66a0f1,hbm,mixed_holdout_128,mixed-kernel-holdout,128,complete,12288.0,0.0109605,56.3123,56.3233,0.0254576,692100.7104,,/home/yh3525/FYP/PLENA_Simulator/Workspace/area_new_power_calibration/runs/full_rtl_activity_v1_20260722_193606/activity/power_hbm_99bb3f66a0f1/mixed_holdout_128.vcd.gz,/home/yh3525/FYP/PLENA_Simulator/Workspace/area_new_power_calibration/runs/full_rtl_activity_v1_20260722_193606/reports/power_hbm_99bb3f66a0f1/mixed_holdout_128/power.rpt,/home/yh3525/FYP/PLENA_Simulator/Workspace/area_new_power_calibration/runs/full_rtl_activity_v1_20260722_193606/reports/power_hbm_99bb3f66a0f1/mixed_holdout_128/dc_power.log,rtl_vcd_mapped_dc,"{""accepted_actions"": 128, ""activity_fingerprint"": ""ed8a9c8227eb64927679ba5a6acb63987f125f9e9ed0d379b7d52a72add8651d"", ""clock_features"": {""control_hbm"": 12288.0, ""matrix_pe"": 0.0, ""scalar_machine"": 0.0, ""vector_lane"": 0.0}, ""clock_period_ns"": 1.0, ""completed_actions"": 128, ""component"": ""hbm"", ""dynamic_features"": {""control.frontend_issue"": 0.0, ""hbm.byte"": 1088.0, ""hbm.dma_issue"": 128.0, ""hbm.line"": 69.0, ""matrix.active_mac_bit_product"": 0.0, ""matrix.matrix_vector_bit_product"": 0.0, ""matrix.output_bit"": 0.0, ""scalar.fp_add_sub_move_bit"": 0.0, ""scalar.fp_multiply_bit2"": 0.0, ""scalar.fp_sfu_bit2"": 0.0, ""scalar.integer_alu_bit"": 0.0, ""scalar.register_access_bit"": 0.0, ""vector.lane_add_sub_bit"": 0.0, ""vector.lane_movement_bit"": 0.0, ""vector.lane_multiply_bit2"": 0.0, ""vector.lane_sfu_bit2"": 0.0, ""vector.reduction_node_bit"": 0.0}, ""measurement_cycles"": 12288, ""measurement_end_ns"": 12296.0, ""measurement_start_ns"": 8.0, ""params"": {""ACT_WIDTH"": ""MXINT4"", ""BLEN"": 8, ""BLOCK_DIM"": 8, ""HBM_M_Prefetch_Amount"": 32, ""HBM_V_Prefetch_Amount"": 8, ""HBM_V_Writeback_Amount"": 8, ""KV_WIDTH"": ""MXINT4"", ""MLEN"": 32, ""MX_SCALE_WIDTH"": 8, ""VLEN"": 32, ""WEIGHT_WIDTH"": ""MXINT4""}, ""pattern"": ""mixed-kernel-holdout"", ""requested_actions"": 128, ""schema_version"": 1, ""seed"": 20260722}",30360.968795,0,0,1,,12.564,394984,ed8a9c8227eb64927679ba5a6acb63987f125f9e9ed0d379b7d52a72add8651d,8.0,12296.0,12288,128,128,gzip_validation,2026-07-22T20:49:30.325254+00:00,2026-07-22T20:50:42.216909+00:00,72.235,2049632,,48120,48120,100.0,partial_noncritical,/home/yh3525/FYP/PLENA_Simulator/Workspace/area_new_power_calibration/runs/full_rtl_activity_v1_20260722_193606/reports/power_hbm_99bb3f66a0f1/mixed_holdout_128/power.saif_map.rpt,/home/yh3525/FYP/PLENA_Simulator/Workspace/area_new_power_calibration/runs/full_rtl_activity_v1_20260722_193606/reports/power_hbm_99bb3f66a0f1/mixed_holdout_128/power.coverage.rpt,/home/yh3525/FYP/PLENA_Simulator/Workspace/area_new_power_calibration/runs/full_rtl_activity_v1_20260722_193606/reports/power_hbm_99bb3f66a0f1/mixed_holdout_128/verilator_saif.namemap,244,,unsupported_by_dc_2024_09
power_hbm_mxint,power_hbm_99bb3f66a0f1,hbm,qwen_128,representative-qwen,128,complete,12288.0,0.0113056,56.3121,56.3234,0.0254525,692101.9392,,/home/yh3525/FYP/PLENA_Simulator/Workspace/area_new_power_calibration/runs/full_rtl_activity_v1_20260722_193606/activity/power_hbm_99bb3f66a0f1/qwen_128.vcd.gz,/home/yh3525/FYP/PLENA_Simulator/Workspace/area_new_power_calibration/runs/full_rtl_activity_v1_20260722_193606/reports/power_hbm_99bb3f66a0f1/qwen_128/power.rpt,/home/yh3525/FYP/PLENA_Simulator/Workspace/area_new_power_calibration/runs/full_rtl_activity_v1_20260722_193606/reports/power_hbm_99bb3f66a0f1/qwen_128/dc_power.log,rtl_vcd_mapped_dc,"{""accepted_actions"": 128, ""activity_fingerprint"": ""ed8a9c8227eb64927679ba5a6acb63987f125f9e9ed0d379b7d52a72add8651d"", ""clock_features"": {""control_hbm"": 12288.0, ""matrix_pe"": 0.0, ""scalar_machine"": 0.0, ""vector_lane"": 0.0}, ""clock_period_ns"": 1.0, ""completed_actions"": 128, ""component"": ""hbm"", ""dynamic_features"": {""control.frontend_issue"": 0.0, ""hbm.byte"": 1088.0, ""hbm.dma_issue"": 128.0, ""hbm.line"": 69.0, ""matrix.active_mac_bit_product"": 0.0, ""matrix.matrix_vector_bit_product"": 0.0, ""matrix.output_bit"": 0.0, ""scalar.fp_add_sub_move_bit"": 0.0, ""scalar.fp_multiply_bit2"": 0.0, ""scalar.fp_sfu_bit2"": 0.0, ""scalar.integer_alu_bit"": 0.0, ""scalar.register_access_bit"": 0.0, ""vector.lane_add_sub_bit"": 0.0, ""vector.lane_movement_bit"": 0.0, ""vector.lane_multiply_bit2"": 0.0, ""vector.lane_sfu_bit2"": 0.0, ""vector.reduction_node_bit"": 0.0}, ""measurement_cycles"": 12288, ""measurement_end_ns"": 12296.0, ""measurement_start_ns"": 8.0, ""params"": {""ACT_WIDTH"": ""MXINT4"", ""BLEN"": 8, ""BLOCK_DIM"": 8, ""HBM_M_Prefetch_Amount"": 32, ""HBM_V_Prefetch_Amount"": 8, ""HBM_V_Writeback_Amount"": 8, ""KV_WIDTH"": ""MXINT4"", ""MLEN"": 32, ""MX_SCALE_WIDTH"": 8, ""VLEN"": 32, ""WEIGHT_WIDTH"": ""MXINT4""}, ""pattern"": ""representative-qwen"", ""requested_actions"": 128, ""schema_version"": 1, ""seed"": 20260722}",30360.968795,0,0,1,,12.6,394732,ed8a9c8227eb64927679ba5a6acb63987f125f9e9ed0d379b7d52a72add8651d,8.0,12296.0,12288,128,128,gzip_validation,2026-07-22T20:49:17.741985+00:00,2026-07-22T20:50:29.593514+00:00,72.187,2049584,,48120,48120,100.0,partial_noncritical,/home/yh3525/FYP/PLENA_Simulator/Workspace/area_new_power_calibration/runs/full_rtl_activity_v1_20260722_193606/reports/power_hbm_99bb3f66a0f1/qwen_128/power.saif_map.rpt,/home/yh3525/FYP/PLENA_Simulator/Workspace/area_new_power_calibration/runs/full_rtl_activity_v1_20260722_193606/reports/power_hbm_99bb3f66a0f1/qwen_128/power.coverage.rpt,/home/yh3525/FYP/PLENA_Simulator/Workspace/area_new_power_calibration/runs/full_rtl_activity_v1_20260722_193606/reports/power_hbm_99bb3f66a0f1/qwen_128/verilator_saif.namemap,244,,unsupported_by_dc_2024_09
power_hbm_mxint,power_hbm_99bb3f66a0f1,hbm,random_128,random,128,complete,12288.0,0.010931100000000001,56.3122,56.3232,0.0254571,692099.4816,,/home/yh3525/FYP/PLENA_Simulator/Workspace/area_new_power_calibration/runs/full_rtl_activity_v1_20260722_193606/activity/power_hbm_99bb3f66a0f1/random_128.vcd,/home/yh3525/FYP/PLENA_Simulator/Workspace/area_new_power_calibration/runs/full_rtl_activity_v1_20260722_193606/reports/power_hbm_99bb3f66a0f1/random_128/power.rpt,/home/yh3525/FYP/PLENA_Simulator/Workspace/area_new_power_calibration/runs/full_rtl_activity_v1_20260722_193606/reports/power_hbm_99bb3f66a0f1/random_128/dc_power.log,rtl_vcd_mapped_dc,"{""accepted_actions"": 128, ""activity_fingerprint"": ""ed8a9c8227eb64927679ba5a6acb63987f125f9e9ed0d379b7d52a72add8651d"", ""clock_features"": {""control_hbm"": 12288.0, ""matrix_pe"": 0.0, ""scalar_machine"": 0.0, ""vector_lane"": 0.0}, ""clock_period_ns"": 1.0, ""completed_actions"": 128, ""component"": ""hbm"", ""dynamic_features"": {""control.frontend_issue"": 0.0, ""hbm.byte"": 1088.0, ""hbm.dma_issue"": 128.0, ""hbm.line"": 69.0, ""matrix.active_mac_bit_product"": 0.0, ""matrix.matrix_vector_bit_product"": 0.0, ""matrix.output_bit"": 0.0, ""scalar.fp_add_sub_move_bit"": 0.0, ""scalar.fp_multiply_bit2"": 0.0, ""scalar.fp_sfu_bit2"": 0.0, ""scalar.integer_alu_bit"": 0.0, ""scalar.register_access_bit"": 0.0, ""vector.lane_add_sub_bit"": 0.0, ""vector.lane_movement_bit"": 0.0, ""vector.lane_multiply_bit2"": 0.0, ""vector.lane_sfu_bit2"": 0.0, ""vector.reduction_node_bit"": 0.0}, ""measurement_cycles"": 12288, ""measurement_end_ns"": 12296.0, ""measurement_start_ns"": 8.0, ""params"": {""ACT_WIDTH"": ""MXINT4"", ""BLEN"": 8, ""BLOCK_DIM"": 8, ""HBM_M_Prefetch_Amount"": 32, ""HBM_V_Prefetch_Amount"": 8, ""HBM_V_Writeback_Amount"": 8, ""KV_WIDTH"": ""MXINT4"", ""MLEN"": 32, ""MX_SCALE_WIDTH"": 8, ""VLEN"": 32, ""WEIGHT_WIDTH"": ""MXINT4""}, ""pattern"": ""random"", ""requested_actions"": 128, ""schema_version"": 1, ""seed"": 20260722}",30360.968795,0,0,1,,12.39,394956,ed8a9c8227eb64927679ba5a6acb63987f125f9e9ed0d379b7d52a72add8651d,8.0,12296.0,12288,128,128,hash_sidecar_only,2026-07-22T20:47:43.387113+00:00,2026-07-22T20:48:53.633434+00:00,70.591,2048060,,48120,48120,100.0,partial_noncritical,/home/yh3525/FYP/PLENA_Simulator/Workspace/area_new_power_calibration/runs/full_rtl_activity_v1_20260722_193606/reports/power_hbm_99bb3f66a0f1/random_128/power.saif_map.rpt,/home/yh3525/FYP/PLENA_Simulator/Workspace/area_new_power_calibration/runs/full_rtl_activity_v1_20260722_193606/reports/power_hbm_99bb3f66a0f1/random_128/power.coverage.rpt,/home/yh3525/FYP/PLENA_Simulator/Workspace/area_new_power_calibration/runs/full_rtl_activity_v1_20260722_193606/reports/power_hbm_99bb3f66a0f1/random_128/verilator_saif.namemap,244,,unsupported_by_dc_2024_09
power_hbm_mxint,power_hbm_99bb3f66a0f1,hbm,random_32,random,32,complete,3072.0,0.017348400000000003,56.3103,56.3276,0.0254589,173038.3872,,/home/yh3525/FYP/PLENA_Simulator/Workspace/area_new_power_calibration/runs/full_rtl_activity_v1_20260722_193606/activity/power_hbm_99bb3f66a0f1/random_32.vcd,/home/yh3525/FYP/PLENA_Simulator/Workspace/area_new_power_calibration/runs/full_rtl_activity_v1_20260722_193606/reports/power_hbm_99bb3f66a0f1/random_32/power.rpt,/home/yh3525/FYP/PLENA_Simulator/Workspace/area_new_power_calibration/runs/full_rtl_activity_v1_20260722_193606/reports/power_hbm_99bb3f66a0f1/random_32/dc_power.log,rtl_vcd_mapped_dc,"{""accepted_actions"": 32, ""activity_fingerprint"": ""ed8a9c8227eb64927679ba5a6acb63987f125f9e9ed0d379b7d52a72add8651d"", ""clock_features"": {""control_hbm"": 3072.0, ""matrix_pe"": 0.0, ""scalar_machine"": 0.0, ""vector_lane"": 0.0}, ""clock_period_ns"": 1.0, ""completed_actions"": 32, ""component"": ""hbm"", ""dynamic_features"": {""control.frontend_issue"": 0.0, ""hbm.byte"": 1088.0, ""hbm.dma_issue"": 32.0, ""hbm.line"": 69.0, ""matrix.active_mac_bit_product"": 0.0, ""matrix.matrix_vector_bit_product"": 0.0, ""matrix.output_bit"": 0.0, ""scalar.fp_add_sub_move_bit"": 0.0, ""scalar.fp_multiply_bit2"": 0.0, ""scalar.fp_sfu_bit2"": 0.0, ""scalar.integer_alu_bit"": 0.0, ""scalar.register_access_bit"": 0.0, ""vector.lane_add_sub_bit"": 0.0, ""vector.lane_movement_bit"": 0.0, ""vector.lane_multiply_bit2"": 0.0, ""vector.lane_sfu_bit2"": 0.0, ""vector.reduction_node_bit"": 0.0}, ""measurement_cycles"": 3072, ""measurement_end_ns"": 3080.0, ""measurement_start_ns"": 8.0, ""params"": {""ACT_WIDTH"": ""MXINT4"", ""BLEN"": 8, ""BLOCK_DIM"": 8, ""HBM_M_Prefetch_Amount"": 32, ""HBM_V_Prefetch_Amount"": 8, ""HBM_V_Writeback_Amount"": 8, ""KV_WIDTH"": ""MXINT4"", ""MLEN"": 32, ""MX_SCALE_WIDTH"": 8, ""VLEN"": 32, ""WEIGHT_WIDTH"": ""MXINT4""}, ""pattern"": ""random"", ""requested_actions"": 32, ""schema_version"": 1, ""seed"": 20260722}",30360.968795,0,0,1,,7.297,394728,ed8a9c8227eb64927679ba5a6acb63987f125f9e9ed0d379b7d52a72add8651d,8.0,3080.0,3072,32,32,hash_sidecar_only,2026-07-22T20:47:18.552532+00:00,2026-07-22T20:48:29.056007+00:00,70.848,2050132,,48120,48120,100.0,partial_noncritical,/home/yh3525/FYP/PLENA_Simulator/Workspace/area_new_power_calibration/runs/full_rtl_activity_v1_20260722_193606/reports/power_hbm_99bb3f66a0f1/random_32/power.saif_map.rpt,/home/yh3525/FYP/PLENA_Simulator/Workspace/area_new_power_calibration/runs/full_rtl_activity_v1_20260722_193606/reports/power_hbm_99bb3f66a0f1/random_32/power.coverage.rpt,/home/yh3525/FYP/PLENA_Simulator/Workspace/area_new_power_calibration/runs/full_rtl_activity_v1_20260722_193606/reports/power_hbm_99bb3f66a0f1/random_32/verilator_saif.namemap,244,,unsupported_by_dc_2024_09
power_hbm_mxint,power_hbm_99bb3f66a0f1,hbm,random_512,random,512,complete,49152.0,0.010147999999999999,56.3126,56.3227,0.0254587,2768373.3504,,/home/yh3525/FYP/PLENA_Simulator/Workspace/area_new_power_calibration/runs/full_rtl_activity_v1_20260722_193606/activity/power_hbm_99bb3f66a0f1/random_512.vcd,/home/yh3525/FYP/PLENA_Simulator/Workspace/area_new_power_calibration/runs/full_rtl_activity_v1_20260722_193606/reports/power_hbm_99bb3f66a0f1/random_512/power.rpt,/home/yh3525/FYP/PLENA_Simulator/Workspace/area_new_power_calibration/runs/full_rtl_activity_v1_20260722_193606/reports/power_hbm_99bb3f66a0f1/random_512/dc_power.log,rtl_vcd_mapped_dc,"{""accepted_actions"": 512, ""activity_fingerprint"": ""ed8a9c8227eb64927679ba5a6acb63987f125f9e9ed0d379b7d52a72add8651d"", ""clock_features"": {""control_hbm"": 49152.0, ""matrix_pe"": 0.0, ""scalar_machine"": 0.0, ""vector_lane"": 0.0}, ""clock_period_ns"": 1.0, ""completed_actions"": 512, ""component"": ""hbm"", ""dynamic_features"": {""control.frontend_issue"": 0.0, ""hbm.byte"": 1088.0, ""hbm.dma_issue"": 512.0, ""hbm.line"": 69.0, ""matrix.active_mac_bit_product"": 0.0, ""matrix.matrix_vector_bit_product"": 0.0, ""matrix.output_bit"": 0.0, ""scalar.fp_add_sub_move_bit"": 0.0, ""scalar.fp_multiply_bit2"": 0.0, ""scalar.fp_sfu_bit2"": 0.0, ""scalar.integer_alu_bit"": 0.0, ""scalar.register_access_bit"": 0.0, ""vector.lane_add_sub_bit"": 0.0, ""vector.lane_movement_bit"": 0.0, ""vector.lane_multiply_bit2"": 0.0, ""vector.lane_sfu_bit2"": 0.0, ""vector.reduction_node_bit"": 0.0}, ""measurement_cycles"": 49152, ""measurement_end_ns"": 49160.0, ""measurement_start_ns"": 8.0, ""params"": {""ACT_WIDTH"": ""MXINT4"", ""BLEN"": 8, ""BLOCK_DIM"": 8, ""HBM_M_Prefetch_Amount"": 32, ""HBM_V_Prefetch_Amount"": 8, ""HBM_V_Writeback_Amount"": 8, ""KV_WIDTH"": ""MXINT4"", ""MLEN"": 32, ""MX_SCALE_WIDTH"": 8, ""VLEN"": 32, ""WEIGHT_WIDTH"": ""MXINT4""}, ""pattern"": ""random"", ""requested_actions"": 512, ""schema_version"": 1, ""seed"": 20260722}",30360.968795,0,0,1,,34.589,395012,ed8a9c8227eb64927679ba5a6acb63987f125f9e9ed0d379b7d52a72add8651d,8.0,49160.0,49152,512,512,hash_sidecar_only,2026-07-22T20:48:52.364535+00:00,2026-07-22T20:50:04.661802+00:00,72.647,2051720,,48120,48120,100.0,partial_noncritical,/home/yh3525/FYP/PLENA_Simulator/Workspace/area_new_power_calibration/runs/full_rtl_activity_v1_20260722_193606/reports/power_hbm_99bb3f66a0f1/random_512/power.saif_map.rpt,/home/yh3525/FYP/PLENA_Simulator/Workspace/area_new_power_calibration/runs/full_rtl_activity_v1_20260722_193606/reports/power_hbm_99bb3f66a0f1/random_512/power.coverage.rpt,/home/yh3525/FYP/PLENA_Simulator/Workspace/area_new_power_calibration/runs/full_rtl_activity_v1_20260722_193606/reports/power_hbm_99bb3f66a0f1/random_512/verilator_saif.namemap,244,,unsupported_by_dc_2024_09
power_matrix_leaf_bundle,power_matrix_30761a26375a,matrix,idle_128,idle,128,complete,3072.0,0.0,1.2299,1.2299,0.0015149,3778.2528,,/home/yh3525/FYP/PLENA_Simulator/Workspace/area_new_power_calibration/runs/full_rtl_activity_v1_20260722_193606/activity/power_matrix_30761a26375a/idle_128.vcd.gz,/home/yh3525/FYP/PLENA_Simulator/Workspace/area_new_power_calibration/runs/full_rtl_activity_v1_20260722_193606/reports/power_matrix_30761a26375a/idle_128/power.rpt,/home/yh3525/FYP/PLENA_Simulator/Workspace/area_new_power_calibration/runs/full_rtl_activity_v1_20260722_193606/reports/power_matrix_30761a26375a/idle_128/dc_power.log,rtl_vcd_mapped_dc,"{""accepted_actions"": 0, ""activity_fingerprint"": ""c60a5bf119a75c1a72958a791dae1442d071fe342272dd13b3ed7ac5671bcbee"", ""clock_features"": {""control_hbm"": 0.0, ""matrix_pe"": 3072.0, ""scalar_machine"": 0.0, ""vector_lane"": 0.0}, ""clock_period_ns"": 1.0, ""completed_actions"": 0, ""component"": ""matrix"", ""dynamic_features"": {""control.frontend_issue"": 0.0, ""hbm.byte"": 0.0, ""hbm.dma_issue"": 0.0, ""hbm.line"": 0.0, ""matrix.active_mac_bit_product"": 0.0, ""matrix.matrix_vector_bit_product"": 0.0, ""matrix.output_bit"": 0.0, ""scalar.fp_add_sub_move_bit"": 0.0, ""scalar.fp_multiply_bit2"": 0.0, ""scalar.fp_sfu_bit2"": 0.0, ""scalar.integer_alu_bit"": 0.0, ""scalar.register_access_bit"": 0.0, ""vector.lane_add_sub_bit"": 0.0, ""vector.lane_movement_bit"": 0.0, ""vector.lane_multiply_bit2"": 0.0, ""vector.lane_sfu_bit2"": 0.0, ""vector.reduction_node_bit"": 0.0}, ""measurement_cycles"": 3072, ""measurement_end_ns"": 3080.0, ""measurement_start_ns"": 8.0, ""params"": {""leaf_bundle"": true}, ""pattern"": ""idle"", ""requested_actions"": 128, ""schema_version"": 1, ""seed"": 20260722}",1574.698314,1,0,0,,5.418,387572,c60a5bf119a75c1a72958a791dae1442d071fe342272dd13b3ed7ac5671bcbee,8.0,3080.0,3072,0,0,gzip_validation,2026-07-22T18:56:15.311616+00:00,2026-07-22T18:56:25.745061+00:00,10.442,741932,,1008,1008,100.0,complete,/home/yh3525/FYP/PLENA_Simulator/Workspace/area_new_power_calibration/runs/full_rtl_activity_v1_20260722_193606/reports/power_matrix_30761a26375a/idle_128/power.saif_map.rpt,/home/yh3525/FYP/PLENA_Simulator/Workspace/area_new_power_calibration/runs/full_rtl_activity_v1_20260722_193606/reports/power_matrix_30761a26375a/idle_128/power.coverage.rpt,/home/yh3525/FYP/PLENA_Simulator/Workspace/area_new_power_calibration/runs/full_rtl_activity_v1_20260722_193606/reports/power_matrix_30761a26375a/idle_128/verilator_saif.namemap,0,,unsupported_by_dc_2024_09
power_matrix_leaf_bundle,power_matrix_30761a26375a,matrix,idle_32,idle,32,complete,768.0,0.0,1.2299,1.2299,0.0015149,944.5632,,/home/yh3525/FYP/PLENA_Simulator/Workspace/area_new_power_calibration/runs/full_rtl_activity_v1_20260722_193606/activity/power_matrix_30761a26375a/idle_32.vcd.gz,/home/yh3525/FYP/PLENA_Simulator/Workspace/area_new_power_calibration/runs/full_rtl_activity_v1_20260722_193606/reports/power_matrix_30761a26375a/idle_32/power.rpt,/home/yh3525/FYP/PLENA_Simulator/Workspace/area_new_power_calibration/runs/full_rtl_activity_v1_20260722_193606/reports/power_matrix_30761a26375a/idle_32/dc_power.log,rtl_vcd_mapped_dc,"{""accepted_actions"": 0, ""activity_fingerprint"": ""c60a5bf119a75c1a72958a791dae1442d071fe342272dd13b3ed7ac5671bcbee"", ""clock_features"": {""control_hbm"": 0.0, ""matrix_pe"": 768.0, ""scalar_machine"": 0.0, ""vector_lane"": 0.0}, ""clock_period_ns"": 1.0, ""completed_actions"": 0, ""component"": ""matrix"", ""dynamic_features"": {""control.frontend_issue"": 0.0, ""hbm.byte"": 0.0, ""hbm.dma_issue"": 0.0, ""hbm.line"": 0.0, ""matrix.active_mac_bit_product"": 0.0, ""matrix.matrix_vector_bit_product"": 0.0, ""matrix.output_bit"": 0.0, ""scalar.fp_add_sub_move_bit"": 0.0, ""scalar.fp_multiply_bit2"": 0.0, ""scalar.fp_sfu_bit2"": 0.0, ""scalar.integer_alu_bit"": 0.0, ""scalar.register_access_bit"": 0.0, ""vector.lane_add_sub_bit"": 0.0, ""vector.lane_movement_bit"": 0.0, ""vector.lane_multiply_bit2"": 0.0, ""vector.lane_sfu_bit2"": 0.0, ""vector.reduction_node_bit"": 0.0}, ""measurement_cycles"": 768, ""measurement_end_ns"": 776.0, ""measurement_start_ns"": 8.0, ""params"": {""leaf_bundle"": true}, ""pattern"": ""idle"", ""requested_actions"": 32, ""schema_version"": 1, ""seed"": 20260722}",1574.698314,1,0,0,,21.317,386788,c60a5bf119a75c1a72958a791dae1442d071fe342272dd13b3ed7ac5671bcbee,8.0,776.0,768,0,0,gzip_validation,2026-07-22T18:56:04.598179+00:00,2026-07-22T18:56:15.165932+00:00,10.577,741956,,1008,1008,100.0,complete,/home/yh3525/FYP/PLENA_Simulator/Workspace/area_new_power_calibration/runs/full_rtl_activity_v1_20260722_193606/reports/power_matrix_30761a26375a/idle_32/power.saif_map.rpt,/home/yh3525/FYP/PLENA_Simulator/Workspace/area_new_power_calibration/runs/full_rtl_activity_v1_20260722_193606/reports/power_matrix_30761a26375a/idle_32/power.coverage.rpt,/home/yh3525/FYP/PLENA_Simulator/Workspace/area_new_power_calibration/runs/full_rtl_activity_v1_20260722_193606/reports/power_matrix_30761a26375a/idle_32/verilator_saif.namemap,0,,unsupported_by_dc_2024_09
power_matrix_leaf_bundle,power_matrix_30761a26375a,matrix,idle_512,idle,512,complete,12288.0,0.0,1.2299,1.2299,0.0015149,15113.0112,,/home/yh3525/FYP/PLENA_Simulator/Workspace/area_new_power_calibration/runs/full_rtl_activity_v1_20260722_193606/activity/power_matrix_30761a26375a/idle_512.vcd.gz,/home/yh3525/FYP/PLENA_Simulator/Workspace/area_new_power_calibration/runs/full_rtl_activity_v1_20260722_193606/reports/power_matrix_30761a26375a/idle_512/power.rpt,/home/yh3525/FYP/PLENA_Simulator/Workspace/area_new_power_calibration/runs/full_rtl_activity_v1_20260722_193606/reports/power_matrix_30761a26375a/idle_512/dc_power.log,rtl_vcd_mapped_dc,"{""accepted_actions"": 0, ""activity_fingerprint"": ""c60a5bf119a75c1a72958a791dae1442d071fe342272dd13b3ed7ac5671bcbee"", ""clock_features"": {""control_hbm"": 0.0, ""matrix_pe"": 12288.0, ""scalar_machine"": 0.0, ""vector_lane"": 0.0}, ""clock_period_ns"": 1.0, ""completed_actions"": 0, ""component"": ""matrix"", ""dynamic_features"": {""control.frontend_issue"": 0.0, ""hbm.byte"": 0.0, ""hbm.dma_issue"": 0.0, ""hbm.line"": 0.0, ""matrix.active_mac_bit_product"": 0.0, ""matrix.matrix_vector_bit_product"": 0.0, ""matrix.output_bit"": 0.0, ""scalar.fp_add_sub_move_bit"": 0.0, ""scalar.fp_multiply_bit2"": 0.0, ""scalar.fp_sfu_bit2"": 0.0, ""scalar.integer_alu_bit"": 0.0, ""scalar.register_access_bit"": 0.0, ""vector.lane_add_sub_bit"": 0.0, ""vector.lane_movement_bit"": 0.0, ""vector.lane_multiply_bit2"": 0.0, ""vector.lane_sfu_bit2"": 0.0, ""vector.reduction_node_bit"": 0.0}, ""measurement_cycles"": 12288, ""measurement_end_ns"": 12296.0, ""measurement_start_ns"": 8.0, ""params"": {""leaf_bundle"": true}, ""pattern"": ""idle"", ""requested_actions"": 512, ""schema_version"": 1, ""seed"": 20260722}",1574.698314,1,0,0,,6.412,387952,c60a5bf119a75c1a72958a791dae1442d071fe342272dd13b3ed7ac5671bcbee,8.0,12296.0,12288,0,0,gzip_validation,2026-07-22T18:56:27.259869+00:00,2026-07-22T18:56:37.578943+00:00,10.327,742372,,1008,1008,100.0,complete,/home/yh3525/FYP/PLENA_Simulator/Workspace/area_new_power_calibration/runs/full_rtl_activity_v1_20260722_193606/reports/power_matrix_30761a26375a/idle_512/power.saif_map.rpt,/home/yh3525/FYP/PLENA_Simulator/Workspace/area_new_power_calibration/runs/full_rtl_activity_v1_20260722_193606/reports/power_matrix_30761a26375a/idle_512/power.coverage.rpt,/home/yh3525/FYP/PLENA_Simulator/Workspace/area_new_power_calibration/runs/full_rtl_activity_v1_20260722_193606/reports/power_matrix_30761a26375a/idle_512/verilator_saif.namemap,0,,unsupported_by_dc_2024_09
power_matrix_leaf_bundle,power_matrix_30761a26375a,matrix,low_toggle_128,low-toggle,128,complete,3072.0,0.012551500000000002,1.2328,1.2453,0.0015184999999999999,3825.5616,,/home/yh3525/FYP/PLENA_Simulator/Workspace/area_new_power_calibration/runs/full_rtl_activity_v1_20260722_193606/activity/power_matrix_30761a26375a/low_toggle_128.vcd.gz,/home/yh3525/FYP/PLENA_Simulator/Workspace/area_new_power_calibration/runs/full_rtl_activity_v1_20260722_193606/reports/power_matrix_30761a26375a/low_toggle_128/power.rpt,/home/yh3525/FYP/PLENA_Simulator/Workspace/area_new_power_calibration/runs/full_rtl_activity_v1_20260722_193606/reports/power_matrix_30761a26375a/low_toggle_128/dc_power.log,rtl_vcd_mapped_dc,"{""accepted_actions"": 128, ""activity_fingerprint"": ""c60a5bf119a75c1a72958a791dae1442d071fe342272dd13b3ed7ac5671bcbee"", ""clock_features"": {""control_hbm"": 0.0, ""matrix_pe"": 3072.0, ""scalar_machine"": 0.0, ""vector_lane"": 0.0}, ""clock_period_ns"": 1.0, ""completed_actions"": 128, ""component"": ""matrix"", ""dynamic_features"": {""control.frontend_issue"": 0.0, ""hbm.byte"": 0.0, ""hbm.dma_issue"": 0.0, ""hbm.line"": 0.0, ""matrix.active_mac_bit_product"": 0.0, ""matrix.matrix_vector_bit_product"": 0.0, ""matrix.output_bit"": 32768.0, ""scalar.fp_add_sub_move_bit"": 0.0, ""scalar.fp_multiply_bit2"": 0.0, ""scalar.fp_sfu_bit2"": 0.0, ""scalar.integer_alu_bit"": 0.0, ""scalar.register_access_bit"": 0.0, ""vector.lane_add_sub_bit"": 0.0, ""vector.lane_movement_bit"": 0.0, ""vector.lane_multiply_bit2"": 0.0, ""vector.lane_sfu_bit2"": 0.0, ""vector.reduction_node_bit"": 0.0}, ""measurement_cycles"": 3072, ""measurement_end_ns"": 3080.0, ""measurement_start_ns"": 8.0, ""params"": {""leaf_bundle"": true}, ""pattern"": ""low-toggle"", ""requested_actions"": 128, ""schema_version"": 1, ""seed"": 20260722}",1574.698314,1,0,0,,5.558,388040,c60a5bf119a75c1a72958a791dae1442d071fe342272dd13b3ed7ac5671bcbee,8.0,3080.0,3072,128,128,gzip_validation,2026-07-22T18:56:39.323072+00:00,2026-07-22T18:56:50.190752+00:00,10.876,742396,,1008,1008,100.0,complete,/home/yh3525/FYP/PLENA_Simulator/Workspace/area_new_power_calibration/runs/full_rtl_activity_v1_20260722_193606/reports/power_matrix_30761a26375a/low_toggle_128/power.saif_map.rpt,/home/yh3525/FYP/PLENA_Simulator/Workspace/area_new_power_calibration/runs/full_rtl_activity_v1_20260722_193606/reports/power_matrix_30761a26375a/low_toggle_128/power.coverage.rpt,/home/yh3525/FYP/PLENA_Simulator/Workspace/area_new_power_calibration/runs/full_rtl_activity_v1_20260722_193606/reports/power_matrix_30761a26375a/low_toggle_128/verilator_saif.namemap,0,,unsupported_by_dc_2024_09
power_matrix_leaf_bundle,power_matrix_30761a26375a,matrix,mixed_holdout_128,mixed-kernel-holdout,128,complete,3072.0,0.022962700000000003,1.2281,1.251,0.0015371999999999999,3843.0719999999997,,/home/yh3525/FYP/PLENA_Simulator/Workspace/area_new_power_calibration/runs/full_rtl_activity_v1_20260722_193606/activity/power_matrix_30761a26375a/mixed_holdout_128.vcd.gz,/home/yh3525/FYP/PLENA_Simulator/Workspace/area_new_power_calibration/runs/full_rtl_activity_v1_20260722_193606/reports/power_matrix_30761a26375a/mixed_holdout_128/power.rpt,/home/yh3525/FYP/PLENA_Simulator/Workspace/area_new_power_calibration/runs/full_rtl_activity_v1_20260722_193606/reports/power_matrix_30761a26375a/mixed_holdout_128/dc_power.log,rtl_vcd_mapped_dc,"{""accepted_actions"": 128, ""activity_fingerprint"": ""c60a5bf119a75c1a72958a791dae1442d071fe342272dd13b3ed7ac5671bcbee"", ""clock_features"": {""control_hbm"": 0.0, ""matrix_pe"": 3072.0, ""scalar_machine"": 0.0, ""vector_lane"": 0.0}, ""clock_period_ns"": 1.0, ""completed_actions"": 128, ""component"": ""matrix"", ""dynamic_features"": {""control.frontend_issue"": 0.0, ""hbm.byte"": 0.0, ""hbm.dma_issue"": 0.0, ""hbm.line"": 0.0, ""matrix.active_mac_bit_product"": 0.0, ""matrix.matrix_vector_bit_product"": 0.0, ""matrix.output_bit"": 32768.0, ""scalar.fp_add_sub_move_bit"": 0.0, ""scalar.fp_multiply_bit2"": 0.0, ""scalar.fp_sfu_bit2"": 0.0, ""scalar.integer_alu_bit"": 0.0, ""scalar.register_access_bit"": 0.0, ""vector.lane_add_sub_bit"": 0.0, ""vector.lane_movement_bit"": 0.0, ""vector.lane_multiply_bit2"": 0.0, ""vector.lane_sfu_bit2"": 0.0, ""vector.reduction_node_bit"": 0.0}, ""measurement_cycles"": 3072, ""measurement_end_ns"": 3080.0, ""measurement_start_ns"": 8.0, ""params"": {""leaf_bundle"": true}, ""pattern"": ""mixed-kernel-holdout"", ""requested_actions"": 128, ""schema_version"": 1, ""seed"": 20260722}",1574.698314,1,0,0,,5.22,388072,c60a5bf119a75c1a72958a791dae1442d071fe342272dd13b3ed7ac5671bcbee,8.0,3080.0,3072,128,128,gzip_validation,2026-07-22T18:56:50.199472+00:00,2026-07-22T18:57:02.594609+00:00,12.403,741456,,1008,1008,100.0,complete,/home/yh3525/FYP/PLENA_Simulator/Workspace/area_new_power_calibration/runs/full_rtl_activity_v1_20260722_193606/reports/power_matrix_30761a26375a/mixed_holdout_128/power.saif_map.rpt,/home/yh3525/FYP/PLENA_Simulator/Workspace/area_new_power_calibration/runs/full_rtl_activity_v1_20260722_193606/reports/power_matrix_30761a26375a/mixed_holdout_128/power.coverage.rpt,/home/yh3525/FYP/PLENA_Simulator/Workspace/area_new_power_calibration/runs/full_rtl_activity_v1_20260722_193606/reports/power_matrix_30761a26375a/mixed_holdout_128/verilator_saif.namemap,0,,unsupported_by_dc_2024_09
power_matrix_leaf_bundle,power_matrix_30761a26375a,matrix,qwen_128,representative-qwen,128,complete,3072.0,0.0098257,1.232,1.2418,0.0015207999999999999,3814.8096,,/home/yh3525/FYP/PLENA_Simulator/Workspace/area_new_power_calibration/runs/full_rtl_activity_v1_20260722_193606/activity/power_matrix_30761a26375a/qwen_128.vcd.gz,/home/yh3525/FYP/PLENA_Simulator/Workspace/area_new_power_calibration/runs/full_rtl_activity_v1_20260722_193606/reports/power_matrix_30761a26375a/qwen_128/power.rpt,/home/yh3525/FYP/PLENA_Simulator/Workspace/area_new_power_calibration/runs/full_rtl_activity_v1_20260722_193606/reports/power_matrix_30761a26375a/qwen_128/dc_power.log,rtl_vcd_mapped_dc,"{""accepted_actions"": 128, ""activity_fingerprint"": ""c60a5bf119a75c1a72958a791dae1442d071fe342272dd13b3ed7ac5671bcbee"", ""clock_features"": {""control_hbm"": 0.0, ""matrix_pe"": 3072.0, ""scalar_machine"": 0.0, ""vector_lane"": 0.0}, ""clock_period_ns"": 1.0, ""completed_actions"": 128, ""component"": ""matrix"", ""dynamic_features"": {""control.frontend_issue"": 0.0, ""hbm.byte"": 0.0, ""hbm.dma_issue"": 0.0, ""hbm.line"": 0.0, ""matrix.active_mac_bit_product"": 0.0, ""matrix.matrix_vector_bit_product"": 0.0, ""matrix.output_bit"": 32768.0, ""scalar.fp_add_sub_move_bit"": 0.0, ""scalar.fp_multiply_bit2"": 0.0, ""scalar.fp_sfu_bit2"": 0.0, ""scalar.integer_alu_bit"": 0.0, ""scalar.register_access_bit"": 0.0, ""vector.lane_add_sub_bit"": 0.0, ""vector.lane_movement_bit"": 0.0, ""vector.lane_multiply_bit2"": 0.0, ""vector.lane_sfu_bit2"": 0.0, ""vector.reduction_node_bit"": 0.0}, ""measurement_cycles"": 3072, ""measurement_end_ns"": 3080.0, ""measurement_start_ns"": 8.0, ""params"": {""leaf_bundle"": true}, ""pattern"": ""representative-qwen"", ""requested_actions"": 128, ""schema_version"": 1, ""seed"": 20260722}",1574.698314,1,0,0,,5.359,388016,c60a5bf119a75c1a72958a791dae1442d071fe342272dd13b3ed7ac5671bcbee,8.0,3080.0,3072,128,128,gzip_validation,2026-07-22T18:56:44.683401+00:00,2026-07-22T18:56:54.980590+00:00,10.305,742496,,1008,1008,100.0,complete,/home/yh3525/FYP/PLENA_Simulator/Workspace/area_new_power_calibration/runs/full_rtl_activity_v1_20260722_193606/reports/power_matrix_30761a26375a/qwen_128/power.saif_map.rpt,/home/yh3525/FYP/PLENA_Simulator/Workspace/area_new_power_calibration/runs/full_rtl_activity_v1_20260722_193606/reports/power_matrix_30761a26375a/qwen_128/power.coverage.rpt,/home/yh3525/FYP/PLENA_Simulator/Workspace/area_new_power_calibration/runs/full_rtl_activity_v1_20260722_193606/reports/power_matrix_30761a26375a/qwen_128/verilator_saif.namemap,0,,unsupported_by_dc_2024_09
power_matrix_leaf_bundle,power_matrix_30761a26375a,matrix,random_128,random,128,complete,3072.0,0.0907174,1.2193,1.31,0.0015525,4024.32,,/home/yh3525/FYP/PLENA_Simulator/Workspace/area_new_power_calibration/runs/full_rtl_activity_v1_20260722_193606/activity/power_matrix_30761a26375a/random_128.vcd.gz,/home/yh3525/FYP/PLENA_Simulator/Workspace/area_new_power_calibration/runs/full_rtl_activity_v1_20260722_193606/reports/power_matrix_30761a26375a/random_128/power.rpt,/home/yh3525/FYP/PLENA_Simulator/Workspace/area_new_power_calibration/runs/full_rtl_activity_v1_20260722_193606/reports/power_matrix_30761a26375a/random_128/dc_power.log,rtl_vcd_mapped_dc,"{""accepted_actions"": 128, ""activity_fingerprint"": ""c60a5bf119a75c1a72958a791dae1442d071fe342272dd13b3ed7ac5671bcbee"", ""clock_features"": {""control_hbm"": 0.0, ""matrix_pe"": 3072.0, ""scalar_machine"": 0.0, ""vector_lane"": 0.0}, ""clock_period_ns"": 1.0, ""completed_actions"": 128, ""component"": ""matrix"", ""dynamic_features"": {""control.frontend_issue"": 0.0, ""hbm.byte"": 0.0, ""hbm.dma_issue"": 0.0, ""hbm.line"": 0.0, ""matrix.active_mac_bit_product"": 0.0, ""matrix.matrix_vector_bit_product"": 0.0, ""matrix.output_bit"": 32768.0, ""scalar.fp_add_sub_move_bit"": 0.0, ""scalar.fp_multiply_bit2"": 0.0, ""scalar.fp_sfu_bit2"": 0.0, ""scalar.integer_alu_bit"": 0.0, ""scalar.register_access_bit"": 0.0, ""vector.lane_add_sub_bit"": 0.0, ""vector.lane_movement_bit"": 0.0, ""vector.lane_multiply_bit2"": 0.0, ""vector.lane_sfu_bit2"": 0.0, ""vector.reduction_node_bit"": 0.0}, ""measurement_cycles"": 3072, ""measurement_end_ns"": 3080.0, ""measurement_start_ns"": 8.0, ""params"": {""leaf_bundle"": true}, ""pattern"": ""random"", ""requested_actions"": 128, ""schema_version"": 1, ""seed"": 20260722}",1574.698314,1,0,0,,5.53,387636,c60a5bf119a75c1a72958a791dae1442d071fe342272dd13b3ed7ac5671bcbee,8.0,3080.0,3072,128,128,gzip_validation,2026-07-22T18:56:20.844644+00:00,2026-07-22T18:56:32.054754+00:00,11.219,743000,,1008,1008,100.0,complete,/home/yh3525/FYP/PLENA_Simulator/Workspace/area_new_power_calibration/runs/full_rtl_activity_v1_20260722_193606/reports/power_matrix_30761a26375a/random_128/power.saif_map.rpt,/home/yh3525/FYP/PLENA_Simulator/Workspace/area_new_power_calibration/runs/full_rtl_activity_v1_20260722_193606/reports/power_matrix_30761a26375a/random_128/power.coverage.rpt,/home/yh3525/FYP/PLENA_Simulator/Workspace/area_new_power_calibration/runs/full_rtl_activity_v1_20260722_193606/reports/power_matrix_30761a26375a/random_128/verilator_saif.namemap,0,,unsupported_by_dc_2024_09
power_matrix_leaf_bundle,power_matrix_30761a26375a,matrix,random_32,random,32,complete,768.0,0.0904383,1.2204,1.3109,0.0015522,1006.7711999999999,,/home/yh3525/FYP/PLENA_Simulator/Workspace/area_new_power_calibration/runs/full_rtl_activity_v1_20260722_193606/activity/power_matrix_30761a26375a/random_32.vcd.gz,/home/yh3525/FYP/PLENA_Simulator/Workspace/area_new_power_calibration/runs/full_rtl_activity_v1_20260722_193606/reports/power_matrix_30761a26375a/random_32/power.rpt,/home/yh3525/FYP/PLENA_Simulator/Workspace/area_new_power_calibration/runs/full_rtl_activity_v1_20260722_193606/reports/power_matrix_30761a26375a/random_32/dc_power.log,rtl_vcd_mapped_dc,"{""accepted_actions"": 32, ""activity_fingerprint"": ""c60a5bf119a75c1a72958a791dae1442d071fe342272dd13b3ed7ac5671bcbee"", ""clock_features"": {""control_hbm"": 0.0, ""matrix_pe"": 768.0, ""scalar_machine"": 0.0, ""vector_lane"": 0.0}, ""clock_period_ns"": 1.0, ""completed_actions"": 32, ""component"": ""matrix"", ""dynamic_features"": {""control.frontend_issue"": 0.0, ""hbm.byte"": 0.0, ""hbm.dma_issue"": 0.0, ""hbm.line"": 0.0, ""matrix.active_mac_bit_product"": 0.0, ""matrix.matrix_vector_bit_product"": 0.0, ""matrix.output_bit"": 8192.0, ""scalar.fp_add_sub_move_bit"": 0.0, ""scalar.fp_multiply_bit2"": 0.0, ""scalar.fp_sfu_bit2"": 0.0, ""scalar.integer_alu_bit"": 0.0, ""scalar.register_access_bit"": 0.0, ""vector.lane_add_sub_bit"": 0.0, ""vector.lane_movement_bit"": 0.0, ""vector.lane_multiply_bit2"": 0.0, ""vector.lane_sfu_bit2"": 0.0, ""vector.reduction_node_bit"": 0.0}, ""measurement_cycles"": 768, ""measurement_end_ns"": 776.0, ""measurement_start_ns"": 8.0, ""params"": {""leaf_bundle"": true}, ""pattern"": ""random"", ""requested_actions"": 32, ""schema_version"": 1, ""seed"": 20260722}",1574.698314,1,0,0,,5.291,387988,c60a5bf119a75c1a72958a791dae1442d071fe342272dd13b3ed7ac5671bcbee,8.0,776.0,768,32,32,gzip_validation,2026-07-22T18:56:09.891181+00:00,2026-07-22T18:56:21.074742+00:00,11.192,742488,,1008,1008,100.0,complete,/home/yh3525/FYP/PLENA_Simulator/Workspace/area_new_power_calibration/runs/full_rtl_activity_v1_20260722_193606/reports/power_matrix_30761a26375a/random_32/power.saif_map.rpt,/home/yh3525/FYP/PLENA_Simulator/Workspace/area_new_power_calibration/runs/full_rtl_activity_v1_20260722_193606/reports/power_matrix_30761a26375a/random_32/power.coverage.rpt,/home/yh3525/FYP/PLENA_Simulator/Workspace/area_new_power_calibration/runs/full_rtl_activity_v1_20260722_193606/reports/power_matrix_30761a26375a/random_32/verilator_saif.namemap,0,,unsupported_by_dc_2024_09
power_matrix_leaf_bundle,power_matrix_30761a26375a,matrix,random_512,random,512,complete,12288.0,0.0896281,1.2182,1.3079,0.0015526000000000001,16071.4752,,/home/yh3525/FYP/PLENA_Simulator/Workspace/area_new_power_calibration/runs/full_rtl_activity_v1_20260722_193606/activity/power_matrix_30761a26375a/random_512.vcd.gz,/home/yh3525/FYP/PLENA_Simulator/Workspace/area_new_power_calibration/runs/full_rtl_activity_v1_20260722_193606/reports/power_matrix_30761a26375a/random_512/power.rpt,/home/yh3525/FYP/PLENA_Simulator/Workspace/area_new_power_calibration/runs/full_rtl_activity_v1_20260722_193606/reports/power_matrix_30761a26375a/random_512/dc_power.log,rtl_vcd_mapped_dc,"{""accepted_actions"": 512, ""activity_fingerprint"": ""c60a5bf119a75c1a72958a791dae1442d071fe342272dd13b3ed7ac5671bcbee"", ""clock_features"": {""control_hbm"": 0.0, ""matrix_pe"": 12288.0, ""scalar_machine"": 0.0, ""vector_lane"": 0.0}, ""clock_period_ns"": 1.0, ""completed_actions"": 512, ""component"": ""matrix"", ""dynamic_features"": {""control.frontend_issue"": 0.0, ""hbm.byte"": 0.0, ""hbm.dma_issue"": 0.0, ""hbm.line"": 0.0, ""matrix.active_mac_bit_product"": 0.0, ""matrix.matrix_vector_bit_product"": 0.0, ""matrix.output_bit"": 131072.0, ""scalar.fp_add_sub_move_bit"": 0.0, ""scalar.fp_multiply_bit2"": 0.0, ""scalar.fp_sfu_bit2"": 0.0, ""scalar.integer_alu_bit"": 0.0, ""scalar.register_access_bit"": 0.0, ""vector.lane_add_sub_bit"": 0.0, ""vector.lane_movement_bit"": 0.0, ""vector.lane_multiply_bit2"": 0.0, ""vector.lane_sfu_bit2"": 0.0, ""vector.reduction_node_bit"": 0.0}, ""measurement_cycles"": 12288, ""measurement_end_ns"": 12296.0, ""measurement_start_ns"": 8.0, ""params"": {""leaf_bundle"": true}, ""pattern"": ""random"", ""requested_actions"": 512, ""schema_version"": 1, ""seed"": 20260722}",1574.698314,1,0,0,,6.495,388128,c60a5bf119a75c1a72958a791dae1442d071fe342272dd13b3ed7ac5671bcbee,8.0,12296.0,12288,512,512,gzip_validation,2026-07-22T18:56:33.762505+00:00,2026-07-22T18:56:45.397155+00:00,11.643,741544,,1008,1008,100.0,complete,/home/yh3525/FYP/PLENA_Simulator/Workspace/area_new_power_calibration/runs/full_rtl_activity_v1_20260722_193606/reports/power_matrix_30761a26375a/random_512/power.saif_map.rpt,/home/yh3525/FYP/PLENA_Simulator/Workspace/area_new_power_calibration/runs/full_rtl_activity_v1_20260722_193606/reports/power_matrix_30761a26375a/random_512/power.coverage.rpt,/home/yh3525/FYP/PLENA_Simulator/Workspace/area_new_power_calibration/runs/full_rtl_activity_v1_20260722_193606/reports/power_matrix_30761a26375a/random_512/verilator_saif.namemap,0,,unsupported_by_dc_2024_09
power_matrix_mxfp_b4_e1m2,power_matrix_f1b2fbf46080,matrix,idle_128,idle,128,complete,4096.0,0.0,4.1684,4.1684,0.0034957,17073.7664,,/home/yh3525/FYP/PLENA_Simulator/Workspace/area_new_power_calibration/runs/full_rtl_activity_v1_20260722_193606/activity/power_matrix_f1b2fbf46080/idle_128.vcd,/home/yh3525/FYP/PLENA_Simulator/Workspace/area_new_power_calibration/runs/full_rtl_activity_v1_20260722_193606/reports/power_matrix_f1b2fbf46080/idle_128/power.rpt,/home/yh3525/FYP/PLENA_Simulator/Workspace/area_new_power_calibration/runs/full_rtl_activity_v1_20260722_193606/reports/power_matrix_f1b2fbf46080/idle_128/dc_power.log,rtl_vcd_mapped_dc,"{""accepted_actions"": 0, ""activity_fingerprint"": ""9eac0f41de8ce262be1f4797e9fc0cf0186dfc74d32a0a6561011e73f2736971"", ""clock_features"": {""control_hbm"": 0.0, ""matrix_pe"": 65536.0, ""scalar_machine"": 0.0, ""vector_lane"": 0.0}, ""clock_period_ns"": 1.0, ""completed_actions"": 0, ""component"": ""matrix"", ""dynamic_features"": {""control.frontend_issue"": 0.0, ""hbm.byte"": 0.0, ""hbm.dma_issue"": 0.0, ""hbm.line"": 0.0, ""matrix.active_mac_bit_product"": 0.0, ""matrix.matrix_vector_bit_product"": 0.0, ""matrix.output_bit"": 0.0, ""scalar.fp_add_sub_move_bit"": 0.0, ""scalar.fp_multiply_bit2"": 0.0, ""scalar.fp_sfu_bit2"": 0.0, ""scalar.integer_alu_bit"": 0.0, ""scalar.register_access_bit"": 0.0, ""vector.lane_add_sub_bit"": 0.0, ""vector.lane_movement_bit"": 0.0, ""vector.lane_multiply_bit2"": 0.0, ""vector.lane_sfu_bit2"": 0.0, ""vector.reduction_node_bit"": 0.0}, ""measurement_cycles"": 4096, ""measurement_end_ns"": 4104.0, ""measurement_start_ns"": 8.0, ""params"": {""ACC_DEPTH"": 16, ""BLOCK_DIM"": 4, ""L_EXP"": 1, ""L_MANT"": 2, ""T_EXP"": 1, ""T_MANT"": 2, ""mode"": ""mxfp""}, ""pattern"": ""idle"", ""requested_actions"": 128, ""schema_version"": 1, ""seed"": 20260722}",3744.989607,0,0,0,,10.675,389760,9eac0f41de8ce262be1f4797e9fc0cf0186dfc74d32a0a6561011e73f2736971,8.0,4104.0,4096,0,0,hash_sidecar_only,2026-07-22T18:54:31.608773+00:00,2026-07-22T18:54:56.796582+00:00,25.216,739884,,3416,3416,100.0,complete,/home/yh3525/FYP/PLENA_Simulator/Workspace/area_new_power_calibration/runs/full_rtl_activity_v1_20260722_193606/reports/power_matrix_f1b2fbf46080/idle_128/power.saif_map.rpt,/home/yh3525/FYP/PLENA_Simulator/Workspace/area_new_power_calibration/runs/full_rtl_activity_v1_20260722_193606/reports/power_matrix_f1b2fbf46080/idle_128/power.coverage.rpt,/home/yh3525/FYP/PLENA_Simulator/Workspace/area_new_power_calibration/runs/full_rtl_activity_v1_20260722_193606/reports/power_matrix_f1b2fbf46080/idle_128/verilator_saif.namemap,0,,unsupported_by_dc_2024_09
power_matrix_mxfp_b4_e1m2,power_matrix_f1b2fbf46080,matrix,idle_32,idle,32,complete,1024.0,0.0,4.1684,4.1684,0.0034957,4268.4416,,/home/yh3525/FYP/PLENA_Simulator/Workspace/area_new_power_calibration/runs/full_rtl_activity_v1_20260722_193606/activity/power_matrix_f1b2fbf46080/idle_32.vcd,/home/yh3525/FYP/PLENA_Simulator/Workspace/area_new_power_calibration/runs/full_rtl_activity_v1_20260722_193606/reports/power_matrix_f1b2fbf46080/idle_32/power.rpt,/home/yh3525/FYP/PLENA_Simulator/Workspace/area_new_power_calibration/runs/full_rtl_activity_v1_20260722_193606/reports/power_matrix_f1b2fbf46080/idle_32/dc_power.log,rtl_vcd_mapped_dc,"{""accepted_actions"": 0, ""activity_fingerprint"": ""9eac0f41de8ce262be1f4797e9fc0cf0186dfc74d32a0a6561011e73f2736971"", ""clock_features"": {""control_hbm"": 0.0, ""matrix_pe"": 16384.0, ""scalar_machine"": 0.0, ""vector_lane"": 0.0}, ""clock_period_ns"": 1.0, ""completed_actions"": 0, ""component"": ""matrix"", ""dynamic_features"": {""control.frontend_issue"": 0.0, ""hbm.byte"": 0.0, ""hbm.dma_issue"": 0.0, ""hbm.line"": 0.0, ""matrix.active_mac_bit_product"": 0.0, ""matrix.matrix_vector_bit_product"": 0.0, ""matrix.output_bit"": 0.0, ""scalar.fp_add_sub_move_bit"": 0.0, ""scalar.fp_multiply_bit2"": 0.0, ""scalar.fp_sfu_bit2"": 0.0, ""scalar.integer_alu_bit"": 0.0, ""scalar.register_access_bit"": 0.0, ""vector.lane_add_sub_bit"": 0.0, ""vector.lane_movement_bit"": 0.0, ""vector.lane_multiply_bit2"": 0.0, ""vector.lane_sfu_bit2"": 0.0, ""vector.reduction_node_bit"": 0.0}, ""measurement_cycles"": 1024, ""measurement_end_ns"": 1032.0, ""measurement_start_ns"": 8.0, ""params"": {""ACC_DEPTH"": 16, ""BLOCK_DIM"": 4, ""L_EXP"": 1, ""L_MANT"": 2, ""T_EXP"": 1, ""T_MANT"": 2, ""mode"": ""mxfp""}, ""pattern"": ""idle"", ""requested_actions"": 32, ""schema_version"": 1, ""seed"": 20260722}",3744.989607,0,0,0,,43.639,395680,9eac0f41de8ce262be1f4797e9fc0cf0186dfc74d32a0a6561011e73f2736971,8.0,1032.0,1024,0,0,hash_sidecar_only,2026-07-22T18:54:04.168710+00:00,2026-07-22T18:54:31.579079+00:00,27.436,744040,,3416,3416,100.0,complete,/home/yh3525/FYP/PLENA_Simulator/Workspace/area_new_power_calibration/runs/full_rtl_activity_v1_20260722_193606/reports/power_matrix_f1b2fbf46080/idle_32/power.saif_map.rpt,/home/yh3525/FYP/PLENA_Simulator/Workspace/area_new_power_calibration/runs/full_rtl_activity_v1_20260722_193606/reports/power_matrix_f1b2fbf46080/idle_32/power.coverage.rpt,/home/yh3525/FYP/PLENA_Simulator/Workspace/area_new_power_calibration/runs/full_rtl_activity_v1_20260722_193606/reports/power_matrix_f1b2fbf46080/idle_32/verilator_saif.namemap,0,,unsupported_by_dc_2024_09
power_matrix_mxfp_b4_e1m2,power_matrix_f1b2fbf46080,matrix,idle_512,idle,512,complete,16384.0,0.0,4.1684,4.1684,0.0034957,68295.0656,,/home/yh3525/FYP/PLENA_Simulator/Workspace/area_new_power_calibration/runs/full_rtl_activity_v1_20260722_193606/activity/power_matrix_f1b2fbf46080/idle_512.vcd,/home/yh3525/FYP/PLENA_Simulator/Workspace/area_new_power_calibration/runs/full_rtl_activity_v1_20260722_193606/reports/power_matrix_f1b2fbf46080/idle_512/power.rpt,/home/yh3525/FYP/PLENA_Simulator/Workspace/area_new_power_calibration/runs/full_rtl_activity_v1_20260722_193606/reports/power_matrix_f1b2fbf46080/idle_512/dc_power.log,rtl_vcd_mapped_dc,"{""accepted_actions"": 0, ""activity_fingerprint"": ""9eac0f41de8ce262be1f4797e9fc0cf0186dfc74d32a0a6561011e73f2736971"", ""clock_features"": {""control_hbm"": 0.0, ""matrix_pe"": 262144.0, ""scalar_machine"": 0.0, ""vector_lane"": 0.0}, ""clock_period_ns"": 1.0, ""completed_actions"": 0, ""component"": ""matrix"", ""dynamic_features"": {""control.frontend_issue"": 0.0, ""hbm.byte"": 0.0, ""hbm.dma_issue"": 0.0, ""hbm.line"": 0.0, ""matrix.active_mac_bit_product"": 0.0, ""matrix.matrix_vector_bit_product"": 0.0, ""matrix.output_bit"": 0.0, ""scalar.fp_add_sub_move_bit"": 0.0, ""scalar.fp_multiply_bit2"": 0.0, ""scalar.fp_sfu_bit2"": 0.0, ""scalar.integer_alu_bit"": 0.0, ""scalar.register_access_bit"": 0.0, ""vector.lane_add_sub_bit"": 0.0, ""vector.lane_movement_bit"": 0.0, ""vector.lane_multiply_bit2"": 0.0, ""vector.lane_sfu_bit2"": 0.0, ""vector.reduction_node_bit"": 0.0}, ""measurement_cycles"": 16384, ""measurement_end_ns"": 16392.0, ""measurement_start_ns"": 8.0, ""params"": {""ACC_DEPTH"": 16, ""BLOCK_DIM"": 4, ""L_EXP"": 1, ""L_MANT"": 2, ""T_EXP"": 1, ""T_MANT"": 2, ""mode"": ""mxfp""}, ""pattern"": ""idle"", ""requested_actions"": 512, ""schema_version"": 1, ""seed"": 20260722}",3744.989607,0,0,0,,15.997,390180,9eac0f41de8ce262be1f4797e9fc0cf0186dfc74d32a0a6561011e73f2736971,8.0,16392.0,16384,0,0,hash_sidecar_only,2026-07-22T18:54:56.832218+00:00,2026-07-22T18:55:22.497341+00:00,25.699,742440,,3416,3416,100.0,complete,/home/yh3525/FYP/PLENA_Simulator/Workspace/area_new_power_calibration/runs/full_rtl_activity_v1_20260722_193606/reports/power_matrix_f1b2fbf46080/idle_512/power.saif_map.rpt,/home/yh3525/FYP/PLENA_Simulator/Workspace/area_new_power_calibration/runs/full_rtl_activity_v1_20260722_193606/reports/power_matrix_f1b2fbf46080/idle_512/power.coverage.rpt,/home/yh3525/FYP/PLENA_Simulator/Workspace/area_new_power_calibration/runs/full_rtl_activity_v1_20260722_193606/reports/power_matrix_f1b2fbf46080/idle_512/verilator_saif.namemap,0,,unsupported_by_dc_2024_09
power_matrix_mxfp_b4_e1m2,power_matrix_f1b2fbf46080,matrix,low_toggle_128,low-toggle,128,complete,4096.0,0.0538899,4.1997,4.2536,0.0035179,17422.7456,,/home/yh3525/FYP/PLENA_Simulator/Workspace/area_new_power_calibration/runs/full_rtl_activity_v1_20260722_193606/activity/power_matrix_f1b2fbf46080/low_toggle_128.vcd,/home/yh3525/FYP/PLENA_Simulator/Workspace/area_new_power_calibration/runs/full_rtl_activity_v1_20260722_193606/reports/power_matrix_f1b2fbf46080/low_toggle_128/power.rpt,/home/yh3525/FYP/PLENA_Simulator/Workspace/area_new_power_calibration/runs/full_rtl_activity_v1_20260722_193606/reports/power_matrix_f1b2fbf46080/low_toggle_128/dc_power.log,rtl_vcd_mapped_dc,"{""accepted_actions"": 128, ""activity_fingerprint"": ""9eac0f41de8ce262be1f4797e9fc0cf0186dfc74d32a0a6561011e73f2736971"", ""clock_features"": {""control_hbm"": 0.0, ""matrix_pe"": 65536.0, ""scalar_machine"": 0.0, ""vector_lane"": 0.0}, ""clock_period_ns"": 1.0, ""completed_actions"": 128, ""component"": ""matrix"", ""dynamic_features"": {""control.frontend_issue"": 0.0, ""hbm.byte"": 0.0, ""hbm.dma_issue"": 0.0, ""hbm.line"": 0.0, ""matrix.active_mac_bit_product"": 131072.0, ""matrix.matrix_vector_bit_product"": 0.0, ""matrix.output_bit"": 32768.0, ""scalar.fp_add_sub_move_bit"": 0.0, ""scalar.fp_multiply_bit2"": 0.0, ""scalar.fp_sfu_bit2"": 0.0, ""scalar.integer_alu_bit"": 0.0, ""scalar.register_access_bit"": 0.0, ""vector.lane_add_sub_bit"": 0.0, ""vector.lane_movement_bit"": 0.0, ""vector.lane_multiply_bit2"": 0.0, ""vector.lane_sfu_bit2"": 0.0, ""vector.reduction_node_bit"": 0.0}, ""measurement_cycles"": 4096, ""measurement_end_ns"": 4104.0, ""measurement_start_ns"": 8.0, ""params"": {""ACC_DEPTH"": 16, ""BLOCK_DIM"": 4, ""L_EXP"": 1, ""L_MANT"": 2, ""T_EXP"": 1, ""T_MANT"": 2, ""mode"": ""mxfp""}, ""pattern"": ""low-toggle"", ""requested_actions"": 128, ""schema_version"": 1, ""seed"": 20260722}",3744.989607,0,0,0,,11.483,390620,9eac0f41de8ce262be1f4797e9fc0cf0186dfc74d32a0a6561011e73f2736971,8.0,4104.0,4096,128,128,hash_sidecar_only,2026-07-22T18:55:31.514505+00:00,2026-07-22T18:55:57.197149+00:00,25.721,744052,,3416,3416,100.0,complete,/home/yh3525/FYP/PLENA_Simulator/Workspace/area_new_power_calibration/runs/full_rtl_activity_v1_20260722_193606/reports/power_matrix_f1b2fbf46080/low_toggle_128/power.saif_map.rpt,/home/yh3525/FYP/PLENA_Simulator/Workspace/area_new_power_calibration/runs/full_rtl_activity_v1_20260722_193606/reports/power_matrix_f1b2fbf46080/low_toggle_128/power.coverage.rpt,/home/yh3525/FYP/PLENA_Simulator/Workspace/area_new_power_calibration/runs/full_rtl_activity_v1_20260722_193606/reports/power_matrix_f1b2fbf46080/low_toggle_128/verilator_saif.namemap,0,,unsupported_by_dc_2024_09
power_matrix_mxfp_b4_e1m2,power_matrix_f1b2fbf46080,matrix,mixed_holdout_128,mixed-kernel-holdout,128,complete,4096.0,0.24504140000000002,4.3063,4.5513,0.0035579,18642.1248,,/home/yh3525/FYP/PLENA_Simulator/Workspace/area_new_power_calibration/runs/full_rtl_activity_v1_20260722_193606/activity/power_matrix_f1b2fbf46080/mixed_holdout_128.vcd.gz,/home/yh3525/FYP/PLENA_Simulator/Workspace/area_new_power_calibration/runs/full_rtl_activity_v1_20260722_193606/reports/power_matrix_f1b2fbf46080/mixed_holdout_128/power.rpt,/home/yh3525/FYP/PLENA_Simulator/Workspace/area_new_power_calibration/runs/full_rtl_activity_v1_20260722_193606/reports/power_matrix_f1b2fbf46080/mixed_holdout_128/dc_power.log,rtl_vcd_mapped_dc,"{""accepted_actions"": 128, ""activity_fingerprint"": ""9eac0f41de8ce262be1f4797e9fc0cf0186dfc74d32a0a6561011e73f2736971"", ""clock_features"": {""control_hbm"": 0.0, ""matrix_pe"": 65536.0, ""scalar_machine"": 0.0, ""vector_lane"": 0.0}, ""clock_period_ns"": 1.0, ""completed_actions"": 128, ""component"": ""matrix"", ""dynamic_features"": {""control.frontend_issue"": 0.0, ""hbm.byte"": 0.0, ""hbm.dma_issue"": 0.0, ""hbm.line"": 0.0, ""matrix.active_mac_bit_product"": 131072.0, ""matrix.matrix_vector_bit_product"": 0.0, ""matrix.output_bit"": 32768.0, ""scalar.fp_add_sub_move_bit"": 0.0, ""scalar.fp_multiply_bit2"": 0.0, ""scalar.fp_sfu_bit2"": 0.0, ""scalar.integer_alu_bit"": 0.0, ""scalar.register_access_bit"": 0.0, ""vector.lane_add_sub_bit"": 0.0, ""vector.lane_movement_bit"": 0.0, ""vector.lane_multiply_bit2"": 0.0, ""vector.lane_sfu_bit2"": 0.0, ""vector.reduction_node_bit"": 0.0}, ""measurement_cycles"": 4096, ""measurement_end_ns"": 4104.0, ""measurement_start_ns"": 8.0, ""params"": {""ACC_DEPTH"": 16, ""BLOCK_DIM"": 4, ""L_EXP"": 1, ""L_MANT"": 2, ""T_EXP"": 1, ""T_MANT"": 2, ""mode"": ""mxfp""}, ""pattern"": ""mixed-kernel-holdout"", ""requested_actions"": 128, ""schema_version"": 1, ""seed"": 20260722}",3744.989607,0,0,0,,13.092,391372,9eac0f41de8ce262be1f4797e9fc0cf0186dfc74d32a0a6561011e73f2736971,8.0,4104.0,4096,128,128,gzip_validation,2026-07-22T18:55:56.648608+00:00,2026-07-22T18:56:17.162533+00:00,20.561,746164,,3416,3416,100.0,complete,/home/yh3525/FYP/PLENA_Simulator/Workspace/area_new_power_calibration/runs/full_rtl_activity_v1_20260722_193606/reports/power_matrix_f1b2fbf46080/mixed_holdout_128/power.saif_map.rpt,/home/yh3525/FYP/PLENA_Simulator/Workspace/area_new_power_calibration/runs/full_rtl_activity_v1_20260722_193606/reports/power_matrix_f1b2fbf46080/mixed_holdout_128/power.coverage.rpt,/home/yh3525/FYP/PLENA_Simulator/Workspace/area_new_power_calibration/runs/full_rtl_activity_v1_20260722_193606/reports/power_matrix_f1b2fbf46080/mixed_holdout_128/verilator_saif.namemap,0,,unsupported_by_dc_2024_09
power_matrix_mxfp_b4_e1m2,power_matrix_f1b2fbf46080,matrix,qwen_128,representative-qwen,128,complete,4096.0,0.0771801,4.2118,4.2889,0.0035269,17567.3344,,/home/yh3525/FYP/PLENA_Simulator/Workspace/area_new_power_calibration/runs/full_rtl_activity_v1_20260722_193606/activity/power_matrix_f1b2fbf46080/qwen_128.vcd.gz,/home/yh3525/FYP/PLENA_Simulator/Workspace/area_new_power_calibration/runs/full_rtl_activity_v1_20260722_193606/reports/power_matrix_f1b2fbf46080/qwen_128/power.rpt,/home/yh3525/FYP/PLENA_Simulator/Workspace/area_new_power_calibration/runs/full_rtl_activity_v1_20260722_193606/reports/power_matrix_f1b2fbf46080/qwen_128/dc_power.log,rtl_vcd_mapped_dc,"{""accepted_actions"": 128, ""activity_fingerprint"": ""9eac0f41de8ce262be1f4797e9fc0cf0186dfc74d32a0a6561011e73f2736971"", ""clock_features"": {""control_hbm"": 0.0, ""matrix_pe"": 65536.0, ""scalar_machine"": 0.0, ""vector_lane"": 0.0}, ""clock_period_ns"": 1.0, ""completed_actions"": 128, ""component"": ""matrix"", ""dynamic_features"": {""control.frontend_issue"": 0.0, ""hbm.byte"": 0.0, ""hbm.dma_issue"": 0.0, ""hbm.line"": 0.0, ""matrix.active_mac_bit_product"": 131072.0, ""matrix.matrix_vector_bit_product"": 0.0, ""matrix.output_bit"": 32768.0, ""scalar.fp_add_sub_move_bit"": 0.0, ""scalar.fp_multiply_bit2"": 0.0, ""scalar.fp_sfu_bit2"": 0.0, ""scalar.integer_alu_bit"": 0.0, ""scalar.register_access_bit"": 0.0, ""vector.lane_add_sub_bit"": 0.0, ""vector.lane_movement_bit"": 0.0, ""vector.lane_multiply_bit2"": 0.0, ""vector.lane_sfu_bit2"": 0.0, ""vector.reduction_node_bit"": 0.0}, ""measurement_cycles"": 4096, ""measurement_end_ns"": 4104.0, ""measurement_start_ns"": 8.0, ""params"": {""ACC_DEPTH"": 16, ""BLOCK_DIM"": 4, ""L_EXP"": 1, ""L_MANT"": 2, ""T_EXP"": 1, ""T_MANT"": 2, ""mode"": ""mxfp""}, ""pattern"": ""representative-qwen"", ""requested_actions"": 128, ""schema_version"": 1, ""seed"": 20260722}",3744.989607,0,0,0,,11.7,391216,9eac0f41de8ce262be1f4797e9fc0cf0186dfc74d32a0a6561011e73f2736971,8.0,4104.0,4096,128,128,gzip_validation,2026-07-22T18:55:43.320002+00:00,2026-07-22T18:56:08.041875+00:00,24.79,738908,,3416,3416,100.0,complete,/home/yh3525/FYP/PLENA_Simulator/Workspace/area_new_power_calibration/runs/full_rtl_activity_v1_20260722_193606/reports/power_matrix_f1b2fbf46080/qwen_128/power.saif_map.rpt,/home/yh3525/FYP/PLENA_Simulator/Workspace/area_new_power_calibration/runs/full_rtl_activity_v1_20260722_193606/reports/power_matrix_f1b2fbf46080/qwen_128/power.coverage.rpt,/home/yh3525/FYP/PLENA_Simulator/Workspace/area_new_power_calibration/runs/full_rtl_activity_v1_20260722_193606/reports/power_matrix_f1b2fbf46080/qwen_128/verilator_saif.namemap,0,,unsupported_by_dc_2024_09
power_matrix_mxfp_b4_e1m2,power_matrix_f1b2fbf46080,matrix,random_128,random,128,complete,4096.0,0.23223500000000002,4.2859,4.5181,0.0035594000000000003,18506.1376,,/home/yh3525/FYP/PLENA_Simulator/Workspace/area_new_power_calibration/runs/full_rtl_activity_v1_20260722_193606/activity/power_matrix_f1b2fbf46080/random_128.vcd,/home/yh3525/FYP/PLENA_Simulator/Workspace/area_new_power_calibration/runs/full_rtl_activity_v1_20260722_193606/reports/power_matrix_f1b2fbf46080/random_128/power.rpt,/home/yh3525/FYP/PLENA_Simulator/Workspace/area_new_power_calibration/runs/full_rtl_activity_v1_20260722_193606/reports/power_matrix_f1b2fbf46080/random_128/dc_power.log,rtl_vcd_mapped_dc,"{""accepted_actions"": 128, ""activity_fingerprint"": ""9eac0f41de8ce262be1f4797e9fc0cf0186dfc74d32a0a6561011e73f2736971"", ""clock_features"": {""control_hbm"": 0.0, ""matrix_pe"": 65536.0, ""scalar_machine"": 0.0, ""vector_lane"": 0.0}, ""clock_period_ns"": 1.0, ""completed_actions"": 128, ""component"": ""matrix"", ""dynamic_features"": {""control.frontend_issue"": 0.0, ""hbm.byte"": 0.0, ""hbm.dma_issue"": 0.0, ""hbm.line"": 0.0, ""matrix.active_mac_bit_product"": 131072.0, ""matrix.matrix_vector_bit_product"": 0.0, ""matrix.output_bit"": 32768.0, ""scalar.fp_add_sub_move_bit"": 0.0, ""scalar.fp_multiply_bit2"": 0.0, ""scalar.fp_sfu_bit2"": 0.0, ""scalar.integer_alu_bit"": 0.0, ""scalar.register_access_bit"": 0.0, ""vector.lane_add_sub_bit"": 0.0, ""vector.lane_movement_bit"": 0.0, ""vector.lane_multiply_bit2"": 0.0, ""vector.lane_sfu_bit2"": 0.0, ""vector.reduction_node_bit"": 0.0}, ""measurement_cycles"": 4096, ""measurement_end_ns"": 4104.0, ""measurement_start_ns"": 8.0, ""params"": {""ACC_DEPTH"": 16, ""BLOCK_DIM"": 4, ""L_EXP"": 1, ""L_MANT"": 2, ""T_EXP"": 1, ""T_MANT"": 2, ""mode"": ""mxfp""}, ""pattern"": ""random"", ""requested_actions"": 128, ""schema_version"": 1, ""seed"": 20260722}",3744.989607,0,0,0,,13.47,389448,9eac0f41de8ce262be1f4797e9fc0cf0186dfc74d32a0a6561011e73f2736971,8.0,4104.0,4096,128,128,hash_sidecar_only,2026-07-22T18:54:41.819667+00:00,2026-07-22T18:55:09.857953+00:00,28.064,743620,,3416,3416,100.0,complete,/home/yh3525/FYP/PLENA_Simulator/Workspace/area_new_power_calibration/runs/full_rtl_activity_v1_20260722_193606/reports/power_matrix_f1b2fbf46080/random_128/power.saif_map.rpt,/home/yh3525/FYP/PLENA_Simulator/Workspace/area_new_power_calibration/runs/full_rtl_activity_v1_20260722_193606/reports/power_matrix_f1b2fbf46080/random_128/power.coverage.rpt,/home/yh3525/FYP/PLENA_Simulator/Workspace/area_new_power_calibration/runs/full_rtl_activity_v1_20260722_193606/reports/power_matrix_f1b2fbf46080/random_128/verilator_saif.namemap,0,,unsupported_by_dc_2024_09
power_matrix_mxfp_b4_e1m2,power_matrix_f1b2fbf46080,matrix,random_32,random,32,complete,1024.0,0.22592500000000001,4.2799,4.5059,0.0035595,4614.0416,,/home/yh3525/FYP/PLENA_Simulator/Workspace/area_new_power_calibration/runs/full_rtl_activity_v1_20260722_193606/activity/power_matrix_f1b2fbf46080/random_32.vcd,/home/yh3525/FYP/PLENA_Simulator/Workspace/area_new_power_calibration/runs/full_rtl_activity_v1_20260722_193606/reports/power_matrix_f1b2fbf46080/random_32/power.rpt,/home/yh3525/FYP/PLENA_Simulator/Workspace/area_new_power_calibration/runs/full_rtl_activity_v1_20260722_193606/reports/power_matrix_f1b2fbf46080/random_32/dc_power.log,rtl_vcd_mapped_dc,"{""accepted_actions"": 32, ""activity_fingerprint"": ""9eac0f41de8ce262be1f4797e9fc0cf0186dfc74d32a0a6561011e73f2736971"", ""clock_features"": {""control_hbm"": 0.0, ""matrix_pe"": 16384.0, ""scalar_machine"": 0.0, ""vector_lane"": 0.0}, ""clock_period_ns"": 1.0, ""completed_actions"": 32, ""component"": ""matrix"", ""dynamic_features"": {""control.frontend_issue"": 0.0, ""hbm.byte"": 0.0, ""hbm.dma_issue"": 0.0, ""hbm.line"": 0.0, ""matrix.active_mac_bit_product"": 32768.0, ""matrix.matrix_vector_bit_product"": 0.0, ""matrix.output_bit"": 8192.0, ""scalar.fp_add_sub_move_bit"": 0.0, ""scalar.fp_multiply_bit2"": 0.0, ""scalar.fp_sfu_bit2"": 0.0, ""scalar.integer_alu_bit"": 0.0, ""scalar.register_access_bit"": 0.0, ""vector.lane_add_sub_bit"": 0.0, ""vector.lane_movement_bit"": 0.0, ""vector.lane_multiply_bit2"": 0.0, ""vector.lane_sfu_bit2"": 0.0, ""vector.reduction_node_bit"": 0.0}, ""measurement_cycles"": 1024, ""measurement_end_ns"": 1032.0, ""measurement_start_ns"": 8.0, ""params"": {""ACC_DEPTH"": 16, ""BLOCK_DIM"": 4, ""L_EXP"": 1, ""L_MANT"": 2, ""T_EXP"": 1, ""T_MANT"": 2, ""mode"": ""mxfp""}, ""pattern"": ""random"", ""requested_actions"": 32, ""schema_version"": 1, ""seed"": 20260722}",3744.989607,0,0,0,,10.16,391116,9eac0f41de8ce262be1f4797e9fc0cf0186dfc74d32a0a6561011e73f2736971,8.0,1032.0,1024,32,32,hash_sidecar_only,2026-07-22T18:54:14.379404+00:00,2026-07-22T18:54:41.791576+00:00,27.439,745080,,3416,3416,100.0,complete,/home/yh3525/FYP/PLENA_Simulator/Workspace/area_new_power_calibration/runs/full_rtl_activity_v1_20260722_193606/reports/power_matrix_f1b2fbf46080/random_32/power.saif_map.rpt,/home/yh3525/FYP/PLENA_Simulator/Workspace/area_new_power_calibration/runs/full_rtl_activity_v1_20260722_193606/reports/power_matrix_f1b2fbf46080/random_32/power.coverage.rpt,/home/yh3525/FYP/PLENA_Simulator/Workspace/area_new_power_calibration/runs/full_rtl_activity_v1_20260722_193606/reports/power_matrix_f1b2fbf46080/random_32/verilator_saif.namemap,0,,unsupported_by_dc_2024_09
power_matrix_mxfp_b4_e1m2,power_matrix_f1b2fbf46080,matrix,random_512,random,512,complete,16384.0,0.2329911,4.2868,4.5197,0.0035593,74050.7648,,/home/yh3525/FYP/PLENA_Simulator/Workspace/area_new_power_calibration/runs/full_rtl_activity_v1_20260722_193606/activity/power_matrix_f1b2fbf46080/random_512.vcd,/home/yh3525/FYP/PLENA_Simulator/Workspace/area_new_power_calibration/runs/full_rtl_activity_v1_20260722_193606/reports/power_matrix_f1b2fbf46080/random_512/power.rpt,/home/yh3525/FYP/PLENA_Simulator/Workspace/area_new_power_calibration/runs/full_rtl_activity_v1_20260722_193606/reports/power_matrix_f1b2fbf46080/random_512/dc_power.log,rtl_vcd_mapped_dc,"{""accepted_actions"": 512, ""activity_fingerprint"": ""9eac0f41de8ce262be1f4797e9fc0cf0186dfc74d32a0a6561011e73f2736971"", ""clock_features"": {""control_hbm"": 0.0, ""matrix_pe"": 262144.0, ""scalar_machine"": 0.0, ""vector_lane"": 0.0}, ""clock_period_ns"": 1.0, ""completed_actions"": 512, ""component"": ""matrix"", ""dynamic_features"": {""control.frontend_issue"": 0.0, ""hbm.byte"": 0.0, ""hbm.dma_issue"": 0.0, ""hbm.line"": 0.0, ""matrix.active_mac_bit_product"": 524288.0, ""matrix.matrix_vector_bit_product"": 0.0, ""matrix.output_bit"": 131072.0, ""scalar.fp_add_sub_move_bit"": 0.0, ""scalar.fp_multiply_bit2"": 0.0, ""scalar.fp_sfu_bit2"": 0.0, ""scalar.integer_alu_bit"": 0.0, ""scalar.register_access_bit"": 0.0, ""vector.lane_add_sub_bit"": 0.0, ""vector.lane_movement_bit"": 0.0, ""vector.lane_multiply_bit2"": 0.0, ""vector.lane_sfu_bit2"": 0.0, ""vector.reduction_node_bit"": 0.0}, ""measurement_cycles"": 16384, ""measurement_end_ns"": 16392.0, ""measurement_start_ns"": 8.0, ""params"": {""ACC_DEPTH"": 16, ""BLOCK_DIM"": 4, ""L_EXP"": 1, ""L_MANT"": 2, ""T_EXP"": 1, ""T_MANT"": 2, ""mode"": ""mxfp""}, ""pattern"": ""random"", ""requested_actions"": 512, ""schema_version"": 1, ""seed"": 20260722}",3744.989607,0,0,0,,23.935,390668,9eac0f41de8ce262be1f4797e9fc0cf0186dfc74d32a0a6561011e73f2736971,8.0,16392.0,16384,512,512,hash_sidecar_only,2026-07-22T18:55:19.936775+00:00,2026-07-22T18:55:48.769464+00:00,28.86,743548,,3416,3416,100.0,complete,/home/yh3525/FYP/PLENA_Simulator/Workspace/area_new_power_calibration/runs/full_rtl_activity_v1_20260722_193606/reports/power_matrix_f1b2fbf46080/random_512/power.saif_map.rpt,/home/yh3525/FYP/PLENA_Simulator/Workspace/area_new_power_calibration/runs/full_rtl_activity_v1_20260722_193606/reports/power_matrix_f1b2fbf46080/random_512/power.coverage.rpt,/home/yh3525/FYP/PLENA_Simulator/Workspace/area_new_power_calibration/runs/full_rtl_activity_v1_20260722_193606/reports/power_matrix_f1b2fbf46080/random_512/verilator_saif.namemap,0,,unsupported_by_dc_2024_09
power_matrix_mxfp_b4_e4m3,power_matrix_7ef8218f6367,matrix,idle_128,idle,128,complete,4096.0,0.0,4.9506,4.9506,0.0039121,20277.6576,,/home/yh3525/FYP/PLENA_Simulator/Workspace/area_new_power_calibration/runs/full_rtl_activity_v1_20260722_193606/activity/power_matrix_7ef8218f6367/idle_128.vcd,/home/yh3525/FYP/PLENA_Simulator/Workspace/area_new_power_calibration/runs/full_rtl_activity_v1_20260722_193606/reports/power_matrix_7ef8218f6367/idle_128/power.rpt,/home/yh3525/FYP/PLENA_Simulator/Workspace/area_new_power_calibration/runs/full_rtl_activity_v1_20260722_193606/reports/power_matrix_7ef8218f6367/idle_128/dc_power.log,rtl_vcd_mapped_dc,"{""accepted_actions"": 0, ""activity_fingerprint"": ""9aa537cbc4b7e45060816654bcac35977bc4e02e404cf800c37eda24e535e64c"", ""clock_features"": {""control_hbm"": 0.0, ""matrix_pe"": 65536.0, ""scalar_machine"": 0.0, ""vector_lane"": 0.0}, ""clock_period_ns"": 1.0, ""completed_actions"": 0, ""component"": ""matrix"", ""dynamic_features"": {""control.frontend_issue"": 0.0, ""hbm.byte"": 0.0, ""hbm.dma_issue"": 0.0, ""hbm.line"": 0.0, ""matrix.active_mac_bit_product"": 0.0, ""matrix.matrix_vector_bit_product"": 0.0, ""matrix.output_bit"": 0.0, ""scalar.fp_add_sub_move_bit"": 0.0, ""scalar.fp_multiply_bit2"": 0.0, ""scalar.fp_sfu_bit2"": 0.0, ""scalar.integer_alu_bit"": 0.0, ""scalar.register_access_bit"": 0.0, ""vector.lane_add_sub_bit"": 0.0, ""vector.lane_movement_bit"": 0.0, ""vector.lane_multiply_bit2"": 0.0, ""vector.lane_sfu_bit2"": 0.0, ""vector.reduction_node_bit"": 0.0}, ""measurement_cycles"": 4096, ""measurement_end_ns"": 4104.0, ""measurement_start_ns"": 8.0, ""params"": {""ACC_DEPTH"": 16, ""BLOCK_DIM"": 4, ""L_EXP"": 4, ""L_MANT"": 3, ""T_EXP"": 4, ""T_MANT"": 3, ""mode"": ""mxfp""}, ""pattern"": ""idle"", ""requested_actions"": 128, ""schema_version"": 1, ""seed"": 20260722}",4266.661999,0,0,0,,10.557,388788,9aa537cbc4b7e45060816654bcac35977bc4e02e404cf800c37eda24e535e64c,8.0,4104.0,4096,0,0,hash_sidecar_only,2026-07-22T18:50:50.401255+00:00,2026-07-22T18:51:17.459666+00:00,27.087,764996,,4056,4056,100.0,complete,/home/yh3525/FYP/PLENA_Simulator/Workspace/area_new_power_calibration/runs/full_rtl_activity_v1_20260722_193606/reports/power_matrix_7ef8218f6367/idle_128/power.saif_map.rpt,/home/yh3525/FYP/PLENA_Simulator/Workspace/area_new_power_calibration/runs/full_rtl_activity_v1_20260722_193606/reports/power_matrix_7ef8218f6367/idle_128/power.coverage.rpt,/home/yh3525/FYP/PLENA_Simulator/Workspace/area_new_power_calibration/runs/full_rtl_activity_v1_20260722_193606/reports/power_matrix_7ef8218f6367/idle_128/verilator_saif.namemap,0,,unsupported_by_dc_2024_09
power_matrix_mxfp_b4_e4m3,power_matrix_7ef8218f6367,matrix,idle_32,idle,32,complete,1024.0,0.0,4.9506,4.9506,0.0039121,5069.4144,,/home/yh3525/FYP/PLENA_Simulator/Workspace/area_new_power_calibration/runs/full_rtl_activity_v1_20260722_193606/activity/power_matrix_7ef8218f6367/idle_32.vcd,/home/yh3525/FYP/PLENA_Simulator/Workspace/area_new_power_calibration/runs/full_rtl_activity_v1_20260722_193606/reports/power_matrix_7ef8218f6367/idle_32/power.rpt,/home/yh3525/FYP/PLENA_Simulator/Workspace/area_new_power_calibration/runs/full_rtl_activity_v1_20260722_193606/reports/power_matrix_7ef8218f6367/idle_32/dc_power.log,rtl_vcd_mapped_dc,"{""accepted_actions"": 0, ""activity_fingerprint"": ""9aa537cbc4b7e45060816654bcac35977bc4e02e404cf800c37eda24e535e64c"", ""clock_features"": {""control_hbm"": 0.0, ""matrix_pe"": 16384.0, ""scalar_machine"": 0.0, ""vector_lane"": 0.0}, ""clock_period_ns"": 1.0, ""completed_actions"": 0, ""component"": ""matrix"", ""dynamic_features"": {""control.frontend_issue"": 0.0, ""hbm.byte"": 0.0, ""hbm.dma_issue"": 0.0, ""hbm.line"": 0.0, ""matrix.active_mac_bit_product"": 0.0, ""matrix.matrix_vector_bit_product"": 0.0, ""matrix.output_bit"": 0.0, ""scalar.fp_add_sub_move_bit"": 0.0, ""scalar.fp_multiply_bit2"": 0.0, ""scalar.fp_sfu_bit2"": 0.0, ""scalar.integer_alu_bit"": 0.0, ""scalar.register_access_bit"": 0.0, ""vector.lane_add_sub_bit"": 0.0, ""vector.lane_movement_bit"": 0.0, ""vector.lane_multiply_bit2"": 0.0, ""vector.lane_sfu_bit2"": 0.0, ""vector.reduction_node_bit"": 0.0}, ""measurement_cycles"": 1024, ""measurement_end_ns"": 1032.0, ""measurement_start_ns"": 8.0, ""params"": {""ACC_DEPTH"": 16, ""BLOCK_DIM"": 4, ""L_EXP"": 4, ""L_MANT"": 3, ""T_EXP"": 4, ""T_MANT"": 3, ""mode"": ""mxfp""}, ""pattern"": ""idle"", ""requested_actions"": 32, ""schema_version"": 1, ""seed"": 20260722}",4266.661999,0,0,0,,44.464,396360,9aa537cbc4b7e45060816654bcac35977bc4e02e404cf800c37eda24e535e64c,8.0,1032.0,1024,0,0,hash_sidecar_only,2026-07-22T18:50:10.897883+00:00,2026-07-22T18:50:45.416497+00:00,34.551,765508,,4056,4056,100.0,complete,/home/yh3525/FYP/PLENA_Simulator/Workspace/area_new_power_calibration/runs/full_rtl_activity_v1_20260722_193606/reports/power_matrix_7ef8218f6367/idle_32/power.saif_map.rpt,/home/yh3525/FYP/PLENA_Simulator/Workspace/area_new_power_calibration/runs/full_rtl_activity_v1_20260722_193606/reports/power_matrix_7ef8218f6367/idle_32/power.coverage.rpt,/home/yh3525/FYP/PLENA_Simulator/Workspace/area_new_power_calibration/runs/full_rtl_activity_v1_20260722_193606/reports/power_matrix_7ef8218f6367/idle_32/verilator_saif.namemap,0,,unsupported_by_dc_2024_09
power_matrix_mxfp_b4_e4m3,power_matrix_7ef8218f6367,matrix,idle_512,idle,512,complete,16384.0,0.0,4.9506,4.9506,0.0039121,81110.6304,,/home/yh3525/FYP/PLENA_Simulator/Workspace/area_new_power_calibration/runs/full_rtl_activity_v1_20260722_193606/activity/power_matrix_7ef8218f6367/idle_512.vcd,/home/yh3525/FYP/PLENA_Simulator/Workspace/area_new_power_calibration/runs/full_rtl_activity_v1_20260722_193606/reports/power_matrix_7ef8218f6367/idle_512/power.rpt,/home/yh3525/FYP/PLENA_Simulator/Workspace/area_new_power_calibration/runs/full_rtl_activity_v1_20260722_193606/reports/power_matrix_7ef8218f6367/idle_512/dc_power.log,rtl_vcd_mapped_dc,"{""accepted_actions"": 0, ""activity_fingerprint"": ""9aa537cbc4b7e45060816654bcac35977bc4e02e404cf800c37eda24e535e64c"", ""clock_features"": {""control_hbm"": 0.0, ""matrix_pe"": 262144.0, ""scalar_machine"": 0.0, ""vector_lane"": 0.0}, ""clock_period_ns"": 1.0, ""completed_actions"": 0, ""component"": ""matrix"", ""dynamic_features"": {""control.frontend_issue"": 0.0, ""hbm.byte"": 0.0, ""hbm.dma_issue"": 0.0, ""hbm.line"": 0.0, ""matrix.active_mac_bit_product"": 0.0, ""matrix.matrix_vector_bit_product"": 0.0, ""matrix.output_bit"": 0.0, ""scalar.fp_add_sub_move_bit"": 0.0, ""scalar.fp_multiply_bit2"": 0.0, ""scalar.fp_sfu_bit2"": 0.0, ""scalar.integer_alu_bit"": 0.0, ""scalar.register_access_bit"": 0.0, ""vector.lane_add_sub_bit"": 0.0, ""vector.lane_movement_bit"": 0.0, ""vector.lane_multiply_bit2"": 0.0, ""vector.lane_sfu_bit2"": 0.0, ""vector.reduction_node_bit"": 0.0}, ""measurement_cycles"": 16384, ""measurement_end_ns"": 16392.0, ""measurement_start_ns"": 8.0, ""params"": {""ACC_DEPTH"": 16, ""BLOCK_DIM"": 4, ""L_EXP"": 4, ""L_MANT"": 3, ""T_EXP"": 4, ""T_MANT"": 3, ""mode"": ""mxfp""}, ""pattern"": ""idle"", ""requested_actions"": 512, ""schema_version"": 1, ""seed"": 20260722}",4266.661999,0,0,0,,15.979,389804,9aa537cbc4b7e45060816654bcac35977bc4e02e404cf800c37eda24e535e64c,8.0,16392.0,16384,0,0,hash_sidecar_only,2026-07-22T18:51:16.421572+00:00,2026-07-22T18:51:44.061072+00:00,27.779,768620,,4056,4056,100.0,complete,/home/yh3525/FYP/PLENA_Simulator/Workspace/area_new_power_calibration/runs/full_rtl_activity_v1_20260722_193606/reports/power_matrix_7ef8218f6367/idle_512/power.saif_map.rpt,/home/yh3525/FYP/PLENA_Simulator/Workspace/area_new_power_calibration/runs/full_rtl_activity_v1_20260722_193606/reports/power_matrix_7ef8218f6367/idle_512/power.coverage.rpt,/home/yh3525/FYP/PLENA_Simulator/Workspace/area_new_power_calibration/runs/full_rtl_activity_v1_20260722_193606/reports/power_matrix_7ef8218f6367/idle_512/verilator_saif.namemap,0,,unsupported_by_dc_2024_09
power_matrix_mxfp_b4_e4m3,power_matrix_7ef8218f6367,matrix,low_toggle_128,low-toggle,128,complete,4096.0,0.0572163,4.9795,5.0367,0.0039375,20630.3232,,/home/yh3525/FYP/PLENA_Simulator/Workspace/area_new_power_calibration/runs/full_rtl_activity_v1_20260722_193606/activity/power_matrix_7ef8218f6367/low_toggle_128.vcd,/home/yh3525/FYP/PLENA_Simulator/Workspace/area_new_power_calibration/runs/full_rtl_activity_v1_20260722_193606/reports/power_matrix_7ef8218f6367/low_toggle_128/power.rpt,/home/yh3525/FYP/PLENA_Simulator/Workspace/area_new_power_calibration/runs/full_rtl_activity_v1_20260722_193606/reports/power_matrix_7ef8218f6367/low_toggle_128/dc_power.log,rtl_vcd_mapped_dc,"{""accepted_actions"": 128, ""activity_fingerprint"": ""9aa537cbc4b7e45060816654bcac35977bc4e02e404cf800c37eda24e535e64c"", ""clock_features"": {""control_hbm"": 0.0, ""matrix_pe"": 65536.0, ""scalar_machine"": 0.0, ""vector_lane"": 0.0}, ""clock_period_ns"": 1.0, ""completed_actions"": 128, ""component"": ""matrix"", ""dynamic_features"": {""control.frontend_issue"": 0.0, ""hbm.byte"": 0.0, ""hbm.dma_issue"": 0.0, ""hbm.line"": 0.0, ""matrix.active_mac_bit_product"": 524288.0, ""matrix.matrix_vector_bit_product"": 0.0, ""matrix.output_bit"": 32768.0, ""scalar.fp_add_sub_move_bit"": 0.0, ""scalar.fp_multiply_bit2"": 0.0, ""scalar.fp_sfu_bit2"": 0.0, ""scalar.integer_alu_bit"": 0.0, ""scalar.register_access_bit"": 0.0, ""vector.lane_add_sub_bit"": 0.0, ""vector.lane_movement_bit"": 0.0, ""vector.lane_multiply_bit2"": 0.0, ""vector.lane_sfu_bit2"": 0.0, ""vector.reduction_node_bit"": 0.0}, ""measurement_cycles"": 4096, ""measurement_end_ns"": 4104.0, ""measurement_start_ns"": 8.0, ""params"": {""ACC_DEPTH"": 16, ""BLOCK_DIM"": 4, ""L_EXP"": 4, ""L_MANT"": 3, ""T_EXP"": 4, ""T_MANT"": 3, ""mode"": ""mxfp""}, ""pattern"": ""low-toggle"", ""requested_actions"": 128, ""schema_version"": 1, ""seed"": 20260722}",4266.661999,0,0,0,,11.08,387652,9aa537cbc4b7e45060816654bcac35977bc4e02e404cf800c37eda24e535e64c,8.0,4104.0,4096,128,128,hash_sidecar_only,2026-07-22T18:51:44.094388+00:00,2026-07-22T18:52:11.610817+00:00,27.548,767088,,4056,4056,100.0,complete,/home/yh3525/FYP/PLENA_Simulator/Workspace/area_new_power_calibration/runs/full_rtl_activity_v1_20260722_193606/reports/power_matrix_7ef8218f6367/low_toggle_128/power.saif_map.rpt,/home/yh3525/FYP/PLENA_Simulator/Workspace/area_new_power_calibration/runs/full_rtl_activity_v1_20260722_193606/reports/power_matrix_7ef8218f6367/low_toggle_128/power.coverage.rpt,/home/yh3525/FYP/PLENA_Simulator/Workspace/area_new_power_calibration/runs/full_rtl_activity_v1_20260722_193606/reports/power_matrix_7ef8218f6367/low_toggle_128/verilator_saif.namemap,0,,unsupported_by_dc_2024_09
power_matrix_mxfp_b4_e4m3,power_matrix_7ef8218f6367,matrix,mixed_holdout_128,mixed-kernel-holdout,128,complete,4096.0,0.2802722,5.0783,5.3586,0.0040138,21948.8256,,/home/yh3525/FYP/PLENA_Simulator/Workspace/area_new_power_calibration/runs/full_rtl_activity_v1_20260722_193606/activity/power_matrix_7ef8218f6367/mixed_holdout_128.vcd.gz,/home/yh3525/FYP/PLENA_Simulator/Workspace/area_new_power_calibration/runs/full_rtl_activity_v1_20260722_193606/reports/power_matrix_7ef8218f6367/mixed_holdout_128/power.rpt,/home/yh3525/FYP/PLENA_Simulator/Workspace/area_new_power_calibration/runs/full_rtl_activity_v1_20260722_193606/reports/power_matrix_7ef8218f6367/mixed_holdout_128/dc_power.log,rtl_vcd_mapped_dc,"{""accepted_actions"": 128, ""activity_fingerprint"": ""9aa537cbc4b7e45060816654bcac35977bc4e02e404cf800c37eda24e535e64c"", ""clock_features"": {""control_hbm"": 0.0, ""matrix_pe"": 65536.0, ""scalar_machine"": 0.0, ""vector_lane"": 0.0}, ""clock_period_ns"": 1.0, ""completed_actions"": 128, ""component"": ""matrix"", ""dynamic_features"": {""control.frontend_issue"": 0.0, ""hbm.byte"": 0.0, ""hbm.dma_issue"": 0.0, ""hbm.line"": 0.0, ""matrix.active_mac_bit_product"": 524288.0, ""matrix.matrix_vector_bit_product"": 0.0, ""matrix.output_bit"": 32768.0, ""scalar.fp_add_sub_move_bit"": 0.0, ""scalar.fp_multiply_bit2"": 0.0, ""scalar.fp_sfu_bit2"": 0.0, ""scalar.integer_alu_bit"": 0.0, ""scalar.register_access_bit"": 0.0, ""vector.lane_add_sub_bit"": 0.0, ""vector.lane_movement_bit"": 0.0, ""vector.lane_multiply_bit2"": 0.0, ""vector.lane_sfu_bit2"": 0.0, ""vector.reduction_node_bit"": 0.0}, ""measurement_cycles"": 4096, ""measurement_end_ns"": 4104.0, ""measurement_start_ns"": 8.0, ""params"": {""ACC_DEPTH"": 16, ""BLOCK_DIM"": 4, ""L_EXP"": 4, ""L_MANT"": 3, ""T_EXP"": 4, ""T_MANT"": 3, ""mode"": ""mxfp""}, ""pattern"": ""mixed-kernel-holdout"", ""requested_actions"": 128, ""schema_version"": 1, ""seed"": 20260722}",4266.661999,0,0,0,,11.536,390888,9aa537cbc4b7e45060816654bcac35977bc4e02e404cf800c37eda24e535e64c,8.0,4104.0,4096,128,128,gzip_validation,2026-07-22T18:51:50.355362+00:00,2026-07-22T18:52:21.687347+00:00,31.434,764508,,4056,4056,100.0,complete,/home/yh3525/FYP/PLENA_Simulator/Workspace/area_new_power_calibration/runs/full_rtl_activity_v1_20260722_193606/reports/power_matrix_7ef8218f6367/mixed_holdout_128/power.saif_map.rpt,/home/yh3525/FYP/PLENA_Simulator/Workspace/area_new_power_calibration/runs/full_rtl_activity_v1_20260722_193606/reports/power_matrix_7ef8218f6367/mixed_holdout_128/power.coverage.rpt,/home/yh3525/FYP/PLENA_Simulator/Workspace/area_new_power_calibration/runs/full_rtl_activity_v1_20260722_193606/reports/power_matrix_7ef8218f6367/mixed_holdout_128/verilator_saif.namemap,0,,unsupported_by_dc_2024_09
power_matrix_mxfp_b4_e4m3,power_matrix_7ef8218f6367,matrix,qwen_128,representative-qwen,128,complete,4096.0,0.0644975,4.989,5.0535,0.0039418000000000005,20699.136,,/home/yh3525/FYP/PLENA_Simulator/Workspace/area_new_power_calibration/runs/full_rtl_activity_v1_20260722_193606/activity/power_matrix_7ef8218f6367/qwen_128.vcd.gz,/home/yh3525/FYP/PLENA_Simulator/Workspace/area_new_power_calibration/runs/full_rtl_activity_v1_20260722_193606/reports/power_matrix_7ef8218f6367/qwen_128/power.rpt,/home/yh3525/FYP/PLENA_Simulator/Workspace/area_new_power_calibration/runs/full_rtl_activity_v1_20260722_193606/reports/power_matrix_7ef8218f6367/qwen_128/dc_power.log,rtl_vcd_mapped_dc,"{""accepted_actions"": 128, ""activity_fingerprint"": ""9aa537cbc4b7e45060816654bcac35977bc4e02e404cf800c37eda24e535e64c"", ""clock_features"": {""control_hbm"": 0.0, ""matrix_pe"": 65536.0, ""scalar_machine"": 0.0, ""vector_lane"": 0.0}, ""clock_period_ns"": 1.0, ""completed_actions"": 128, ""component"": ""matrix"", ""dynamic_features"": {""control.frontend_issue"": 0.0, ""hbm.byte"": 0.0, ""hbm.dma_issue"": 0.0, ""hbm.line"": 0.0, ""matrix.active_mac_bit_product"": 524288.0, ""matrix.matrix_vector_bit_product"": 0.0, ""matrix.output_bit"": 32768.0, ""scalar.fp_add_sub_move_bit"": 0.0, ""scalar.fp_multiply_bit2"": 0.0, ""scalar.fp_sfu_bit2"": 0.0, ""scalar.integer_alu_bit"": 0.0, ""scalar.register_access_bit"": 0.0, ""vector.lane_add_sub_bit"": 0.0, ""vector.lane_movement_bit"": 0.0, ""vector.lane_multiply_bit2"": 0.0, ""vector.lane_sfu_bit2"": 0.0, ""vector.reduction_node_bit"": 0.0}, ""measurement_cycles"": 4096, ""measurement_end_ns"": 4104.0, ""measurement_start_ns"": 8.0, ""params"": {""ACC_DEPTH"": 16, ""BLOCK_DIM"": 4, ""L_EXP"": 4, ""L_MANT"": 3, ""T_EXP"": 4, ""T_MANT"": 3, ""mode"": ""mxfp""}, ""pattern"": ""representative-qwen"", ""requested_actions"": 128, ""schema_version"": 1, ""seed"": 20260722}",4266.661999,0,0,0,,10.857,390256,9aa537cbc4b7e45060816654bcac35977bc4e02e404cf800c37eda24e535e64c,8.0,4104.0,4096,128,128,gzip_validation,2026-07-22T18:51:50.358441+00:00,2026-07-22T18:52:17.816000+00:00,27.562,764556,,4056,4056,100.0,complete,/home/yh3525/FYP/PLENA_Simulator/Workspace/area_new_power_calibration/runs/full_rtl_activity_v1_20260722_193606/reports/power_matrix_7ef8218f6367/qwen_128/power.saif_map.rpt,/home/yh3525/FYP/PLENA_Simulator/Workspace/area_new_power_calibration/runs/full_rtl_activity_v1_20260722_193606/reports/power_matrix_7ef8218f6367/qwen_128/power.coverage.rpt,/home/yh3525/FYP/PLENA_Simulator/Workspace/area_new_power_calibration/runs/full_rtl_activity_v1_20260722_193606/reports/power_matrix_7ef8218f6367/qwen_128/verilator_saif.namemap,0,,unsupported_by_dc_2024_09
power_matrix_mxfp_b4_e4m3,power_matrix_7ef8218f6367,matrix,random_128,random,128,complete,4096.0,0.33840620000000005,5.1221,5.4605,0.004017000000000001,22366.208,,/home/yh3525/FYP/PLENA_Simulator/Workspace/area_new_power_calibration/runs/full_rtl_activity_v1_20260722_193606/activity/power_matrix_7ef8218f6367/random_128.vcd,/home/yh3525/FYP/PLENA_Simulator/Workspace/area_new_power_calibration/runs/full_rtl_activity_v1_20260722_193606/reports/power_matrix_7ef8218f6367/random_128/power.rpt,/home/yh3525/FYP/PLENA_Simulator/Workspace/area_new_power_calibration/runs/full_rtl_activity_v1_20260722_193606/reports/power_matrix_7ef8218f6367/random_128/dc_power.log,rtl_vcd_mapped_dc,"{""accepted_actions"": 128, ""activity_fingerprint"": ""9aa537cbc4b7e45060816654bcac35977bc4e02e404cf800c37eda24e535e64c"", ""clock_features"": {""control_hbm"": 0.0, ""matrix_pe"": 65536.0, ""scalar_machine"": 0.0, ""vector_lane"": 0.0}, ""clock_period_ns"": 1.0, ""completed_actions"": 128, ""component"": ""matrix"", ""dynamic_features"": {""control.frontend_issue"": 0.0, ""hbm.byte"": 0.0, ""hbm.dma_issue"": 0.0, ""hbm.line"": 0.0, ""matrix.active_mac_bit_product"": 524288.0, ""matrix.matrix_vector_bit_product"": 0.0, ""matrix.output_bit"": 32768.0, ""scalar.fp_add_sub_move_bit"": 0.0, ""scalar.fp_multiply_bit2"": 0.0, ""scalar.fp_sfu_bit2"": 0.0, ""scalar.integer_alu_bit"": 0.0, ""scalar.register_access_bit"": 0.0, ""vector.lane_add_sub_bit"": 0.0, ""vector.lane_movement_bit"": 0.0, ""vector.lane_multiply_bit2"": 0.0, ""vector.lane_sfu_bit2"": 0.0, ""vector.reduction_node_bit"": 0.0}, ""measurement_cycles"": 4096, ""measurement_end_ns"": 4104.0, ""measurement_start_ns"": 8.0, ""params"": {""ACC_DEPTH"": 16, ""BLOCK_DIM"": 4, ""L_EXP"": 4, ""L_MANT"": 3, ""T_EXP"": 4, ""T_MANT"": 3, ""mode"": ""mxfp""}, ""pattern"": ""random"", ""requested_actions"": 128, ""schema_version"": 1, ""seed"": 20260722}",4266.661999,0,0,0,,11.411,391328,9aa537cbc4b7e45060816654bcac35977bc4e02e404cf800c37eda24e535e64c,8.0,4104.0,4096,128,128,hash_sidecar_only,2026-07-22T18:50:45.449908+00:00,2026-07-22T18:51:16.272209+00:00,30.851,766108,,4056,4056,100.0,complete,/home/yh3525/FYP/PLENA_Simulator/Workspace/area_new_power_calibration/runs/full_rtl_activity_v1_20260722_193606/reports/power_matrix_7ef8218f6367/random_128/power.saif_map.rpt,/home/yh3525/FYP/PLENA_Simulator/Workspace/area_new_power_calibration/runs/full_rtl_activity_v1_20260722_193606/reports/power_matrix_7ef8218f6367/random_128/power.coverage.rpt,/home/yh3525/FYP/PLENA_Simulator/Workspace/area_new_power_calibration/runs/full_rtl_activity_v1_20260722_193606/reports/power_matrix_7ef8218f6367/random_128/verilator_saif.namemap,0,,unsupported_by_dc_2024_09
power_matrix_mxfp_b4_e4m3,power_matrix_7ef8218f6367,matrix,random_32,random,32,complete,1024.0,0.3342498,5.1184,5.4527,0.004017000000000001,5583.5648,,/home/yh3525/FYP/PLENA_Simulator/Workspace/area_new_power_calibration/runs/full_rtl_activity_v1_20260722_193606/activity/power_matrix_7ef8218f6367/random_32.vcd,/home/yh3525/FYP/PLENA_Simulator/Workspace/area_new_power_calibration/runs/full_rtl_activity_v1_20260722_193606/reports/power_matrix_7ef8218f6367/random_32/power.rpt,/home/yh3525/FYP/PLENA_Simulator/Workspace/area_new_power_calibration/runs/full_rtl_activity_v1_20260722_193606/reports/power_matrix_7ef8218f6367/random_32/dc_power.log,rtl_vcd_mapped_dc,"{""accepted_actions"": 32, ""activity_fingerprint"": ""9aa537cbc4b7e45060816654bcac35977bc4e02e404cf800c37eda24e535e64c"", ""clock_features"": {""control_hbm"": 0.0, ""matrix_pe"": 16384.0, ""scalar_machine"": 0.0, ""vector_lane"": 0.0}, ""clock_period_ns"": 1.0, ""completed_actions"": 32, ""component"": ""matrix"", ""dynamic_features"": {""control.frontend_issue"": 0.0, ""hbm.byte"": 0.0, ""hbm.dma_issue"": 0.0, ""hbm.line"": 0.0, ""matrix.active_mac_bit_product"": 131072.0, ""matrix.matrix_vector_bit_product"": 0.0, ""matrix.output_bit"": 8192.0, ""scalar.fp_add_sub_move_bit"": 0.0, ""scalar.fp_multiply_bit2"": 0.0, ""scalar.fp_sfu_bit2"": 0.0, ""scalar.integer_alu_bit"": 0.0, ""scalar.register_access_bit"": 0.0, ""vector.lane_add_sub_bit"": 0.0, ""vector.lane_movement_bit"": 0.0, ""vector.lane_multiply_bit2"": 0.0, ""vector.lane_sfu_bit2"": 0.0, ""vector.reduction_node_bit"": 0.0}, ""measurement_cycles"": 1024, ""measurement_end_ns"": 1032.0, ""measurement_start_ns"": 8.0, ""params"": {""ACC_DEPTH"": 16, ""BLOCK_DIM"": 4, ""L_EXP"": 4, ""L_MANT"": 3, ""T_EXP"": 4, ""T_MANT"": 3, ""mode"": ""mxfp""}, ""pattern"": ""random"", ""requested_actions"": 32, ""schema_version"": 1, ""seed"": 20260722}",4266.661999,0,0,0,,9.588,390728,9aa537cbc4b7e45060816654bcac35977bc4e02e404cf800c37eda24e535e64c,8.0,1032.0,1024,32,32,hash_sidecar_only,2026-07-22T18:50:20.542043+00:00,2026-07-22T18:50:50.367470+00:00,29.867,765040,,4056,4056,100.0,complete,/home/yh3525/FYP/PLENA_Simulator/Workspace/area_new_power_calibration/runs/full_rtl_activity_v1_20260722_193606/reports/power_matrix_7ef8218f6367/random_32/power.saif_map.rpt,/home/yh3525/FYP/PLENA_Simulator/Workspace/area_new_power_calibration/runs/full_rtl_activity_v1_20260722_193606/reports/power_matrix_7ef8218f6367/random_32/power.coverage.rpt,/home/yh3525/FYP/PLENA_Simulator/Workspace/area_new_power_calibration/runs/full_rtl_activity_v1_20260722_193606/reports/power_matrix_7ef8218f6367/random_32/verilator_saif.namemap,0,,unsupported_by_dc_2024_09
power_matrix_mxfp_b4_e4m3,power_matrix_7ef8218f6367,matrix,random_512,random,512,complete,16384.0,0.3368356,5.1195,5.4563,0.0040174,89396.0192,,/home/yh3525/FYP/PLENA_Simulator/Workspace/area_new_power_calibration/runs/full_rtl_activity_v1_20260722_193606/activity/power_matrix_7ef8218f6367/random_512.vcd,/home/yh3525/FYP/PLENA_Simulator/Workspace/area_new_power_calibration/runs/full_rtl_activity_v1_20260722_193606/reports/power_matrix_7ef8218f6367/random_512/power.rpt,/home/yh3525/FYP/PLENA_Simulator/Workspace/area_new_power_calibration/runs/full_rtl_activity_v1_20260722_193606/reports/power_matrix_7ef8218f6367/random_512/dc_power.log,rtl_vcd_mapped_dc,"{""accepted_actions"": 512, ""activity_fingerprint"": ""9aa537cbc4b7e45060816654bcac35977bc4e02e404cf800c37eda24e535e64c"", ""clock_features"": {""control_hbm"": 0.0, ""matrix_pe"": 262144.0, ""scalar_machine"": 0.0, ""vector_lane"": 0.0}, ""clock_period_ns"": 1.0, ""completed_actions"": 512, ""component"": ""matrix"", ""dynamic_features"": {""control.frontend_issue"": 0.0, ""hbm.byte"": 0.0, ""hbm.dma_issue"": 0.0, ""hbm.line"": 0.0, ""matrix.active_mac_bit_product"": 2097152.0, ""matrix.matrix_vector_bit_product"": 0.0, ""matrix.output_bit"": 131072.0, ""scalar.fp_add_sub_move_bit"": 0.0, ""scalar.fp_multiply_bit2"": 0.0, ""scalar.fp_sfu_bit2"": 0.0, ""scalar.integer_alu_bit"": 0.0, ""scalar.register_access_bit"": 0.0, ""vector.lane_add_sub_bit"": 0.0, ""vector.lane_movement_bit"": 0.0, ""vector.lane_multiply_bit2"": 0.0, ""vector.lane_sfu_bit2"": 0.0, ""vector.reduction_node_bit"": 0.0}, ""measurement_cycles"": 16384, ""measurement_end_ns"": 16392.0, ""measurement_start_ns"": 8.0, ""params"": {""ACC_DEPTH"": 16, ""BLOCK_DIM"": 4, ""L_EXP"": 4, ""L_MANT"": 3, ""T_EXP"": 4, ""T_MANT"": 3, ""mode"": ""mxfp""}, ""pattern"": ""random"", ""requested_actions"": 512, ""schema_version"": 1, ""seed"": 20260722}",4266.661999,0,0,0,,17.807,390484,9aa537cbc4b7e45060816654bcac35977bc4e02e404cf800c37eda24e535e64c,8.0,16392.0,16384,512,512,hash_sidecar_only,2026-07-22T18:51:17.498149+00:00,2026-07-22T18:51:51.335079+00:00,33.874,765440,,4056,4056,100.0,complete,/home/yh3525/FYP/PLENA_Simulator/Workspace/area_new_power_calibration/runs/full_rtl_activity_v1_20260722_193606/reports/power_matrix_7ef8218f6367/random_512/power.saif_map.rpt,/home/yh3525/FYP/PLENA_Simulator/Workspace/area_new_power_calibration/runs/full_rtl_activity_v1_20260722_193606/reports/power_matrix_7ef8218f6367/random_512/power.coverage.rpt,/home/yh3525/FYP/PLENA_Simulator/Workspace/area_new_power_calibration/runs/full_rtl_activity_v1_20260722_193606/reports/power_matrix_7ef8218f6367/random_512/verilator_saif.namemap,0,,unsupported_by_dc_2024_09
power_matrix_mxint_b4_t4_l2,power_matrix_b60a0a8b5e4a,matrix,idle_128,idle,128,complete,4096.0,0.0,1.38,1.38,0.0007002501999999999,5652.48,,/home/yh3525/FYP/PLENA_Simulator/Workspace/area_new_power_calibration/runs/full_rtl_activity_v1_20260722_193606/activity/power_matrix_b60a0a8b5e4a/idle_128.vcd,/home/yh3525/FYP/PLENA_Simulator/Workspace/area_new_power_calibration/runs/full_rtl_activity_v1_20260722_193606/reports/power_matrix_b60a0a8b5e4a/idle_128/power.rpt,/home/yh3525/FYP/PLENA_Simulator/Workspace/area_new_power_calibration/runs/full_rtl_activity_v1_20260722_193606/reports/power_matrix_b60a0a8b5e4a/idle_128/dc_power.log,rtl_vcd_mapped_dc,"{""accepted_actions"": 0, ""activity_fingerprint"": ""6e77ac2d479c2c88c772564ebb341bf2c0c411b932a0e04e716d070316d4eb6b"", ""clock_features"": {""control_hbm"": 0.0, ""matrix_pe"": 65536.0, ""scalar_machine"": 0.0, ""vector_lane"": 0.0}, ""clock_period_ns"": 1.0, ""completed_actions"": 0, ""component"": ""matrix"", ""dynamic_features"": {""control.frontend_issue"": 0.0, ""hbm.byte"": 0.0, ""hbm.dma_issue"": 0.0, ""hbm.line"": 0.0, ""matrix.active_mac_bit_product"": 0.0, ""matrix.matrix_vector_bit_product"": 0.0, ""matrix.output_bit"": 0.0, ""scalar.fp_add_sub_move_bit"": 0.0, ""scalar.fp_multiply_bit2"": 0.0, ""scalar.fp_sfu_bit2"": 0.0, ""scalar.integer_alu_bit"": 0.0, ""scalar.register_access_bit"": 0.0, ""vector.lane_add_sub_bit"": 0.0, ""vector.lane_movement_bit"": 0.0, ""vector.lane_multiply_bit2"": 0.0, ""vector.lane_sfu_bit2"": 0.0, ""vector.reduction_node_bit"": 0.0}, ""measurement_cycles"": 4096, ""measurement_end_ns"": 4104.0, ""measurement_start_ns"": 8.0, ""params"": {""ACC_DEPTH"": 16, ""BLOCK_DIM"": 4, ""L_BITS"": 2, ""T_BITS"": 4, ""mode"": ""mxint""}, ""pattern"": ""idle"", ""requested_actions"": 128, ""schema_version"": 1, ""seed"": 20260722}",778.163747,0,0,0,,9.814,386260,6e77ac2d479c2c88c772564ebb341bf2c0c411b932a0e04e716d070316d4eb6b,8.0,4104.0,4096,0,0,hash_sidecar_only,2026-07-22T18:40:14.126699+00:00,2026-07-22T18:40:27.140545+00:00,13.024,737900,,1131,1131,100.0,complete,/home/yh3525/FYP/PLENA_Simulator/Workspace/area_new_power_calibration/runs/full_rtl_activity_v1_20260722_193606/reports/power_matrix_b60a0a8b5e4a/idle_128/power.saif_map.rpt,/home/yh3525/FYP/PLENA_Simulator/Workspace/area_new_power_calibration/runs/full_rtl_activity_v1_20260722_193606/reports/power_matrix_b60a0a8b5e4a/idle_128/power.coverage.rpt,/home/yh3525/FYP/PLENA_Simulator/Workspace/area_new_power_calibration/runs/full_rtl_activity_v1_20260722_193606/reports/power_matrix_b60a0a8b5e4a/idle_128/verilator_saif.namemap,0,,unsupported_by_dc_2024_09
power_matrix_mxint_b4_t4_l2,power_matrix_b60a0a8b5e4a,matrix,idle_32,idle,32,complete,1024.0,0.0,1.38,1.38,0.0007002501999999999,1413.12,,/home/yh3525/FYP/PLENA_Simulator/Workspace/area_new_power_calibration/runs/full_rtl_activity_v1_20260722_193606/activity/power_matrix_b60a0a8b5e4a/idle_32.vcd,/home/yh3525/FYP/PLENA_Simulator/Workspace/area_new_power_calibration/runs/full_rtl_activity_v1_20260722_193606/reports/power_matrix_b60a0a8b5e4a/idle_32/power.rpt,/home/yh3525/FYP/PLENA_Simulator/Workspace/area_new_power_calibration/runs/full_rtl_activity_v1_20260722_193606/reports/power_matrix_b60a0a8b5e4a/idle_32/dc_power.log,rtl_vcd_mapped_dc,"{""accepted_actions"": 0, ""activity_fingerprint"": ""6e77ac2d479c2c88c772564ebb341bf2c0c411b932a0e04e716d070316d4eb6b"", ""clock_features"": {""control_hbm"": 0.0, ""matrix_pe"": 16384.0, ""scalar_machine"": 0.0, ""vector_lane"": 0.0}, ""clock_period_ns"": 1.0, ""completed_actions"": 0, ""component"": ""matrix"", ""dynamic_features"": {""control.frontend_issue"": 0.0, ""hbm.byte"": 0.0, ""hbm.dma_issue"": 0.0, ""hbm.line"": 0.0, ""matrix.active_mac_bit_product"": 0.0, ""matrix.matrix_vector_bit_product"": 0.0, ""matrix.output_bit"": 0.0, ""scalar.fp_add_sub_move_bit"": 0.0, ""scalar.fp_multiply_bit2"": 0.0, ""scalar.fp_sfu_bit2"": 0.0, ""scalar.integer_alu_bit"": 0.0, ""scalar.register_access_bit"": 0.0, ""vector.lane_add_sub_bit"": 0.0, ""vector.lane_movement_bit"": 0.0, ""vector.lane_multiply_bit2"": 0.0, ""vector.lane_sfu_bit2"": 0.0, ""vector.reduction_node_bit"": 0.0}, ""measurement_cycles"": 1024, ""measurement_end_ns"": 1032.0, ""measurement_start_ns"": 8.0, ""params"": {""ACC_DEPTH"": 16, ""BLOCK_DIM"": 4, ""L_BITS"": 2, ""T_BITS"": 4, ""mode"": ""mxint""}, ""pattern"": ""idle"", ""requested_actions"": 32, ""schema_version"": 1, ""seed"": 20260722}",778.163747,0,0,0,,23.486,386388,6e77ac2d479c2c88c772564ebb341bf2c0c411b932a0e04e716d070316d4eb6b,8.0,1032.0,1024,0,0,hash_sidecar_only,2026-07-22T18:39:55.133978+00:00,2026-07-22T18:40:07.897436+00:00,12.778,737880,,1131,1131,100.0,complete,/home/yh3525/FYP/PLENA_Simulator/Workspace/area_new_power_calibration/runs/full_rtl_activity_v1_20260722_193606/reports/power_matrix_b60a0a8b5e4a/idle_32/power.saif_map.rpt,/home/yh3525/FYP/PLENA_Simulator/Workspace/area_new_power_calibration/runs/full_rtl_activity_v1_20260722_193606/reports/power_matrix_b60a0a8b5e4a/idle_32/power.coverage.rpt,/home/yh3525/FYP/PLENA_Simulator/Workspace/area_new_power_calibration/runs/full_rtl_activity_v1_20260722_193606/reports/power_matrix_b60a0a8b5e4a/idle_32/verilator_saif.namemap,0,,unsupported_by_dc_2024_09
power_matrix_mxint_b4_t4_l2,power_matrix_b60a0a8b5e4a,matrix,idle_512,idle,512,complete,16384.0,0.0,1.38,1.38,0.0007002501999999999,22609.92,,/home/yh3525/FYP/PLENA_Simulator/Workspace/area_new_power_calibration/runs/full_rtl_activity_v1_20260722_193606/activity/power_matrix_b60a0a8b5e4a/idle_512.vcd,/home/yh3525/FYP/PLENA_Simulator/Workspace/area_new_power_calibration/runs/full_rtl_activity_v1_20260722_193606/reports/power_matrix_b60a0a8b5e4a/idle_512/power.rpt,/home/yh3525/FYP/PLENA_Simulator/Workspace/area_new_power_calibration/runs/full_rtl_activity_v1_20260722_193606/reports/power_matrix_b60a0a8b5e4a/idle_512/dc_power.log,rtl_vcd_mapped_dc,"{""accepted_actions"": 0, ""activity_fingerprint"": ""6e77ac2d479c2c88c772564ebb341bf2c0c411b932a0e04e716d070316d4eb6b"", ""clock_features"": {""control_hbm"": 0.0, ""matrix_pe"": 262144.0, ""scalar_machine"": 0.0, ""vector_lane"": 0.0}, ""clock_period_ns"": 1.0, ""completed_actions"": 0, ""component"": ""matrix"", ""dynamic_features"": {""control.frontend_issue"": 0.0, ""hbm.byte"": 0.0, ""hbm.dma_issue"": 0.0, ""hbm.line"": 0.0, ""matrix.active_mac_bit_product"": 0.0, ""matrix.matrix_vector_bit_product"": 0.0, ""matrix.output_bit"": 0.0, ""scalar.fp_add_sub_move_bit"": 0.0, ""scalar.fp_multiply_bit2"": 0.0, ""scalar.fp_sfu_bit2"": 0.0, ""scalar.integer_alu_bit"": 0.0, ""scalar.register_access_bit"": 0.0, ""vector.lane_add_sub_bit"": 0.0, ""vector.lane_movement_bit"": 0.0, ""vector.lane_multiply_bit2"": 0.0, ""vector.lane_sfu_bit2"": 0.0, ""vector.reduction_node_bit"": 0.0}, ""measurement_cycles"": 16384, ""measurement_end_ns"": 16392.0, ""measurement_start_ns"": 8.0, ""params"": {""ACC_DEPTH"": 16, ""BLOCK_DIM"": 4, ""L_BITS"": 2, ""T_BITS"": 4, ""mode"": ""mxint""}, ""pattern"": ""idle"", ""requested_actions"": 512, ""schema_version"": 1, ""seed"": 20260722}",778.163747,0,0,0,,11.33,387148,6e77ac2d479c2c88c772564ebb341bf2c0c411b932a0e04e716d070316d4eb6b,8.0,16392.0,16384,0,0,hash_sidecar_only,2026-07-22T18:40:35.109015+00:00,2026-07-22T18:40:47.961564+00:00,12.873,734856,,1131,1131,100.0,complete,/home/yh3525/FYP/PLENA_Simulator/Workspace/area_new_power_calibration/runs/full_rtl_activity_v1_20260722_193606/reports/power_matrix_b60a0a8b5e4a/idle_512/power.saif_map.rpt,/home/yh3525/FYP/PLENA_Simulator/Workspace/area_new_power_calibration/runs/full_rtl_activity_v1_20260722_193606/reports/power_matrix_b60a0a8b5e4a/idle_512/power.coverage.rpt,/home/yh3525/FYP/PLENA_Simulator/Workspace/area_new_power_calibration/runs/full_rtl_activity_v1_20260722_193606/reports/power_matrix_b60a0a8b5e4a/idle_512/verilator_saif.namemap,0,,unsupported_by_dc_2024_09
power_matrix_mxint_b4_t4_l2,power_matrix_b60a0a8b5e4a,matrix,low_toggle_128,low-toggle,128,complete,4096.0,0.014666499999999999,1.3966,1.4112,0.000724313,5780.2752,,/home/yh3525/FYP/PLENA_Simulator/Workspace/area_new_power_calibration/runs/full_rtl_activity_v1_20260722_193606/activity/power_matrix_b60a0a8b5e4a/low_toggle_128.vcd,/home/yh3525/FYP/PLENA_Simulator/Workspace/area_new_power_calibration/runs/full_rtl_activity_v1_20260722_193606/reports/power_matrix_b60a0a8b5e4a/low_toggle_128/power.rpt,/home/yh3525/FYP/PLENA_Simulator/Workspace/area_new_power_calibration/runs/full_rtl_activity_v1_20260722_193606/reports/power_matrix_b60a0a8b5e4a/low_toggle_128/dc_power.log,rtl_vcd_mapped_dc,"{""accepted_actions"": 128, ""activity_fingerprint"": ""6e77ac2d479c2c88c772564ebb341bf2c0c411b932a0e04e716d070316d4eb6b"", ""clock_features"": {""control_hbm"": 0.0, ""matrix_pe"": 65536.0, ""scalar_machine"": 0.0, ""vector_lane"": 0.0}, ""clock_period_ns"": 1.0, ""completed_actions"": 128, ""component"": ""matrix"", ""dynamic_features"": {""control.frontend_issue"": 0.0, ""hbm.byte"": 0.0, ""hbm.dma_issue"": 0.0, ""hbm.line"": 0.0, ""matrix.active_mac_bit_product"": 65536.0, ""matrix.matrix_vector_bit_product"": 0.0, ""matrix.output_bit"": 20480.0, ""scalar.fp_add_sub_move_bit"": 0.0, ""scalar.fp_multiply_bit2"": 0.0, ""scalar.fp_sfu_bit2"": 0.0, ""scalar.integer_alu_bit"": 0.0, ""scalar.register_access_bit"": 0.0, ""vector.lane_add_sub_bit"": 0.0, ""vector.lane_movement_bit"": 0.0, ""vector.lane_multiply_bit2"": 0.0, ""vector.lane_sfu_bit2"": 0.0, ""vector.reduction_node_bit"": 0.0}, ""measurement_cycles"": 4096, ""measurement_end_ns"": 4104.0, ""measurement_start_ns"": 8.0, ""params"": {""ACC_DEPTH"": 16, ""BLOCK_DIM"": 4, ""L_BITS"": 2, ""T_BITS"": 4, ""mode"": ""mxint""}, ""pattern"": ""low-toggle"", ""requested_actions"": 128, ""schema_version"": 1, ""seed"": 20260722}",778.163747,0,0,0,,10.256,383496,6e77ac2d479c2c88c772564ebb341bf2c0c411b932a0e04e716d070316d4eb6b,8.0,4104.0,4096,128,128,hash_sidecar_only,2026-07-22T18:40:57.186262+00:00,2026-07-22T18:41:10.211455+00:00,13.036,735356,,1131,1131,100.0,complete,/home/yh3525/FYP/PLENA_Simulator/Workspace/area_new_power_calibration/runs/full_rtl_activity_v1_20260722_193606/reports/power_matrix_b60a0a8b5e4a/low_toggle_128/power.saif_map.rpt,/home/yh3525/FYP/PLENA_Simulator/Workspace/area_new_power_calibration/runs/full_rtl_activity_v1_20260722_193606/reports/power_matrix_b60a0a8b5e4a/low_toggle_128/power.coverage.rpt,/home/yh3525/FYP/PLENA_Simulator/Workspace/area_new_power_calibration/runs/full_rtl_activity_v1_20260722_193606/reports/power_matrix_b60a0a8b5e4a/low_toggle_128/verilator_saif.namemap,0,,unsupported_by_dc_2024_09
power_matrix_mxint_b4_t4_l2,power_matrix_b60a0a8b5e4a,matrix,mixed_holdout_128,mixed-kernel-holdout,128,complete,4096.0,0.0437971,1.4277,1.4715,0.0007313067999999999,6027.264,,/home/yh3525/FYP/PLENA_Simulator/Workspace/area_new_power_calibration/runs/full_rtl_activity_v1_20260722_193606/activity/power_matrix_b60a0a8b5e4a/mixed_holdout_128.vcd.gz,/home/yh3525/FYP/PLENA_Simulator/Workspace/area_new_power_calibration/runs/full_rtl_activity_v1_20260722_193606/reports/power_matrix_b60a0a8b5e4a/mixed_holdout_128/power.rpt,/home/yh3525/FYP/PLENA_Simulator/Workspace/area_new_power_calibration/runs/full_rtl_activity_v1_20260722_193606/reports/power_matrix_b60a0a8b5e4a/mixed_holdout_128/dc_power.log,rtl_vcd_mapped_dc,"{""accepted_actions"": 128, ""activity_fingerprint"": ""6e77ac2d479c2c88c772564ebb341bf2c0c411b932a0e04e716d070316d4eb6b"", ""clock_features"": {""control_hbm"": 0.0, ""matrix_pe"": 65536.0, ""scalar_machine"": 0.0, ""vector_lane"": 0.0}, ""clock_period_ns"": 1.0, ""completed_actions"": 128, ""component"": ""matrix"", ""dynamic_features"": {""control.frontend_issue"": 0.0, ""hbm.byte"": 0.0, ""hbm.dma_issue"": 0.0, ""hbm.line"": 0.0, ""matrix.active_mac_bit_product"": 65536.0, ""matrix.matrix_vector_bit_product"": 0.0, ""matrix.output_bit"": 20480.0, ""scalar.fp_add_sub_move_bit"": 0.0, ""scalar.fp_multiply_bit2"": 0.0, ""scalar.fp_sfu_bit2"": 0.0, ""scalar.integer_alu_bit"": 0.0, ""scalar.register_access_bit"": 0.0, ""vector.lane_add_sub_bit"": 0.0, ""vector.lane_movement_bit"": 0.0, ""vector.lane_multiply_bit2"": 0.0, ""vector.lane_sfu_bit2"": 0.0, ""vector.reduction_node_bit"": 0.0}, ""measurement_cycles"": 4096, ""measurement_end_ns"": 4104.0, ""measurement_start_ns"": 8.0, ""params"": {""ACC_DEPTH"": 16, ""BLOCK_DIM"": 4, ""L_BITS"": 2, ""T_BITS"": 4, ""mode"": ""mxint""}, ""pattern"": ""mixed-kernel-holdout"", ""requested_actions"": 128, ""schema_version"": 1, ""seed"": 20260722}",778.163747,0,0,0,,9.943,386176,6e77ac2d479c2c88c772564ebb341bf2c0c411b932a0e04e716d070316d4eb6b,8.0,4104.0,4096,128,128,gzip_validation,2026-07-22T18:41:17.025064+00:00,2026-07-22T18:41:29.834639+00:00,12.828,735824,,1131,1131,100.0,complete,/home/yh3525/FYP/PLENA_Simulator/Workspace/area_new_power_calibration/runs/full_rtl_activity_v1_20260722_193606/reports/power_matrix_b60a0a8b5e4a/mixed_holdout_128/power.saif_map.rpt,/home/yh3525/FYP/PLENA_Simulator/Workspace/area_new_power_calibration/runs/full_rtl_activity_v1_20260722_193606/reports/power_matrix_b60a0a8b5e4a/mixed_holdout_128/power.coverage.rpt,/home/yh3525/FYP/PLENA_Simulator/Workspace/area_new_power_calibration/runs/full_rtl_activity_v1_20260722_193606/reports/power_matrix_b60a0a8b5e4a/mixed_holdout_128/verilator_saif.namemap,0,,unsupported_by_dc_2024_09
power_matrix_mxint_b4_t4_l2,power_matrix_b60a0a8b5e4a,matrix,qwen_128,representative-qwen,128,complete,4096.0,0.0170169,1.4009,1.4179,0.0007262565,5807.7184,,/home/yh3525/FYP/PLENA_Simulator/Workspace/area_new_power_calibration/runs/full_rtl_activity_v1_20260722_193606/activity/power_matrix_b60a0a8b5e4a/qwen_128.vcd.gz,/home/yh3525/FYP/PLENA_Simulator/Workspace/area_new_power_calibration/runs/full_rtl_activity_v1_20260722_193606/reports/power_matrix_b60a0a8b5e4a/qwen_128/power.rpt,/home/yh3525/FYP/PLENA_Simulator/Workspace/area_new_power_calibration/runs/full_rtl_activity_v1_20260722_193606/reports/power_matrix_b60a0a8b5e4a/qwen_128/dc_power.log,rtl_vcd_mapped_dc,"{""accepted_actions"": 128, ""activity_fingerprint"": ""6e77ac2d479c2c88c772564ebb341bf2c0c411b932a0e04e716d070316d4eb6b"", ""clock_features"": {""control_hbm"": 0.0, ""matrix_pe"": 65536.0, ""scalar_machine"": 0.0, ""vector_lane"": 0.0}, ""clock_period_ns"": 1.0, ""completed_actions"": 128, ""component"": ""matrix"", ""dynamic_features"": {""control.frontend_issue"": 0.0, ""hbm.byte"": 0.0, ""hbm.dma_issue"": 0.0, ""hbm.line"": 0.0, ""matrix.active_mac_bit_product"": 65536.0, ""matrix.matrix_vector_bit_product"": 0.0, ""matrix.output_bit"": 20480.0, ""scalar.fp_add_sub_move_bit"": 0.0, ""scalar.fp_multiply_bit2"": 0.0, ""scalar.fp_sfu_bit2"": 0.0, ""scalar.integer_alu_bit"": 0.0, ""scalar.register_access_bit"": 0.0, ""vector.lane_add_sub_bit"": 0.0, ""vector.lane_movement_bit"": 0.0, ""vector.lane_multiply_bit2"": 0.0, ""vector.lane_sfu_bit2"": 0.0, ""vector.reduction_node_bit"": 0.0}, ""measurement_cycles"": 4096, ""measurement_end_ns"": 4104.0, ""measurement_start_ns"": 8.0, ""params"": {""ACC_DEPTH"": 16, ""BLOCK_DIM"": 4, ""L_BITS"": 2, ""T_BITS"": 4, ""mode"": ""mxint""}, ""pattern"": ""representative-qwen"", ""requested_actions"": 128, ""schema_version"": 1, ""seed"": 20260722}",778.163747,0,0,0,,9.88,385532,6e77ac2d479c2c88c772564ebb341bf2c0c411b932a0e04e716d070316d4eb6b,8.0,4104.0,4096,128,128,gzip_validation,2026-07-22T18:41:07.067312+00:00,2026-07-22T18:41:20.078367+00:00,13.02,735340,,1131,1131,100.0,complete,/home/yh3525/FYP/PLENA_Simulator/Workspace/area_new_power_calibration/runs/full_rtl_activity_v1_20260722_193606/reports/power_matrix_b60a0a8b5e4a/qwen_128/power.saif_map.rpt,/home/yh3525/FYP/PLENA_Simulator/Workspace/area_new_power_calibration/runs/full_rtl_activity_v1_20260722_193606/reports/power_matrix_b60a0a8b5e4a/qwen_128/power.coverage.rpt,/home/yh3525/FYP/PLENA_Simulator/Workspace/area_new_power_calibration/runs/full_rtl_activity_v1_20260722_193606/reports/power_matrix_b60a0a8b5e4a/qwen_128/verilator_saif.namemap,0,,unsupported_by_dc_2024_09
power_matrix_mxint_b4_t4_l2,power_matrix_b60a0a8b5e4a,matrix,random_128,random,128,complete,4096.0,0.054105,1.4492,1.5033,0.0007306852999999999,6157.5168,,/home/yh3525/FYP/PLENA_Simulator/Workspace/area_new_power_calibration/runs/full_rtl_activity_v1_20260722_193606/activity/power_matrix_b60a0a8b5e4a/random_128.vcd,/home/yh3525/FYP/PLENA_Simulator/Workspace/area_new_power_calibration/runs/full_rtl_activity_v1_20260722_193606/reports/power_matrix_b60a0a8b5e4a/random_128/power.rpt,/home/yh3525/FYP/PLENA_Simulator/Workspace/area_new_power_calibration/runs/full_rtl_activity_v1_20260722_193606/reports/power_matrix_b60a0a8b5e4a/random_128/dc_power.log,rtl_vcd_mapped_dc,"{""accepted_actions"": 128, ""activity_fingerprint"": ""6e77ac2d479c2c88c772564ebb341bf2c0c411b932a0e04e716d070316d4eb6b"", ""clock_features"": {""control_hbm"": 0.0, ""matrix_pe"": 65536.0, ""scalar_machine"": 0.0, ""vector_lane"": 0.0}, ""clock_period_ns"": 1.0, ""completed_actions"": 128, ""component"": ""matrix"", ""dynamic_features"": {""control.frontend_issue"": 0.0, ""hbm.byte"": 0.0, ""hbm.dma_issue"": 0.0, ""hbm.line"": 0.0, ""matrix.active_mac_bit_product"": 65536.0, ""matrix.matrix_vector_bit_product"": 0.0, ""matrix.output_bit"": 20480.0, ""scalar.fp_add_sub_move_bit"": 0.0, ""scalar.fp_multiply_bit2"": 0.0, ""scalar.fp_sfu_bit2"": 0.0, ""scalar.integer_alu_bit"": 0.0, ""scalar.register_access_bit"": 0.0, ""vector.lane_add_sub_bit"": 0.0, ""vector.lane_movement_bit"": 0.0, ""vector.lane_multiply_bit2"": 0.0, ""vector.lane_sfu_bit2"": 0.0, ""vector.reduction_node_bit"": 0.0}, ""measurement_cycles"": 4096, ""measurement_end_ns"": 4104.0, ""measurement_start_ns"": 8.0, ""params"": {""ACC_DEPTH"": 16, ""BLOCK_DIM"": 4, ""L_BITS"": 2, ""T_BITS"": 4, ""mode"": ""mxint""}, ""pattern"": ""random"", ""requested_actions"": 128, ""schema_version"": 1, ""seed"": 20260722}",778.163747,0,0,0,,9.616,387536,6e77ac2d479c2c88c772564ebb341bf2c0c411b932a0e04e716d070316d4eb6b,8.0,4104.0,4096,128,128,hash_sidecar_only,2026-07-22T18:40:23.751015+00:00,2026-07-22T18:40:36.903452+00:00,13.165,736884,,1131,1131,100.0,complete,/home/yh3525/FYP/PLENA_Simulator/Workspace/area_new_power_calibration/runs/full_rtl_activity_v1_20260722_193606/reports/power_matrix_b60a0a8b5e4a/random_128/power.saif_map.rpt,/home/yh3525/FYP/PLENA_Simulator/Workspace/area_new_power_calibration/runs/full_rtl_activity_v1_20260722_193606/reports/power_matrix_b60a0a8b5e4a/random_128/power.coverage.rpt,/home/yh3525/FYP/PLENA_Simulator/Workspace/area_new_power_calibration/runs/full_rtl_activity_v1_20260722_193606/reports/power_matrix_b60a0a8b5e4a/random_128/verilator_saif.namemap,0,,unsupported_by_dc_2024_09
power_matrix_mxint_b4_t4_l2,power_matrix_b60a0a8b5e4a,matrix,random_32,random,32,complete,1024.0,0.0573557,1.4525,1.5099,0.0007308192,1546.1376,,/home/yh3525/FYP/PLENA_Simulator/Workspace/area_new_power_calibration/runs/full_rtl_activity_v1_20260722_193606/activity/power_matrix_b60a0a8b5e4a/random_32.vcd,/home/yh3525/FYP/PLENA_Simulator/Workspace/area_new_power_calibration/runs/full_rtl_activity_v1_20260722_193606/reports/power_matrix_b60a0a8b5e4a/random_32/power.rpt,/home/yh3525/FYP/PLENA_Simulator/Workspace/area_new_power_calibration/runs/full_rtl_activity_v1_20260722_193606/reports/power_matrix_b60a0a8b5e4a/random_32/dc_power.log,rtl_vcd_mapped_dc,"{""accepted_actions"": 32, ""activity_fingerprint"": ""6e77ac2d479c2c88c772564ebb341bf2c0c411b932a0e04e716d070316d4eb6b"", ""clock_features"": {""control_hbm"": 0.0, ""matrix_pe"": 16384.0, ""scalar_machine"": 0.0, ""vector_lane"": 0.0}, ""clock_period_ns"": 1.0, ""completed_actions"": 32, ""component"": ""matrix"", ""dynamic_features"": {""control.frontend_issue"": 0.0, ""hbm.byte"": 0.0, ""hbm.dma_issue"": 0.0, ""hbm.line"": 0.0, ""matrix.active_mac_bit_product"": 16384.0, ""matrix.matrix_vector_bit_product"": 0.0, ""matrix.output_bit"": 5120.0, ""scalar.fp_add_sub_move_bit"": 0.0, ""scalar.fp_multiply_bit2"": 0.0, ""scalar.fp_sfu_bit2"": 0.0, ""scalar.integer_alu_bit"": 0.0, ""scalar.register_access_bit"": 0.0, ""vector.lane_add_sub_bit"": 0.0, ""vector.lane_movement_bit"": 0.0, ""vector.lane_multiply_bit2"": 0.0, ""vector.lane_sfu_bit2"": 0.0, ""vector.reduction_node_bit"": 0.0}, ""measurement_cycles"": 1024, ""measurement_end_ns"": 1032.0, ""measurement_start_ns"": 8.0, ""params"": {""ACC_DEPTH"": 16, ""BLOCK_DIM"": 4, ""L_BITS"": 2, ""T_BITS"": 4, ""mode"": ""mxint""}, ""pattern"": ""random"", ""requested_actions"": 32, ""schema_version"": 1, ""seed"": 20260722}",778.163747,0,0,0,,9.175,385808,6e77ac2d479c2c88c772564ebb341bf2c0c411b932a0e04e716d070316d4eb6b,8.0,1032.0,1024,32,32,hash_sidecar_only,2026-07-22T18:40:04.321627+00:00,2026-07-22T18:40:17.497469+00:00,13.198,736364,,1131,1131,100.0,complete,/home/yh3525/FYP/PLENA_Simulator/Workspace/area_new_power_calibration/runs/full_rtl_activity_v1_20260722_193606/reports/power_matrix_b60a0a8b5e4a/random_32/power.saif_map.rpt,/home/yh3525/FYP/PLENA_Simulator/Workspace/area_new_power_calibration/runs/full_rtl_activity_v1_20260722_193606/reports/power_matrix_b60a0a8b5e4a/random_32/power.coverage.rpt,/home/yh3525/FYP/PLENA_Simulator/Workspace/area_new_power_calibration/runs/full_rtl_activity_v1_20260722_193606/reports/power_matrix_b60a0a8b5e4a/random_32/verilator_saif.namemap,0,,unsupported_by_dc_2024_09
power_matrix_mxint_b4_t4_l2,power_matrix_b60a0a8b5e4a,matrix,random_512,random,512,complete,16384.0,0.0529728,1.448,1.501,0.0007306647,24592.384,,/home/yh3525/FYP/PLENA_Simulator/Workspace/area_new_power_calibration/runs/full_rtl_activity_v1_20260722_193606/activity/power_matrix_b60a0a8b5e4a/random_512.vcd,/home/yh3525/FYP/PLENA_Simulator/Workspace/area_new_power_calibration/runs/full_rtl_activity_v1_20260722_193606/reports/power_matrix_b60a0a8b5e4a/random_512/power.rpt,/home/yh3525/FYP/PLENA_Simulator/Workspace/area_new_power_calibration/runs/full_rtl_activity_v1_20260722_193606/reports/power_matrix_b60a0a8b5e4a/random_512/dc_power.log,rtl_vcd_mapped_dc,"{""accepted_actions"": 512, ""activity_fingerprint"": ""6e77ac2d479c2c88c772564ebb341bf2c0c411b932a0e04e716d070316d4eb6b"", ""clock_features"": {""control_hbm"": 0.0, ""matrix_pe"": 262144.0, ""scalar_machine"": 0.0, ""vector_lane"": 0.0}, ""clock_period_ns"": 1.0, ""completed_actions"": 512, ""component"": ""matrix"", ""dynamic_features"": {""control.frontend_issue"": 0.0, ""hbm.byte"": 0.0, ""hbm.dma_issue"": 0.0, ""hbm.line"": 0.0, ""matrix.active_mac_bit_product"": 262144.0, ""matrix.matrix_vector_bit_product"": 0.0, ""matrix.output_bit"": 81920.0, ""scalar.fp_add_sub_move_bit"": 0.0, ""scalar.fp_multiply_bit2"": 0.0, ""scalar.fp_sfu_bit2"": 0.0, ""scalar.integer_alu_bit"": 0.0, ""scalar.register_access_bit"": 0.0, ""vector.lane_add_sub_bit"": 0.0, ""vector.lane_movement_bit"": 0.0, ""vector.lane_multiply_bit2"": 0.0, ""vector.lane_sfu_bit2"": 0.0, ""vector.reduction_node_bit"": 0.0}, ""measurement_cycles"": 16384, ""measurement_end_ns"": 16392.0, ""measurement_start_ns"": 8.0, ""params"": {""ACC_DEPTH"": 16, ""BLOCK_DIM"": 4, ""L_BITS"": 2, ""T_BITS"": 4, ""mode"": ""mxint""}, ""pattern"": ""random"", ""requested_actions"": 512, ""schema_version"": 1, ""seed"": 20260722}",778.163747,0,0,0,,11.787,386060,6e77ac2d479c2c88c772564ebb341bf2c0c411b932a0e04e716d070316d4eb6b,8.0,16392.0,16384,512,512,hash_sidecar_only,2026-07-22T18:40:46.915704+00:00,2026-07-22T18:41:00.909834+00:00,14.005,735872,,1131,1131,100.0,complete,/home/yh3525/FYP/PLENA_Simulator/Workspace/area_new_power_calibration/runs/full_rtl_activity_v1_20260722_193606/reports/power_matrix_b60a0a8b5e4a/random_512/power.saif_map.rpt,/home/yh3525/FYP/PLENA_Simulator/Workspace/area_new_power_calibration/runs/full_rtl_activity_v1_20260722_193606/reports/power_matrix_b60a0a8b5e4a/random_512/power.coverage.rpt,/home/yh3525/FYP/PLENA_Simulator/Workspace/area_new_power_calibration/runs/full_rtl_activity_v1_20260722_193606/reports/power_matrix_b60a0a8b5e4a/random_512/verilator_saif.namemap,0,,unsupported_by_dc_2024_09
power_matrix_mxint_b4_t4_l4,power_matrix_c1bef4ed300c,matrix,idle_128,idle,128,complete,4096.0,0.0,1.6143,1.6143,0.0008221642,6612.1728,,/home/yh3525/FYP/PLENA_Simulator/Workspace/area_new_power_calibration/runs/full_rtl_activity_v1_20260722_193606/activity/power_matrix_c1bef4ed300c/idle_128.vcd,/home/yh3525/FYP/PLENA_Simulator/Workspace/area_new_power_calibration/runs/full_rtl_activity_v1_20260722_193606/reports/power_matrix_c1bef4ed300c/idle_128/power.rpt,/home/yh3525/FYP/PLENA_Simulator/Workspace/area_new_power_calibration/runs/full_rtl_activity_v1_20260722_193606/reports/power_matrix_c1bef4ed300c/idle_128/dc_power.log,rtl_vcd_mapped_dc,"{""accepted_actions"": 0, ""activity_fingerprint"": ""533988e933af6f3e52fb3acf55e7ec14fcdb36ffc144554115afcbb3492286a2"", ""clock_features"": {""control_hbm"": 0.0, ""matrix_pe"": 65536.0, ""scalar_machine"": 0.0, ""vector_lane"": 0.0}, ""clock_period_ns"": 1.0, ""completed_actions"": 0, ""component"": ""matrix"", ""dynamic_features"": {""control.frontend_issue"": 0.0, ""hbm.byte"": 0.0, ""hbm.dma_issue"": 0.0, ""hbm.line"": 0.0, ""matrix.active_mac_bit_product"": 0.0, ""matrix.matrix_vector_bit_product"": 0.0, ""matrix.output_bit"": 0.0, ""scalar.fp_add_sub_move_bit"": 0.0, ""scalar.fp_multiply_bit2"": 0.0, ""scalar.fp_sfu_bit2"": 0.0, ""scalar.integer_alu_bit"": 0.0, ""scalar.register_access_bit"": 0.0, ""vector.lane_add_sub_bit"": 0.0, ""vector.lane_movement_bit"": 0.0, ""vector.lane_multiply_bit2"": 0.0, ""vector.lane_sfu_bit2"": 0.0, ""vector.reduction_node_bit"": 0.0}, ""measurement_cycles"": 4096, ""measurement_end_ns"": 4104.0, ""measurement_start_ns"": 8.0, ""params"": {""ACC_DEPTH"": 16, ""BLOCK_DIM"": 4, ""L_BITS"": 4, ""T_BITS"": 4, ""mode"": ""mxint""}, ""pattern"": ""idle"", ""requested_actions"": 128, ""schema_version"": 1, ""seed"": 20260722}",937.377344,0,0,0,,10.117,385884,533988e933af6f3e52fb3acf55e7ec14fcdb36ffc144554115afcbb3492286a2,8.0,4104.0,4096,0,0,hash_sidecar_only,2026-07-22T18:41:59.034469+00:00,2026-07-22T18:42:12.462612+00:00,13.441,737316,,1323,1323,100.0,complete,/home/yh3525/FYP/PLENA_Simulator/Workspace/area_new_power_calibration/runs/full_rtl_activity_v1_20260722_193606/reports/power_matrix_c1bef4ed300c/idle_128/power.saif_map.rpt,/home/yh3525/FYP/PLENA_Simulator/Workspace/area_new_power_calibration/runs/full_rtl_activity_v1_20260722_193606/reports/power_matrix_c1bef4ed300c/idle_128/power.coverage.rpt,/home/yh3525/FYP/PLENA_Simulator/Workspace/area_new_power_calibration/runs/full_rtl_activity_v1_20260722_193606/reports/power_matrix_c1bef4ed300c/idle_128/verilator_saif.namemap,0,,unsupported_by_dc_2024_09
power_matrix_mxint_b4_t4_l4,power_matrix_c1bef4ed300c,matrix,idle_32,idle,32,complete,1024.0,0.0,1.6143,1.6143,0.0008221642,1653.0432,,/home/yh3525/FYP/PLENA_Simulator/Workspace/area_new_power_calibration/runs/full_rtl_activity_v1_20260722_193606/activity/power_matrix_c1bef4ed300c/idle_32.vcd,/home/yh3525/FYP/PLENA_Simulator/Workspace/area_new_power_calibration/runs/full_rtl_activity_v1_20260722_193606/reports/power_matrix_c1bef4ed300c/idle_32/power.rpt,/home/yh3525/FYP/PLENA_Simulator/Workspace/area_new_power_calibration/runs/full_rtl_activity_v1_20260722_193606/reports/power_matrix_c1bef4ed300c/idle_32/dc_power.log,rtl_vcd_mapped_dc,"{""accepted_actions"": 0, ""activity_fingerprint"": ""533988e933af6f3e52fb3acf55e7ec14fcdb36ffc144554115afcbb3492286a2"", ""clock_features"": {""control_hbm"": 0.0, ""matrix_pe"": 16384.0, ""scalar_machine"": 0.0, ""vector_lane"": 0.0}, ""clock_period_ns"": 1.0, ""completed_actions"": 0, ""component"": ""matrix"", ""dynamic_features"": {""control.frontend_issue"": 0.0, ""hbm.byte"": 0.0, ""hbm.dma_issue"": 0.0, ""hbm.line"": 0.0, ""matrix.active_mac_bit_product"": 0.0, ""matrix.matrix_vector_bit_product"": 0.0, ""matrix.output_bit"": 0.0, ""scalar.fp_add_sub_move_bit"": 0.0, ""scalar.fp_multiply_bit2"": 0.0, ""scalar.fp_sfu_bit2"": 0.0, ""scalar.integer_alu_bit"": 0.0, ""scalar.register_access_bit"": 0.0, ""vector.lane_add_sub_bit"": 0.0, ""vector.lane_movement_bit"": 0.0, ""vector.lane_multiply_bit2"": 0.0, ""vector.lane_sfu_bit2"": 0.0, ""vector.reduction_node_bit"": 0.0}, ""measurement_cycles"": 1024, ""measurement_end_ns"": 1032.0, ""measurement_start_ns"": 8.0, ""params"": {""ACC_DEPTH"": 16, ""BLOCK_DIM"": 4, ""L_BITS"": 4, ""T_BITS"": 4, ""mode"": ""mxint""}, ""pattern"": ""idle"", ""requested_actions"": 32, ""schema_version"": 1, ""seed"": 20260722}",937.377344,0,0,0,,22.602,388508,533988e933af6f3e52fb3acf55e7ec14fcdb36ffc144554115afcbb3492286a2,8.0,1032.0,1024,0,0,hash_sidecar_only,2026-07-22T18:41:39.649366+00:00,2026-07-22T18:41:52.686441+00:00,13.051,733808,,1323,1323,100.0,complete,/home/yh3525/FYP/PLENA_Simulator/Workspace/area_new_power_calibration/runs/full_rtl_activity_v1_20260722_193606/reports/power_matrix_c1bef4ed300c/idle_32/power.saif_map.rpt,/home/yh3525/FYP/PLENA_Simulator/Workspace/area_new_power_calibration/runs/full_rtl_activity_v1_20260722_193606/reports/power_matrix_c1bef4ed300c/idle_32/power.coverage.rpt,/home/yh3525/FYP/PLENA_Simulator/Workspace/area_new_power_calibration/runs/full_rtl_activity_v1_20260722_193606/reports/power_matrix_c1bef4ed300c/idle_32/verilator_saif.namemap,0,,unsupported_by_dc_2024_09
power_matrix_mxint_b4_t4_l4,power_matrix_c1bef4ed300c,matrix,idle_512,idle,512,complete,16384.0,0.0,1.6143,1.6143,0.0008221642,26448.6912,,/home/yh3525/FYP/PLENA_Simulator/Workspace/area_new_power_calibration/runs/full_rtl_activity_v1_20260722_193606/activity/power_matrix_c1bef4ed300c/idle_512.vcd,/home/yh3525/FYP/PLENA_Simulator/Workspace/area_new_power_calibration/runs/full_rtl_activity_v1_20260722_193606/reports/power_matrix_c1bef4ed300c/idle_512/power.rpt,/home/yh3525/FYP/PLENA_Simulator/Workspace/area_new_power_calibration/runs/full_rtl_activity_v1_20260722_193606/reports/power_matrix_c1bef4ed300c/idle_512/dc_power.log,rtl_vcd_mapped_dc,"{""accepted_actions"": 0, ""activity_fingerprint"": ""533988e933af6f3e52fb3acf55e7ec14fcdb36ffc144554115afcbb3492286a2"", ""clock_features"": {""control_hbm"": 0.0, ""matrix_pe"": 262144.0, ""scalar_machine"": 0.0, ""vector_lane"": 0.0}, ""clock_period_ns"": 1.0, ""completed_actions"": 0, ""component"": ""matrix"", ""dynamic_features"": {""control.frontend_issue"": 0.0, ""hbm.byte"": 0.0, ""hbm.dma_issue"": 0.0, ""hbm.line"": 0.0, ""matrix.active_mac_bit_product"": 0.0, ""matrix.matrix_vector_bit_product"": 0.0, ""matrix.output_bit"": 0.0, ""scalar.fp_add_sub_move_bit"": 0.0, ""scalar.fp_multiply_bit2"": 0.0, ""scalar.fp_sfu_bit2"": 0.0, ""scalar.integer_alu_bit"": 0.0, ""scalar.register_access_bit"": 0.0, ""vector.lane_add_sub_bit"": 0.0, ""vector.lane_movement_bit"": 0.0, ""vector.lane_multiply_bit2"": 0.0, ""vector.lane_sfu_bit2"": 0.0, ""vector.reduction_node_bit"": 0.0}, ""measurement_cycles"": 16384, ""measurement_end_ns"": 16392.0, ""measurement_start_ns"": 8.0, ""params"": {""ACC_DEPTH"": 16, ""BLOCK_DIM"": 4, ""L_BITS"": 4, ""T_BITS"": 4, ""mode"": ""mxint""}, ""pattern"": ""idle"", ""requested_actions"": 512, ""schema_version"": 1, ""seed"": 20260722}",937.377344,0,0,0,,11.318,387380,533988e933af6f3e52fb3acf55e7ec14fcdb36ffc144554115afcbb3492286a2,8.0,16392.0,16384,0,0,hash_sidecar_only,2026-07-22T18:42:20.128991+00:00,2026-07-22T18:42:34.302142+00:00,14.189,731804,,1323,1323,100.0,complete,/home/yh3525/FYP/PLENA_Simulator/Workspace/area_new_power_calibration/runs/full_rtl_activity_v1_20260722_193606/reports/power_matrix_c1bef4ed300c/idle_512/power.saif_map.rpt,/home/yh3525/FYP/PLENA_Simulator/Workspace/area_new_power_calibration/runs/full_rtl_activity_v1_20260722_193606/reports/power_matrix_c1bef4ed300c/idle_512/power.coverage.rpt,/home/yh3525/FYP/PLENA_Simulator/Workspace/area_new_power_calibration/runs/full_rtl_activity_v1_20260722_193606/reports/power_matrix_c1bef4ed300c/idle_512/verilator_saif.namemap,0,,unsupported_by_dc_2024_09
power_matrix_mxint_b4_t4_l4,power_matrix_c1bef4ed300c,matrix,low_toggle_128,low-toggle,128,complete,4096.0,0.0165779,1.6318,1.6484,0.0008467767,6751.8464,,/home/yh3525/FYP/PLENA_Simulator/Workspace/area_new_power_calibration/runs/full_rtl_activity_v1_20260722_193606/activity/power_matrix_c1bef4ed300c/low_toggle_128.vcd,/home/yh3525/FYP/PLENA_Simulator/Workspace/area_new_power_calibration/runs/full_rtl_activity_v1_20260722_193606/reports/power_matrix_c1bef4ed300c/low_toggle_128/power.rpt,/home/yh3525/FYP/PLENA_Simulator/Workspace/area_new_power_calibration/runs/full_rtl_activity_v1_20260722_193606/reports/power_matrix_c1bef4ed300c/low_toggle_128/dc_power.log,rtl_vcd_mapped_dc,"{""accepted_actions"": 128, ""activity_fingerprint"": ""533988e933af6f3e52fb3acf55e7ec14fcdb36ffc144554115afcbb3492286a2"", ""clock_features"": {""control_hbm"": 0.0, ""matrix_pe"": 65536.0, ""scalar_machine"": 0.0, ""vector_lane"": 0.0}, ""clock_period_ns"": 1.0, ""completed_actions"": 128, ""component"": ""matrix"", ""dynamic_features"": {""control.frontend_issue"": 0.0, ""hbm.byte"": 0.0, ""hbm.dma_issue"": 0.0, ""hbm.line"": 0.0, ""matrix.active_mac_bit_product"": 131072.0, ""matrix.matrix_vector_bit_product"": 0.0, ""matrix.output_bit"": 24576.0, ""scalar.fp_add_sub_move_bit"": 0.0, ""scalar.fp_multiply_bit2"": 0.0, ""scalar.fp_sfu_bit2"": 0.0, ""scalar.integer_alu_bit"": 0.0, ""scalar.register_access_bit"": 0.0, ""vector.lane_add_sub_bit"": 0.0, ""vector.lane_movement_bit"": 0.0, ""vector.lane_multiply_bit2"": 0.0, ""vector.lane_sfu_bit2"": 0.0, ""vector.reduction_node_bit"": 0.0}, ""measurement_cycles"": 4096, ""measurement_end_ns"": 4104.0, ""measurement_start_ns"": 8.0, ""params"": {""ACC_DEPTH"": 16, ""BLOCK_DIM"": 4, ""L_BITS"": 4, ""T_BITS"": 4, ""mode"": ""mxint""}, ""pattern"": ""low-toggle"", ""requested_actions"": 128, ""schema_version"": 1, ""seed"": 20260722}",937.377344,0,0,0,,9.473,385668,533988e933af6f3e52fb3acf55e7ec14fcdb36ffc144554115afcbb3492286a2,8.0,4104.0,4096,128,128,hash_sidecar_only,2026-07-22T18:42:41.797369+00:00,2026-07-22T18:42:55.109593+00:00,13.326,734824,,1323,1323,100.0,complete,/home/yh3525/FYP/PLENA_Simulator/Workspace/area_new_power_calibration/runs/full_rtl_activity_v1_20260722_193606/reports/power_matrix_c1bef4ed300c/low_toggle_128/power.saif_map.rpt,/home/yh3525/FYP/PLENA_Simulator/Workspace/area_new_power_calibration/runs/full_rtl_activity_v1_20260722_193606/reports/power_matrix_c1bef4ed300c/low_toggle_128/power.coverage.rpt,/home/yh3525/FYP/PLENA_Simulator/Workspace/area_new_power_calibration/runs/full_rtl_activity_v1_20260722_193606/reports/power_matrix_c1bef4ed300c/low_toggle_128/verilator_saif.namemap,0,,unsupported_by_dc_2024_09
power_matrix_mxint_b4_t4_l4,power_matrix_c1bef4ed300c,matrix,mixed_holdout_128,mixed-kernel-holdout,128,complete,4096.0,0.055085,1.6701,1.7251,0.0008646070999999999,7066.0096,,/home/yh3525/FYP/PLENA_Simulator/Workspace/area_new_power_calibration/runs/full_rtl_activity_v1_20260722_193606/activity/power_matrix_c1bef4ed300c/mixed_holdout_128.vcd.gz,/home/yh3525/FYP/PLENA_Simulator/Workspace/area_new_power_calibration/runs/full_rtl_activity_v1_20260722_193606/reports/power_matrix_c1bef4ed300c/mixed_holdout_128/power.rpt,/home/yh3525/FYP/PLENA_Simulator/Workspace/area_new_power_calibration/runs/full_rtl_activity_v1_20260722_193606/reports/power_matrix_c1bef4ed300c/mixed_holdout_128/dc_power.log,rtl_vcd_mapped_dc,"{""accepted_actions"": 128, ""activity_fingerprint"": ""533988e933af6f3e52fb3acf55e7ec14fcdb36ffc144554115afcbb3492286a2"", ""clock_features"": {""control_hbm"": 0.0, ""matrix_pe"": 65536.0, ""scalar_machine"": 0.0, ""vector_lane"": 0.0}, ""clock_period_ns"": 1.0, ""completed_actions"": 128, ""component"": ""matrix"", ""dynamic_features"": {""control.frontend_issue"": 0.0, ""hbm.byte"": 0.0, ""hbm.dma_issue"": 0.0, ""hbm.line"": 0.0, ""matrix.active_mac_bit_product"": 131072.0, ""matrix.matrix_vector_bit_product"": 0.0, ""matrix.output_bit"": 24576.0, ""scalar.fp_add_sub_move_bit"": 0.0, ""scalar.fp_multiply_bit2"": 0.0, ""scalar.fp_sfu_bit2"": 0.0, ""scalar.integer_alu_bit"": 0.0, ""scalar.register_access_bit"": 0.0, ""vector.lane_add_sub_bit"": 0.0, ""vector.lane_movement_bit"": 0.0, ""vector.lane_multiply_bit2"": 0.0, ""vector.lane_sfu_bit2"": 0.0, ""vector.reduction_node_bit"": 0.0}, ""measurement_cycles"": 4096, ""measurement_end_ns"": 4104.0, ""measurement_start_ns"": 8.0, ""params"": {""ACC_DEPTH"": 16, ""BLOCK_DIM"": 4, ""L_BITS"": 4, ""T_BITS"": 4, ""mode"": ""mxint""}, ""pattern"": ""mixed-kernel-holdout"", ""requested_actions"": 128, ""schema_version"": 1, ""seed"": 20260722}",937.377344,0,0,0,,9.417,384572,533988e933af6f3e52fb3acf55e7ec14fcdb36ffc144554115afcbb3492286a2,8.0,4104.0,4096,128,128,gzip_validation,2026-07-22T18:43:01.035893+00:00,2026-07-22T18:43:15.321462+00:00,14.32,733840,,1323,1323,100.0,complete,/home/yh3525/FYP/PLENA_Simulator/Workspace/area_new_power_calibration/runs/full_rtl_activity_v1_20260722_193606/reports/power_matrix_c1bef4ed300c/mixed_holdout_128/power.saif_map.rpt,/home/yh3525/FYP/PLENA_Simulator/Workspace/area_new_power_calibration/runs/full_rtl_activity_v1_20260722_193606/reports/power_matrix_c1bef4ed300c/mixed_holdout_128/power.coverage.rpt,/home/yh3525/FYP/PLENA_Simulator/Workspace/area_new_power_calibration/runs/full_rtl_activity_v1_20260722_193606/reports/power_matrix_c1bef4ed300c/mixed_holdout_128/verilator_saif.namemap,0,,unsupported_by_dc_2024_09
power_matrix_mxint_b4_t4_l4,power_matrix_c1bef4ed300c,matrix,qwen_128,representative-qwen,128,complete,4096.0,0.0199662,1.6382,1.6581,0.0008552993,6791.5776,,/home/yh3525/FYP/PLENA_Simulator/Workspace/area_new_power_calibration/runs/full_rtl_activity_v1_20260722_193606/activity/power_matrix_c1bef4ed300c/qwen_128.vcd.gz,/home/yh3525/FYP/PLENA_Simulator/Workspace/area_new_power_calibration/runs/full_rtl_activity_v1_20260722_193606/reports/power_matrix_c1bef4ed300c/qwen_128/power.rpt,/home/yh3525/FYP/PLENA_Simulator/Workspace/area_new_power_calibration/runs/full_rtl_activity_v1_20260722_193606/reports/power_matrix_c1bef4ed300c/qwen_128/dc_power.log,rtl_vcd_mapped_dc,"{""accepted_actions"": 128, ""activity_fingerprint"": ""533988e933af6f3e52fb3acf55e7ec14fcdb36ffc144554115afcbb3492286a2"", ""clock_features"": {""control_hbm"": 0.0, ""matrix_pe"": 65536.0, ""scalar_machine"": 0.0, ""vector_lane"": 0.0}, ""clock_period_ns"": 1.0, ""completed_actions"": 128, ""component"": ""matrix"", ""dynamic_features"": {""control.frontend_issue"": 0.0, ""hbm.byte"": 0.0, ""hbm.dma_issue"": 0.0, ""hbm.line"": 0.0, ""matrix.active_mac_bit_product"": 131072.0, ""matrix.matrix_vector_bit_product"": 0.0, ""matrix.output_bit"": 24576.0, ""scalar.fp_add_sub_move_bit"": 0.0, ""scalar.fp_multiply_bit2"": 0.0, ""scalar.fp_sfu_bit2"": 0.0, ""scalar.integer_alu_bit"": 0.0, ""scalar.register_access_bit"": 0.0, ""vector.lane_add_sub_bit"": 0.0, ""vector.lane_movement_bit"": 0.0, ""vector.lane_multiply_bit2"": 0.0, ""vector.lane_sfu_bit2"": 0.0, ""vector.reduction_node_bit"": 0.0}, ""measurement_cycles"": 4096, ""measurement_end_ns"": 4104.0, ""measurement_start_ns"": 8.0, ""params"": {""ACC_DEPTH"": 16, ""BLOCK_DIM"": 4, ""L_BITS"": 4, ""T_BITS"": 4, ""mode"": ""mxint""}, ""pattern"": ""representative-qwen"", ""requested_actions"": 128, ""schema_version"": 1, ""seed"": 20260722}",937.377344,0,0,0,,9.79,386648,533988e933af6f3e52fb3acf55e7ec14fcdb36ffc144554115afcbb3492286a2,8.0,4104.0,4096,128,128,gzip_validation,2026-07-22T18:42:51.592718+00:00,2026-07-22T18:43:04.969350+00:00,13.39,733320,,1323,1323,100.0,complete,/home/yh3525/FYP/PLENA_Simulator/Workspace/area_new_power_calibration/runs/full_rtl_activity_v1_20260722_193606/reports/power_matrix_c1bef4ed300c/qwen_128/power.saif_map.rpt,/home/yh3525/FYP/PLENA_Simulator/Workspace/area_new_power_calibration/runs/full_rtl_activity_v1_20260722_193606/reports/power_matrix_c1bef4ed300c/qwen_128/power.coverage.rpt,/home/yh3525/FYP/PLENA_Simulator/Workspace/area_new_power_calibration/runs/full_rtl_activity_v1_20260722_193606/reports/power_matrix_c1bef4ed300c/qwen_128/verilator_saif.namemap,0,,unsupported_by_dc_2024_09
power_matrix_mxint_b4_t4_l4,power_matrix_c1bef4ed300c,matrix,random_128,random,128,complete,4096.0,0.0855115,1.7162,1.8017,0.0008637229999999999,7379.7632,,/home/yh3525/FYP/PLENA_Simulator/Workspace/area_new_power_calibration/runs/full_rtl_activity_v1_20260722_193606/activity/power_matrix_c1bef4ed300c/random_128.vcd,/home/yh3525/FYP/PLENA_Simulator/Workspace/area_new_power_calibration/runs/full_rtl_activity_v1_20260722_193606/reports/power_matrix_c1bef4ed300c/random_128/power.rpt,/home/yh3525/FYP/PLENA_Simulator/Workspace/area_new_power_calibration/runs/full_rtl_activity_v1_20260722_193606/reports/power_matrix_c1bef4ed300c/random_128/dc_power.log,rtl_vcd_mapped_dc,"{""accepted_actions"": 128, ""activity_fingerprint"": ""533988e933af6f3e52fb3acf55e7ec14fcdb36ffc144554115afcbb3492286a2"", ""clock_features"": {""control_hbm"": 0.0, ""matrix_pe"": 65536.0, ""scalar_machine"": 0.0, ""vector_lane"": 0.0}, ""clock_period_ns"": 1.0, ""completed_actions"": 128, ""component"": ""matrix"", ""dynamic_features"": {""control.frontend_issue"": 0.0, ""hbm.byte"": 0.0, ""hbm.dma_issue"": 0.0, ""hbm.line"": 0.0, ""matrix.active_mac_bit_product"": 131072.0, ""matrix.matrix_vector_bit_product"": 0.0, ""matrix.output_bit"": 24576.0, ""scalar.fp_add_sub_move_bit"": 0.0, ""scalar.fp_multiply_bit2"": 0.0, ""scalar.fp_sfu_bit2"": 0.0, ""scalar.integer_alu_bit"": 0.0, ""scalar.register_access_bit"": 0.0, ""vector.lane_add_sub_bit"": 0.0, ""vector.lane_movement_bit"": 0.0, ""vector.lane_multiply_bit2"": 0.0, ""vector.lane_sfu_bit2"": 0.0, ""vector.reduction_node_bit"": 0.0}, ""measurement_cycles"": 4096, ""measurement_end_ns"": 4104.0, ""measurement_start_ns"": 8.0, ""params"": {""ACC_DEPTH"": 16, ""BLOCK_DIM"": 4, ""L_BITS"": 4, ""T_BITS"": 4, ""mode"": ""mxint""}, ""pattern"": ""random"", ""requested_actions"": 128, ""schema_version"": 1, ""seed"": 20260722}",937.377344,0,0,0,,9.75,388320,533988e933af6f3e52fb3acf55e7ec14fcdb36ffc144554115afcbb3492286a2,8.0,4104.0,4096,128,128,hash_sidecar_only,2026-07-22T18:42:08.789174+00:00,2026-07-22T18:42:23.040670+00:00,14.265,737852,,1323,1323,100.0,complete,/home/yh3525/FYP/PLENA_Simulator/Workspace/area_new_power_calibration/runs/full_rtl_activity_v1_20260722_193606/reports/power_matrix_c1bef4ed300c/random_128/power.saif_map.rpt,/home/yh3525/FYP/PLENA_Simulator/Workspace/area_new_power_calibration/runs/full_rtl_activity_v1_20260722_193606/reports/power_matrix_c1bef4ed300c/random_128/power.coverage.rpt,/home/yh3525/FYP/PLENA_Simulator/Workspace/area_new_power_calibration/runs/full_rtl_activity_v1_20260722_193606/reports/power_matrix_c1bef4ed300c/random_128/verilator_saif.namemap,0,,unsupported_by_dc_2024_09
power_matrix_mxint_b4_t4_l4,power_matrix_c1bef4ed300c,matrix,random_32,random,32,complete,1024.0,0.0910312,1.7221,1.8131,0.0008639634,1856.6144,,/home/yh3525/FYP/PLENA_Simulator/Workspace/area_new_power_calibration/runs/full_rtl_activity_v1_20260722_193606/activity/power_matrix_c1bef4ed300c/random_32.vcd,/home/yh3525/FYP/PLENA_Simulator/Workspace/area_new_power_calibration/runs/full_rtl_activity_v1_20260722_193606/reports/power_matrix_c1bef4ed300c/random_32/power.rpt,/home/yh3525/FYP/PLENA_Simulator/Workspace/area_new_power_calibration/runs/full_rtl_activity_v1_20260722_193606/reports/power_matrix_c1bef4ed300c/random_32/dc_power.log,rtl_vcd_mapped_dc,"{""accepted_actions"": 32, ""activity_fingerprint"": ""533988e933af6f3e52fb3acf55e7ec14fcdb36ffc144554115afcbb3492286a2"", ""clock_features"": {""control_hbm"": 0.0, ""matrix_pe"": 16384.0, ""scalar_machine"": 0.0, ""vector_lane"": 0.0}, ""clock_period_ns"": 1.0, ""completed_actions"": 32, ""component"": ""matrix"", ""dynamic_features"": {""control.frontend_issue"": 0.0, ""hbm.byte"": 0.0, ""hbm.dma_issue"": 0.0, ""hbm.line"": 0.0, ""matrix.active_mac_bit_product"": 32768.0, ""matrix.matrix_vector_bit_product"": 0.0, ""matrix.output_bit"": 6144.0, ""scalar.fp_add_sub_move_bit"": 0.0, ""scalar.fp_multiply_bit2"": 0.0, ""scalar.fp_sfu_bit2"": 0.0, ""scalar.integer_alu_bit"": 0.0, ""scalar.register_access_bit"": 0.0, ""vector.lane_add_sub_bit"": 0.0, ""vector.lane_movement_bit"": 0.0, ""vector.lane_multiply_bit2"": 0.0, ""vector.lane_sfu_bit2"": 0.0, ""vector.reduction_node_bit"": 0.0}, ""measurement_cycles"": 1024, ""measurement_end_ns"": 1032.0, ""measurement_start_ns"": 8.0, ""params"": {""ACC_DEPTH"": 16, ""BLOCK_DIM"": 4, ""L_BITS"": 4, ""T_BITS"": 4, ""mode"": ""mxint""}, ""pattern"": ""random"", ""requested_actions"": 32, ""schema_version"": 1, ""seed"": 20260722}",937.377344,0,0,0,,9.248,387300,533988e933af6f3e52fb3acf55e7ec14fcdb36ffc144554115afcbb3492286a2,8.0,1032.0,1024,32,32,hash_sidecar_only,2026-07-22T18:41:48.924620+00:00,2026-07-22T18:42:02.987554+00:00,14.088,734820,,1323,1323,100.0,complete,/home/yh3525/FYP/PLENA_Simulator/Workspace/area_new_power_calibration/runs/full_rtl_activity_v1_20260722_193606/reports/power_matrix_c1bef4ed300c/random_32/power.saif_map.rpt,/home/yh3525/FYP/PLENA_Simulator/Workspace/area_new_power_calibration/runs/full_rtl_activity_v1_20260722_193606/reports/power_matrix_c1bef4ed300c/random_32/power.coverage.rpt,/home/yh3525/FYP/PLENA_Simulator/Workspace/area_new_power_calibration/runs/full_rtl_activity_v1_20260722_193606/reports/power_matrix_c1bef4ed300c/random_32/verilator_saif.namemap,0,,unsupported_by_dc_2024_09
power_matrix_mxint_b4_t4_l4,power_matrix_c1bef4ed300c,matrix,random_512,random,512,complete,16384.0,0.0837216,1.7143,1.798,0.0008636797,29458.432,,/home/yh3525/FYP/PLENA_Simulator/Workspace/area_new_power_calibration/runs/full_rtl_activity_v1_20260722_193606/activity/power_matrix_c1bef4ed300c/random_512.vcd,/home/yh3525/FYP/PLENA_Simulator/Workspace/area_new_power_calibration/runs/full_rtl_activity_v1_20260722_193606/reports/power_matrix_c1bef4ed300c/random_512/power.rpt,/home/yh3525/FYP/PLENA_Simulator/Workspace/area_new_power_calibration/runs/full_rtl_activity_v1_20260722_193606/reports/power_matrix_c1bef4ed300c/random_512/dc_power.log,rtl_vcd_mapped_dc,"{""accepted_actions"": 512, ""activity_fingerprint"": ""533988e933af6f3e52fb3acf55e7ec14fcdb36ffc144554115afcbb3492286a2"", ""clock_features"": {""control_hbm"": 0.0, ""matrix_pe"": 262144.0, ""scalar_machine"": 0.0, ""vector_lane"": 0.0}, ""clock_period_ns"": 1.0, ""completed_actions"": 512, ""component"": ""matrix"", ""dynamic_features"": {""control.frontend_issue"": 0.0, ""hbm.byte"": 0.0, ""hbm.dma_issue"": 0.0, ""hbm.line"": 0.0, ""matrix.active_mac_bit_product"": 524288.0, ""matrix.matrix_vector_bit_product"": 0.0, ""matrix.output_bit"": 98304.0, ""scalar.fp_add_sub_move_bit"": 0.0, ""scalar.fp_multiply_bit2"": 0.0, ""scalar.fp_sfu_bit2"": 0.0, ""scalar.integer_alu_bit"": 0.0, ""scalar.register_access_bit"": 0.0, ""vector.lane_add_sub_bit"": 0.0, ""vector.lane_movement_bit"": 0.0, ""vector.lane_multiply_bit2"": 0.0, ""vector.lane_sfu_bit2"": 0.0, ""vector.reduction_node_bit"": 0.0}, ""measurement_cycles"": 16384, ""measurement_end_ns"": 16392.0, ""measurement_start_ns"": 8.0, ""params"": {""ACC_DEPTH"": 16, ""BLOCK_DIM"": 4, ""L_BITS"": 4, ""T_BITS"": 4, ""mode"": ""mxint""}, ""pattern"": ""random"", ""requested_actions"": 512, ""schema_version"": 1, ""seed"": 20260722}",937.377344,0,0,0,,12.143,385456,533988e933af6f3e52fb3acf55e7ec14fcdb36ffc144554115afcbb3492286a2,8.0,16392.0,16384,512,512,hash_sidecar_only,2026-07-22T18:42:32.305553+00:00,2026-07-22T18:42:46.124996+00:00,13.831,734336,,1323,1323,100.0,complete,/home/yh3525/FYP/PLENA_Simulator/Workspace/area_new_power_calibration/runs/full_rtl_activity_v1_20260722_193606/reports/power_matrix_c1bef4ed300c/random_512/power.saif_map.rpt,/home/yh3525/FYP/PLENA_Simulator/Workspace/area_new_power_calibration/runs/full_rtl_activity_v1_20260722_193606/reports/power_matrix_c1bef4ed300c/random_512/power.coverage.rpt,/home/yh3525/FYP/PLENA_Simulator/Workspace/area_new_power_calibration/runs/full_rtl_activity_v1_20260722_193606/reports/power_matrix_c1bef4ed300c/random_512/verilator_saif.namemap,0,,unsupported_by_dc_2024_09
power_matrix_mxint_b4_t8_l8,power_matrix_ffcfd80b3ac4,matrix,idle_128,idle,128,complete,4096.0,0.0,2.5514,2.5514,0.0014957,10450.5344,,/home/yh3525/FYP/PLENA_Simulator/Workspace/area_new_power_calibration/runs/full_rtl_activity_v1_20260722_193606/activity/power_matrix_ffcfd80b3ac4/idle_128.vcd,/home/yh3525/FYP/PLENA_Simulator/Workspace/area_new_power_calibration/runs/full_rtl_activity_v1_20260722_193606/reports/power_matrix_ffcfd80b3ac4/idle_128/power.rpt,/home/yh3525/FYP/PLENA_Simulator/Workspace/area_new_power_calibration/runs/full_rtl_activity_v1_20260722_193606/reports/power_matrix_ffcfd80b3ac4/idle_128/dc_power.log,rtl_vcd_mapped_dc,"{""accepted_actions"": 0, ""activity_fingerprint"": ""571e8d265c712139be81b53c80b8f6d6b7d1ffc3659f05fe37668903d04554b9"", ""clock_features"": {""control_hbm"": 0.0, ""matrix_pe"": 65536.0, ""scalar_machine"": 0.0, ""vector_lane"": 0.0}, ""clock_period_ns"": 1.0, ""completed_actions"": 0, ""component"": ""matrix"", ""dynamic_features"": {""control.frontend_issue"": 0.0, ""hbm.byte"": 0.0, ""hbm.dma_issue"": 0.0, ""hbm.line"": 0.0, ""matrix.active_mac_bit_product"": 0.0, ""matrix.matrix_vector_bit_product"": 0.0, ""matrix.output_bit"": 0.0, ""scalar.fp_add_sub_move_bit"": 0.0, ""scalar.fp_multiply_bit2"": 0.0, ""scalar.fp_sfu_bit2"": 0.0, ""scalar.integer_alu_bit"": 0.0, ""scalar.register_access_bit"": 0.0, ""vector.lane_add_sub_bit"": 0.0, ""vector.lane_movement_bit"": 0.0, ""vector.lane_multiply_bit2"": 0.0, ""vector.lane_sfu_bit2"": 0.0, ""vector.reduction_node_bit"": 0.0}, ""measurement_cycles"": 4096, ""measurement_end_ns"": 4104.0, ""measurement_start_ns"": 8.0, ""params"": {""ACC_DEPTH"": 16, ""BLOCK_DIM"": 4, ""L_BITS"": 8, ""T_BITS"": 8, ""mode"": ""mxint""}, ""pattern"": ""idle"", ""requested_actions"": 128, ""schema_version"": 1, ""seed"": 20260722}",1682.050834,0,0,0,,9.54,384028,571e8d265c712139be81b53c80b8f6d6b7d1ffc3659f05fe37668903d04554b9,8.0,4104.0,4096,0,0,hash_sidecar_only,2026-07-22T18:43:42.924924+00:00,2026-07-22T18:43:59.857495+00:00,16.964,737328,,2091,2091,100.0,complete,/home/yh3525/FYP/PLENA_Simulator/Workspace/area_new_power_calibration/runs/full_rtl_activity_v1_20260722_193606/reports/power_matrix_ffcfd80b3ac4/idle_128/power.saif_map.rpt,/home/yh3525/FYP/PLENA_Simulator/Workspace/area_new_power_calibration/runs/full_rtl_activity_v1_20260722_193606/reports/power_matrix_ffcfd80b3ac4/idle_128/power.coverage.rpt,/home/yh3525/FYP/PLENA_Simulator/Workspace/area_new_power_calibration/runs/full_rtl_activity_v1_20260722_193606/reports/power_matrix_ffcfd80b3ac4/idle_128/verilator_saif.namemap,0,,unsupported_by_dc_2024_09
power_matrix_mxint_b4_t8_l8,power_matrix_ffcfd80b3ac4,matrix,idle_32,idle,32,complete,1024.0,0.0,2.5514,2.5514,0.0014957,2612.6336,,/home/yh3525/FYP/PLENA_Simulator/Workspace/area_new_power_calibration/runs/full_rtl_activity_v1_20260722_193606/activity/power_matrix_ffcfd80b3ac4/idle_32.vcd,/home/yh3525/FYP/PLENA_Simulator/Workspace/area_new_power_calibration/runs/full_rtl_activity_v1_20260722_193606/reports/power_matrix_ffcfd80b3ac4/idle_32/power.rpt,/home/yh3525/FYP/PLENA_Simulator/Workspace/area_new_power_calibration/runs/full_rtl_activity_v1_20260722_193606/reports/power_matrix_ffcfd80b3ac4/idle_32/dc_power.log,rtl_vcd_mapped_dc,"{""accepted_actions"": 0, ""activity_fingerprint"": ""571e8d265c712139be81b53c80b8f6d6b7d1ffc3659f05fe37668903d04554b9"", ""clock_features"": {""control_hbm"": 0.0, ""matrix_pe"": 16384.0, ""scalar_machine"": 0.0, ""vector_lane"": 0.0}, ""clock_period_ns"": 1.0, ""completed_actions"": 0, ""component"": ""matrix"", ""dynamic_features"": {""control.frontend_issue"": 0.0, ""hbm.byte"": 0.0, ""hbm.dma_issue"": 0.0, ""hbm.line"": 0.0, ""matrix.active_mac_bit_product"": 0.0, ""matrix.matrix_vector_bit_product"": 0.0, ""matrix.output_bit"": 0.0, ""scalar.fp_add_sub_move_bit"": 0.0, ""scalar.fp_multiply_bit2"": 0.0, ""scalar.fp_sfu_bit2"": 0.0, ""scalar.integer_alu_bit"": 0.0, ""scalar.register_access_bit"": 0.0, ""vector.lane_add_sub_bit"": 0.0, ""vector.lane_movement_bit"": 0.0, ""vector.lane_multiply_bit2"": 0.0, ""vector.lane_sfu_bit2"": 0.0, ""vector.reduction_node_bit"": 0.0}, ""measurement_cycles"": 1024, ""measurement_end_ns"": 1032.0, ""measurement_start_ns"": 8.0, ""params"": {""ACC_DEPTH"": 16, ""BLOCK_DIM"": 4, ""L_BITS"": 8, ""T_BITS"": 8, ""mode"": ""mxint""}, ""pattern"": ""idle"", ""requested_actions"": 32, ""schema_version"": 1, ""seed"": 20260722}",1682.050834,0,0,0,,23.477,386908,571e8d265c712139be81b53c80b8f6d6b7d1ffc3659f05fe37668903d04554b9,8.0,1032.0,1024,0,0,hash_sidecar_only,2026-07-22T18:43:24.531577+00:00,2026-07-22T18:43:40.636532+00:00,16.122,738416,,2091,2091,100.0,complete,/home/yh3525/FYP/PLENA_Simulator/Workspace/area_new_power_calibration/runs/full_rtl_activity_v1_20260722_193606/reports/power_matrix_ffcfd80b3ac4/idle_32/power.saif_map.rpt,/home/yh3525/FYP/PLENA_Simulator/Workspace/area_new_power_calibration/runs/full_rtl_activity_v1_20260722_193606/reports/power_matrix_ffcfd80b3ac4/idle_32/power.coverage.rpt,/home/yh3525/FYP/PLENA_Simulator/Workspace/area_new_power_calibration/runs/full_rtl_activity_v1_20260722_193606/reports/power_matrix_ffcfd80b3ac4/idle_32/verilator_saif.namemap,0,,unsupported_by_dc_2024_09
power_matrix_mxint_b4_t8_l8,power_matrix_ffcfd80b3ac4,matrix,idle_512,idle,512,complete,16384.0,0.0,2.5514,2.5514,0.0014957,41802.1376,,/home/yh3525/FYP/PLENA_Simulator/Workspace/area_new_power_calibration/runs/full_rtl_activity_v1_20260722_193606/activity/power_matrix_ffcfd80b3ac4/idle_512.vcd,/home/yh3525/FYP/PLENA_Simulator/Workspace/area_new_power_calibration/runs/full_rtl_activity_v1_20260722_193606/reports/power_matrix_ffcfd80b3ac4/idle_512/power.rpt,/home/yh3525/FYP/PLENA_Simulator/Workspace/area_new_power_calibration/runs/full_rtl_activity_v1_20260722_193606/reports/power_matrix_ffcfd80b3ac4/idle_512/dc_power.log,rtl_vcd_mapped_dc,"{""accepted_actions"": 0, ""activity_fingerprint"": ""571e8d265c712139be81b53c80b8f6d6b7d1ffc3659f05fe37668903d04554b9"", ""clock_features"": {""control_hbm"": 0.0, ""matrix_pe"": 262144.0, ""scalar_machine"": 0.0, ""vector_lane"": 0.0}, ""clock_period_ns"": 1.0, ""completed_actions"": 0, ""component"": ""matrix"", ""dynamic_features"": {""control.frontend_issue"": 0.0, ""hbm.byte"": 0.0, ""hbm.dma_issue"": 0.0, ""hbm.line"": 0.0, ""matrix.active_mac_bit_product"": 0.0, ""matrix.matrix_vector_bit_product"": 0.0, ""matrix.output_bit"": 0.0, ""scalar.fp_add_sub_move_bit"": 0.0, ""scalar.fp_multiply_bit2"": 0.0, ""scalar.fp_sfu_bit2"": 0.0, ""scalar.integer_alu_bit"": 0.0, ""scalar.register_access_bit"": 0.0, ""vector.lane_add_sub_bit"": 0.0, ""vector.lane_movement_bit"": 0.0, ""vector.lane_multiply_bit2"": 0.0, ""vector.lane_sfu_bit2"": 0.0, ""vector.reduction_node_bit"": 0.0}, ""measurement_cycles"": 16384, ""measurement_end_ns"": 16392.0, ""measurement_start_ns"": 8.0, ""params"": {""ACC_DEPTH"": 16, ""BLOCK_DIM"": 4, ""L_BITS"": 8, ""T_BITS"": 8, ""mode"": ""mxint""}, ""pattern"": ""idle"", ""requested_actions"": 512, ""schema_version"": 1, ""seed"": 20260722}",1682.050834,0,0,0,,11.732,386824,571e8d265c712139be81b53c80b8f6d6b7d1ffc3659f05fe37668903d04554b9,8.0,16392.0,16384,0,0,hash_sidecar_only,2026-07-22T18:44:04.713625+00:00,2026-07-22T18:44:20.381480+00:00,15.7,735324,,2091,2091,100.0,complete,/home/yh3525/FYP/PLENA_Simulator/Workspace/area_new_power_calibration/runs/full_rtl_activity_v1_20260722_193606/reports/power_matrix_ffcfd80b3ac4/idle_512/power.saif_map.rpt,/home/yh3525/FYP/PLENA_Simulator/Workspace/area_new_power_calibration/runs/full_rtl_activity_v1_20260722_193606/reports/power_matrix_ffcfd80b3ac4/idle_512/power.coverage.rpt,/home/yh3525/FYP/PLENA_Simulator/Workspace/area_new_power_calibration/runs/full_rtl_activity_v1_20260722_193606/reports/power_matrix_ffcfd80b3ac4/idle_512/verilator_saif.namemap,0,,unsupported_by_dc_2024_09
power_matrix_mxint_b4_t8_l8,power_matrix_ffcfd80b3ac4,matrix,low_toggle_128,low-toggle,128,complete,4096.0,0.0250715,2.5739,2.599,0.0015207,10645.504,,/home/yh3525/FYP/PLENA_Simulator/Workspace/area_new_power_calibration/runs/full_rtl_activity_v1_20260722_193606/activity/power_matrix_ffcfd80b3ac4/low_toggle_128.vcd,/home/yh3525/FYP/PLENA_Simulator/Workspace/area_new_power_calibration/runs/full_rtl_activity_v1_20260722_193606/reports/power_matrix_ffcfd80b3ac4/low_toggle_128/power.rpt,/home/yh3525/FYP/PLENA_Simulator/Workspace/area_new_power_calibration/runs/full_rtl_activity_v1_20260722_193606/reports/power_matrix_ffcfd80b3ac4/low_toggle_128/dc_power.log,rtl_vcd_mapped_dc,"{""accepted_actions"": 128, ""activity_fingerprint"": ""571e8d265c712139be81b53c80b8f6d6b7d1ffc3659f05fe37668903d04554b9"", ""clock_features"": {""control_hbm"": 0.0, ""matrix_pe"": 65536.0, ""scalar_machine"": 0.0, ""vector_lane"": 0.0}, ""clock_period_ns"": 1.0, ""completed_actions"": 128, ""component"": ""matrix"", ""dynamic_features"": {""control.frontend_issue"": 0.0, ""hbm.byte"": 0.0, ""hbm.dma_issue"": 0.0, ""hbm.line"": 0.0, ""matrix.active_mac_bit_product"": 524288.0, ""matrix.matrix_vector_bit_product"": 0.0, ""matrix.output_bit"": 40960.0, ""scalar.fp_add_sub_move_bit"": 0.0, ""scalar.fp_multiply_bit2"": 0.0, ""scalar.fp_sfu_bit2"": 0.0, ""scalar.integer_alu_bit"": 0.0, ""scalar.register_access_bit"": 0.0, ""vector.lane_add_sub_bit"": 0.0, ""vector.lane_movement_bit"": 0.0, ""vector.lane_multiply_bit2"": 0.0, ""vector.lane_sfu_bit2"": 0.0, ""vector.reduction_node_bit"": 0.0}, ""measurement_cycles"": 4096, ""measurement_end_ns"": 4104.0, ""measurement_start_ns"": 8.0, ""params"": {""ACC_DEPTH"": 16, ""BLOCK_DIM"": 4, ""L_BITS"": 8, ""T_BITS"": 8, ""mode"": ""mxint""}, ""pattern"": ""low-toggle"", ""requested_actions"": 128, ""schema_version"": 1, ""seed"": 20260722}",1682.050834,0,0,0,,9.454,387536,571e8d265c712139be81b53c80b8f6d6b7d1ffc3659f05fe37668903d04554b9,8.0,4104.0,4096,128,128,hash_sidecar_only,2026-07-22T18:44:26.254269+00:00,2026-07-22T18:44:42.498644+00:00,16.265,736284,,2091,2091,100.0,complete,/home/yh3525/FYP/PLENA_Simulator/Workspace/area_new_power_calibration/runs/full_rtl_activity_v1_20260722_193606/reports/power_matrix_ffcfd80b3ac4/low_toggle_128/power.saif_map.rpt,/home/yh3525/FYP/PLENA_Simulator/Workspace/area_new_power_calibration/runs/full_rtl_activity_v1_20260722_193606/reports/power_matrix_ffcfd80b3ac4/low_toggle_128/power.coverage.rpt,/home/yh3525/FYP/PLENA_Simulator/Workspace/area_new_power_calibration/runs/full_rtl_activity_v1_20260722_193606/reports/power_matrix_ffcfd80b3ac4/low_toggle_128/verilator_saif.namemap,0,,unsupported_by_dc_2024_09
power_matrix_mxint_b4_t8_l8,power_matrix_ffcfd80b3ac4,matrix,mixed_holdout_128,mixed-kernel-holdout,128,complete,4096.0,0.1294736,2.6572,2.7866,0.0015645000000000001,11413.9136,,/home/yh3525/FYP/PLENA_Simulator/Workspace/area_new_power_calibration/runs/full_rtl_activity_v1_20260722_193606/activity/power_matrix_ffcfd80b3ac4/mixed_holdout_128.vcd.gz,/home/yh3525/FYP/PLENA_Simulator/Workspace/area_new_power_calibration/runs/full_rtl_activity_v1_20260722_193606/reports/power_matrix_ffcfd80b3ac4/mixed_holdout_128/power.rpt,/home/yh3525/FYP/PLENA_Simulator/Workspace/area_new_power_calibration/runs/full_rtl_activity_v1_20260722_193606/reports/power_matrix_ffcfd80b3ac4/mixed_holdout_128/dc_power.log,rtl_vcd_mapped_dc,"{""accepted_actions"": 128, ""activity_fingerprint"": ""571e8d265c712139be81b53c80b8f6d6b7d1ffc3659f05fe37668903d04554b9"", ""clock_features"": {""control_hbm"": 0.0, ""matrix_pe"": 65536.0, ""scalar_machine"": 0.0, ""vector_lane"": 0.0}, ""clock_period_ns"": 1.0, ""completed_actions"": 128, ""component"": ""matrix"", ""dynamic_features"": {""control.frontend_issue"": 0.0, ""hbm.byte"": 0.0, ""hbm.dma_issue"": 0.0, ""hbm.line"": 0.0, ""matrix.active_mac_bit_product"": 524288.0, ""matrix.matrix_vector_bit_product"": 0.0, ""matrix.output_bit"": 40960.0, ""scalar.fp_add_sub_move_bit"": 0.0, ""scalar.fp_multiply_bit2"": 0.0, ""scalar.fp_sfu_bit2"": 0.0, ""scalar.integer_alu_bit"": 0.0, ""scalar.register_access_bit"": 0.0, ""vector.lane_add_sub_bit"": 0.0, ""vector.lane_movement_bit"": 0.0, ""vector.lane_multiply_bit2"": 0.0, ""vector.lane_sfu_bit2"": 0.0, ""vector.reduction_node_bit"": 0.0}, ""measurement_cycles"": 4096, ""measurement_end_ns"": 4104.0, ""measurement_start_ns"": 8.0, ""params"": {""ACC_DEPTH"": 16, ""BLOCK_DIM"": 4, ""L_BITS"": 8, ""T_BITS"": 8, ""mode"": ""mxint""}, ""pattern"": ""mixed-kernel-holdout"", ""requested_actions"": 128, ""schema_version"": 1, ""seed"": 20260722}",1682.050834,0,0,0,,9.696,383712,571e8d265c712139be81b53c80b8f6d6b7d1ffc3659f05fe37668903d04554b9,8.0,4104.0,4096,128,128,gzip_validation,2026-07-22T18:44:46.100554+00:00,2026-07-22T18:45:01.608674+00:00,15.554,735352,,2091,2091,100.0,complete,/home/yh3525/FYP/PLENA_Simulator/Workspace/area_new_power_calibration/runs/full_rtl_activity_v1_20260722_193606/reports/power_matrix_ffcfd80b3ac4/mixed_holdout_128/power.saif_map.rpt,/home/yh3525/FYP/PLENA_Simulator/Workspace/area_new_power_calibration/runs/full_rtl_activity_v1_20260722_193606/reports/power_matrix_ffcfd80b3ac4/mixed_holdout_128/power.coverage.rpt,/home/yh3525/FYP/PLENA_Simulator/Workspace/area_new_power_calibration/runs/full_rtl_activity_v1_20260722_193606/reports/power_matrix_ffcfd80b3ac4/mixed_holdout_128/verilator_saif.namemap,0,,unsupported_by_dc_2024_09
power_matrix_mxint_b4_t8_l8,power_matrix_ffcfd80b3ac4,matrix,qwen_128,representative-qwen,128,complete,4096.0,0.031680599999999996,2.5818,2.6135,0.001529,10704.896,,/home/yh3525/FYP/PLENA_Simulator/Workspace/area_new_power_calibration/runs/full_rtl_activity_v1_20260722_193606/activity/power_matrix_ffcfd80b3ac4/qwen_128.vcd.gz,/home/yh3525/FYP/PLENA_Simulator/Workspace/area_new_power_calibration/runs/full_rtl_activity_v1_20260722_193606/reports/power_matrix_ffcfd80b3ac4/qwen_128/power.rpt,/home/yh3525/FYP/PLENA_Simulator/Workspace/area_new_power_calibration/runs/full_rtl_activity_v1_20260722_193606/reports/power_matrix_ffcfd80b3ac4/qwen_128/dc_power.log,rtl_vcd_mapped_dc,"{""accepted_actions"": 128, ""activity_fingerprint"": ""571e8d265c712139be81b53c80b8f6d6b7d1ffc3659f05fe37668903d04554b9"", ""clock_features"": {""control_hbm"": 0.0, ""matrix_pe"": 65536.0, ""scalar_machine"": 0.0, ""vector_lane"": 0.0}, ""clock_period_ns"": 1.0, ""completed_actions"": 128, ""component"": ""matrix"", ""dynamic_features"": {""control.frontend_issue"": 0.0, ""hbm.byte"": 0.0, ""hbm.dma_issue"": 0.0, ""hbm.line"": 0.0, ""matrix.active_mac_bit_product"": 524288.0, ""matrix.matrix_vector_bit_product"": 0.0, ""matrix.output_bit"": 40960.0, ""scalar.fp_add_sub_move_bit"": 0.0, ""scalar.fp_multiply_bit2"": 0.0, ""scalar.fp_sfu_bit2"": 0.0, ""scalar.integer_alu_bit"": 0.0, ""scalar.register_access_bit"": 0.0, ""vector.lane_add_sub_bit"": 0.0, ""vector.lane_movement_bit"": 0.0, ""vector.lane_multiply_bit2"": 0.0, ""vector.lane_sfu_bit2"": 0.0, ""vector.reduction_node_bit"": 0.0}, ""measurement_cycles"": 4096, ""measurement_end_ns"": 4104.0, ""measurement_start_ns"": 8.0, ""params"": {""ACC_DEPTH"": 16, ""BLOCK_DIM"": 4, ""L_BITS"": 8, ""T_BITS"": 8, ""mode"": ""mxint""}, ""pattern"": ""representative-qwen"", ""requested_actions"": 128, ""schema_version"": 1, ""seed"": 20260722}",1682.050834,0,0,0,,10.101,385340,571e8d265c712139be81b53c80b8f6d6b7d1ffc3659f05fe37668903d04554b9,8.0,4104.0,4096,128,128,gzip_validation,2026-07-22T18:44:36.361730+00:00,2026-07-22T18:44:51.813541+00:00,15.475,737404,,2091,2091,100.0,complete,/home/yh3525/FYP/PLENA_Simulator/Workspace/area_new_power_calibration/runs/full_rtl_activity_v1_20260722_193606/reports/power_matrix_ffcfd80b3ac4/qwen_128/power.saif_map.rpt,/home/yh3525/FYP/PLENA_Simulator/Workspace/area_new_power_calibration/runs/full_rtl_activity_v1_20260722_193606/reports/power_matrix_ffcfd80b3ac4/qwen_128/power.coverage.rpt,/home/yh3525/FYP/PLENA_Simulator/Workspace/area_new_power_calibration/runs/full_rtl_activity_v1_20260722_193606/reports/power_matrix_ffcfd80b3ac4/qwen_128/verilator_saif.namemap,0,,unsupported_by_dc_2024_09
power_matrix_mxint_b4_t8_l8,power_matrix_ffcfd80b3ac4,matrix,random_128,random,128,complete,4096.0,0.2775748,2.8092,3.0868,0.0015679000000000001,12643.5328,,/home/yh3525/FYP/PLENA_Simulator/Workspace/area_new_power_calibration/runs/full_rtl_activity_v1_20260722_193606/activity/power_matrix_ffcfd80b3ac4/random_128.vcd,/home/yh3525/FYP/PLENA_Simulator/Workspace/area_new_power_calibration/runs/full_rtl_activity_v1_20260722_193606/reports/power_matrix_ffcfd80b3ac4/random_128/power.rpt,/home/yh3525/FYP/PLENA_Simulator/Workspace/area_new_power_calibration/runs/full_rtl_activity_v1_20260722_193606/reports/power_matrix_ffcfd80b3ac4/random_128/dc_power.log,rtl_vcd_mapped_dc,"{""accepted_actions"": 128, ""activity_fingerprint"": ""571e8d265c712139be81b53c80b8f6d6b7d1ffc3659f05fe37668903d04554b9"", ""clock_features"": {""control_hbm"": 0.0, ""matrix_pe"": 65536.0, ""scalar_machine"": 0.0, ""vector_lane"": 0.0}, ""clock_period_ns"": 1.0, ""completed_actions"": 128, ""component"": ""matrix"", ""dynamic_features"": {""control.frontend_issue"": 0.0, ""hbm.byte"": 0.0, ""hbm.dma_issue"": 0.0, ""hbm.line"": 0.0, ""matrix.active_mac_bit_product"": 524288.0, ""matrix.matrix_vector_bit_product"": 0.0, ""matrix.output_bit"": 40960.0, ""scalar.fp_add_sub_move_bit"": 0.0, ""scalar.fp_multiply_bit2"": 0.0, ""scalar.fp_sfu_bit2"": 0.0, ""scalar.integer_alu_bit"": 0.0, ""scalar.register_access_bit"": 0.0, ""vector.lane_add_sub_bit"": 0.0, ""vector.lane_movement_bit"": 0.0, ""vector.lane_multiply_bit2"": 0.0, ""vector.lane_sfu_bit2"": 0.0, ""vector.reduction_node_bit"": 0.0}, ""measurement_cycles"": 4096, ""measurement_end_ns"": 4104.0, ""measurement_start_ns"": 8.0, ""params"": {""ACC_DEPTH"": 16, ""BLOCK_DIM"": 4, ""L_BITS"": 8, ""T_BITS"": 8, ""mode"": ""mxint""}, ""pattern"": ""random"", ""requested_actions"": 128, ""schema_version"": 1, ""seed"": 20260722}",1682.050834,0,0,0,,10.02,385964,571e8d265c712139be81b53c80b8f6d6b7d1ffc3659f05fe37668903d04554b9,8.0,4104.0,4096,128,128,hash_sidecar_only,2026-07-22T18:43:52.941286+00:00,2026-07-22T18:44:09.339864+00:00,16.419,739980,,2091,2091,100.0,complete,/home/yh3525/FYP/PLENA_Simulator/Workspace/area_new_power_calibration/runs/full_rtl_activity_v1_20260722_193606/reports/power_matrix_ffcfd80b3ac4/random_128/power.saif_map.rpt,/home/yh3525/FYP/PLENA_Simulator/Workspace/area_new_power_calibration/runs/full_rtl_activity_v1_20260722_193606/reports/power_matrix_ffcfd80b3ac4/random_128/power.coverage.rpt,/home/yh3525/FYP/PLENA_Simulator/Workspace/area_new_power_calibration/runs/full_rtl_activity_v1_20260722_193606/reports/power_matrix_ffcfd80b3ac4/random_128/verilator_saif.namemap,0,,unsupported_by_dc_2024_09
power_matrix_mxint_b4_t8_l8,power_matrix_ffcfd80b3ac4,matrix,random_32,random,32,complete,1024.0,0.2938499,2.8238,3.1176,0.0015680000000000002,3192.4224,,/home/yh3525/FYP/PLENA_Simulator/Workspace/area_new_power_calibration/runs/full_rtl_activity_v1_20260722_193606/activity/power_matrix_ffcfd80b3ac4/random_32.vcd,/home/yh3525/FYP/PLENA_Simulator/Workspace/area_new_power_calibration/runs/full_rtl_activity_v1_20260722_193606/reports/power_matrix_ffcfd80b3ac4/random_32/power.rpt,/home/yh3525/FYP/PLENA_Simulator/Workspace/area_new_power_calibration/runs/full_rtl_activity_v1_20260722_193606/reports/power_matrix_ffcfd80b3ac4/random_32/dc_power.log,rtl_vcd_mapped_dc,"{""accepted_actions"": 32, ""activity_fingerprint"": ""571e8d265c712139be81b53c80b8f6d6b7d1ffc3659f05fe37668903d04554b9"", ""clock_features"": {""control_hbm"": 0.0, ""matrix_pe"": 16384.0, ""scalar_machine"": 0.0, ""vector_lane"": 0.0}, ""clock_period_ns"": 1.0, ""completed_actions"": 32, ""component"": ""matrix"", ""dynamic_features"": {""control.frontend_issue"": 0.0, ""hbm.byte"": 0.0, ""hbm.dma_issue"": 0.0, ""hbm.line"": 0.0, ""matrix.active_mac_bit_product"": 131072.0, ""matrix.matrix_vector_bit_product"": 0.0, ""matrix.output_bit"": 10240.0, ""scalar.fp_add_sub_move_bit"": 0.0, ""scalar.fp_multiply_bit2"": 0.0, ""scalar.fp_sfu_bit2"": 0.0, ""scalar.integer_alu_bit"": 0.0, ""scalar.register_access_bit"": 0.0, ""vector.lane_add_sub_bit"": 0.0, ""vector.lane_movement_bit"": 0.0, ""vector.lane_multiply_bit2"": 0.0, ""vector.lane_sfu_bit2"": 0.0, ""vector.reduction_node_bit"": 0.0}, ""measurement_cycles"": 1024, ""measurement_end_ns"": 1032.0, ""measurement_start_ns"": 8.0, ""params"": {""ACC_DEPTH"": 16, ""BLOCK_DIM"": 4, ""L_BITS"": 8, ""T_BITS"": 8, ""mode"": ""mxint""}, ""pattern"": ""random"", ""requested_actions"": 32, ""schema_version"": 1, ""seed"": 20260722}",1682.050834,0,0,0,,8.833,387056,571e8d265c712139be81b53c80b8f6d6b7d1ffc3659f05fe37668903d04554b9,8.0,1032.0,1024,32,32,hash_sidecar_only,2026-07-22T18:43:33.371640+00:00,2026-07-22T18:43:50.825277+00:00,17.474,737440,,2091,2091,100.0,complete,/home/yh3525/FYP/PLENA_Simulator/Workspace/area_new_power_calibration/runs/full_rtl_activity_v1_20260722_193606/reports/power_matrix_ffcfd80b3ac4/random_32/power.saif_map.rpt,/home/yh3525/FYP/PLENA_Simulator/Workspace/area_new_power_calibration/runs/full_rtl_activity_v1_20260722_193606/reports/power_matrix_ffcfd80b3ac4/random_32/power.coverage.rpt,/home/yh3525/FYP/PLENA_Simulator/Workspace/area_new_power_calibration/runs/full_rtl_activity_v1_20260722_193606/reports/power_matrix_ffcfd80b3ac4/random_32/verilator_saif.namemap,0,,unsupported_by_dc_2024_09
power_matrix_mxint_b4_t8_l8,power_matrix_ffcfd80b3ac4,matrix,random_512,random,512,complete,16384.0,0.2737439,2.8057,3.0795,0.0015678,50454.528,,/home/yh3525/FYP/PLENA_Simulator/Workspace/area_new_power_calibration/runs/full_rtl_activity_v1_20260722_193606/activity/power_matrix_ffcfd80b3ac4/random_512.vcd,/home/yh3525/FYP/PLENA_Simulator/Workspace/area_new_power_calibration/runs/full_rtl_activity_v1_20260722_193606/reports/power_matrix_ffcfd80b3ac4/random_512/power.rpt,/home/yh3525/FYP/PLENA_Simulator/Workspace/area_new_power_calibration/runs/full_rtl_activity_v1_20260722_193606/reports/power_matrix_ffcfd80b3ac4/random_512/dc_power.log,rtl_vcd_mapped_dc,"{""accepted_actions"": 512, ""activity_fingerprint"": ""571e8d265c712139be81b53c80b8f6d6b7d1ffc3659f05fe37668903d04554b9"", ""clock_features"": {""control_hbm"": 0.0, ""matrix_pe"": 262144.0, ""scalar_machine"": 0.0, ""vector_lane"": 0.0}, ""clock_period_ns"": 1.0, ""completed_actions"": 512, ""component"": ""matrix"", ""dynamic_features"": {""control.frontend_issue"": 0.0, ""hbm.byte"": 0.0, ""hbm.dma_issue"": 0.0, ""hbm.line"": 0.0, ""matrix.active_mac_bit_product"": 2097152.0, ""matrix.matrix_vector_bit_product"": 0.0, ""matrix.output_bit"": 163840.0, ""scalar.fp_add_sub_move_bit"": 0.0, ""scalar.fp_multiply_bit2"": 0.0, ""scalar.fp_sfu_bit2"": 0.0, ""scalar.integer_alu_bit"": 0.0, ""scalar.register_access_bit"": 0.0, ""vector.lane_add_sub_bit"": 0.0, ""vector.lane_movement_bit"": 0.0, ""vector.lane_multiply_bit2"": 0.0, ""vector.lane_sfu_bit2"": 0.0, ""vector.reduction_node_bit"": 0.0}, ""measurement_cycles"": 16384, ""measurement_end_ns"": 16392.0, ""measurement_start_ns"": 8.0, ""params"": {""ACC_DEPTH"": 16, ""BLOCK_DIM"": 4, ""L_BITS"": 8, ""T_BITS"": 8, ""mode"": ""mxint""}, ""pattern"": ""random"", ""requested_actions"": 512, ""schema_version"": 1, ""seed"": 20260722}",1682.050834,0,0,0,,12.029,387260,571e8d265c712139be81b53c80b8f6d6b7d1ffc3659f05fe37668903d04554b9,8.0,16392.0,16384,512,512,hash_sidecar_only,2026-07-22T18:44:16.794536+00:00,2026-07-22T18:44:34.149239+00:00,17.386,735896,,2091,2091,100.0,complete,/home/yh3525/FYP/PLENA_Simulator/Workspace/area_new_power_calibration/runs/full_rtl_activity_v1_20260722_193606/reports/power_matrix_ffcfd80b3ac4/random_512/power.saif_map.rpt,/home/yh3525/FYP/PLENA_Simulator/Workspace/area_new_power_calibration/runs/full_rtl_activity_v1_20260722_193606/reports/power_matrix_ffcfd80b3ac4/random_512/power.coverage.rpt,/home/yh3525/FYP/PLENA_Simulator/Workspace/area_new_power_calibration/runs/full_rtl_activity_v1_20260722_193606/reports/power_matrix_ffcfd80b3ac4/random_512/verilator_saif.namemap,0,,unsupported_by_dc_2024_09
power_matrix_mxint_b8_t4_l4_holdout,power_matrix_f5b1f8fe7784,matrix,idle_128,idle,128,complete,6144.0,0.0,4.9441,4.9441,0.0025996,30376.5504,,/home/yh3525/FYP/PLENA_Simulator/Workspace/area_new_power_calibration/runs/full_rtl_activity_v1_20260722_193606/activity/power_matrix_f5b1f8fe7784/idle_128.vcd.gz,/home/yh3525/FYP/PLENA_Simulator/Workspace/area_new_power_calibration/runs/full_rtl_activity_v1_20260722_193606/reports/power_matrix_f5b1f8fe7784/idle_128/power.rpt,/home/yh3525/FYP/PLENA_Simulator/Workspace/area_new_power_calibration/runs/full_rtl_activity_v1_20260722_193606/reports/power_matrix_f5b1f8fe7784/idle_128/dc_power.log,rtl_vcd_mapped_dc,"{""accepted_actions"": 0, ""activity_fingerprint"": ""1308e1cb101f80867a01c4bdf9b24ed919abec7a07bf4929c39ec799bcef1d30"", ""clock_features"": {""control_hbm"": 0.0, ""matrix_pe"": 393216.0, ""scalar_machine"": 0.0, ""vector_lane"": 0.0}, ""clock_period_ns"": 1.0, ""completed_actions"": 0, ""component"": ""matrix"", ""dynamic_features"": {""control.frontend_issue"": 0.0, ""hbm.byte"": 0.0, ""hbm.dma_issue"": 0.0, ""hbm.line"": 0.0, ""matrix.active_mac_bit_product"": 0.0, ""matrix.matrix_vector_bit_product"": 0.0, ""matrix.output_bit"": 0.0, ""scalar.fp_add_sub_move_bit"": 0.0, ""scalar.fp_multiply_bit2"": 0.0, ""scalar.fp_sfu_bit2"": 0.0, ""scalar.integer_alu_bit"": 0.0, ""scalar.register_access_bit"": 0.0, ""vector.lane_add_sub_bit"": 0.0, ""vector.lane_movement_bit"": 0.0, ""vector.lane_multiply_bit2"": 0.0, ""vector.lane_sfu_bit2"": 0.0, ""vector.reduction_node_bit"": 0.0}, ""measurement_cycles"": 6144, ""measurement_end_ns"": 6152.0, ""measurement_start_ns"": 8.0, ""params"": {""ACC_DEPTH"": 16, ""BLOCK_DIM"": 8, ""L_BITS"": 4, ""T_BITS"": 4, ""mode"": ""mxint""}, ""pattern"": ""idle"", ""requested_actions"": 128, ""schema_version"": 1, ""seed"": 20260722}",2990.12467,1,0,0,,7.247,390008,1308e1cb101f80867a01c4bdf9b24ed919abec7a07bf4929c39ec799bcef1d30,8.0,6152.0,6144,0,0,gzip_validation,2026-07-22T19:53:58.694358+00:00,2026-07-22T19:54:11.936929+00:00,13.268,742500,,4052,4052,100.0,complete,/home/yh3525/FYP/PLENA_Simulator/Workspace/area_new_power_calibration/runs/full_rtl_activity_v1_20260722_193606/reports/power_matrix_f5b1f8fe7784/idle_128/power.saif_map.rpt,/home/yh3525/FYP/PLENA_Simulator/Workspace/area_new_power_calibration/runs/full_rtl_activity_v1_20260722_193606/reports/power_matrix_f5b1f8fe7784/idle_128/power.coverage.rpt,/home/yh3525/FYP/PLENA_Simulator/Workspace/area_new_power_calibration/runs/full_rtl_activity_v1_20260722_193606/reports/power_matrix_f5b1f8fe7784/idle_128/verilator_saif.namemap,0,,unsupported_by_dc_2024_09
power_matrix_mxint_b8_t4_l4_holdout,power_matrix_f5b1f8fe7784,matrix,idle_32,idle,32,complete,1536.0,0.0,4.9441,4.9441,0.0025996,7594.1376,,/home/yh3525/FYP/PLENA_Simulator/Workspace/area_new_power_calibration/runs/full_rtl_activity_v1_20260722_193606/activity/power_matrix_f5b1f8fe7784/idle_32.vcd.gz,/home/yh3525/FYP/PLENA_Simulator/Workspace/area_new_power_calibration/runs/full_rtl_activity_v1_20260722_193606/reports/power_matrix_f5b1f8fe7784/idle_32/power.rpt,/home/yh3525/FYP/PLENA_Simulator/Workspace/area_new_power_calibration/runs/full_rtl_activity_v1_20260722_193606/reports/power_matrix_f5b1f8fe7784/idle_32/dc_power.log,rtl_vcd_mapped_dc,"{""accepted_actions"": 0, ""activity_fingerprint"": ""1308e1cb101f80867a01c4bdf9b24ed919abec7a07bf4929c39ec799bcef1d30"", ""clock_features"": {""control_hbm"": 0.0, ""matrix_pe"": 98304.0, ""scalar_machine"": 0.0, ""vector_lane"": 0.0}, ""clock_period_ns"": 1.0, ""completed_actions"": 0, ""component"": ""matrix"", ""dynamic_features"": {""control.frontend_issue"": 0.0, ""hbm.byte"": 0.0, ""hbm.dma_issue"": 0.0, ""hbm.line"": 0.0, ""matrix.active_mac_bit_product"": 0.0, ""matrix.matrix_vector_bit_product"": 0.0, ""matrix.output_bit"": 0.0, ""scalar.fp_add_sub_move_bit"": 0.0, ""scalar.fp_multiply_bit2"": 0.0, ""scalar.fp_sfu_bit2"": 0.0, ""scalar.integer_alu_bit"": 0.0, ""scalar.register_access_bit"": 0.0, ""vector.lane_add_sub_bit"": 0.0, ""vector.lane_movement_bit"": 0.0, ""vector.lane_multiply_bit2"": 0.0, ""vector.lane_sfu_bit2"": 0.0, ""vector.reduction_node_bit"": 0.0}, ""measurement_cycles"": 1536, ""measurement_end_ns"": 1544.0, ""measurement_start_ns"": 8.0, ""params"": {""ACC_DEPTH"": 16, ""BLOCK_DIM"": 8, ""L_BITS"": 4, ""T_BITS"": 4, ""mode"": ""mxint""}, ""pattern"": ""idle"", ""requested_actions"": 32, ""schema_version"": 1, ""seed"": 20260722}",2990.12467,1,0,0,,22.795,388660,1308e1cb101f80867a01c4bdf9b24ed919abec7a07bf4929c39ec799bcef1d30,8.0,1544.0,1536,0,0,gzip_validation,2026-07-22T19:53:54.032499+00:00,2026-07-22T19:54:06.825434+00:00,12.823,740000,,4052,4052,100.0,complete,/home/yh3525/FYP/PLENA_Simulator/Workspace/area_new_power_calibration/runs/full_rtl_activity_v1_20260722_193606/reports/power_matrix_f5b1f8fe7784/idle_32/power.saif_map.rpt,/home/yh3525/FYP/PLENA_Simulator/Workspace/area_new_power_calibration/runs/full_rtl_activity_v1_20260722_193606/reports/power_matrix_f5b1f8fe7784/idle_32/power.coverage.rpt,/home/yh3525/FYP/PLENA_Simulator/Workspace/area_new_power_calibration/runs/full_rtl_activity_v1_20260722_193606/reports/power_matrix_f5b1f8fe7784/idle_32/verilator_saif.namemap,0,,unsupported_by_dc_2024_09
power_matrix_mxint_b8_t4_l4_holdout,power_matrix_f5b1f8fe7784,matrix,idle_512,idle,512,complete,24576.0,0.0,4.9441,4.9441,0.0025996,121506.2016,,/home/yh3525/FYP/PLENA_Simulator/Workspace/area_new_power_calibration/runs/full_rtl_activity_v1_20260722_193606/activity/power_matrix_f5b1f8fe7784/idle_512.vcd.gz,/home/yh3525/FYP/PLENA_Simulator/Workspace/area_new_power_calibration/runs/full_rtl_activity_v1_20260722_193606/reports/power_matrix_f5b1f8fe7784/idle_512/power.rpt,/home/yh3525/FYP/PLENA_Simulator/Workspace/area_new_power_calibration/runs/full_rtl_activity_v1_20260722_193606/reports/power_matrix_f5b1f8fe7784/idle_512/dc_power.log,rtl_vcd_mapped_dc,"{""accepted_actions"": 0, ""activity_fingerprint"": ""1308e1cb101f80867a01c4bdf9b24ed919abec7a07bf4929c39ec799bcef1d30"", ""clock_features"": {""control_hbm"": 0.0, ""matrix_pe"": 1572864.0, ""scalar_machine"": 0.0, ""vector_lane"": 0.0}, ""clock_period_ns"": 1.0, ""completed_actions"": 0, ""component"": ""matrix"", ""dynamic_features"": {""control.frontend_issue"": 0.0, ""hbm.byte"": 0.0, ""hbm.dma_issue"": 0.0, ""hbm.line"": 0.0, ""matrix.active_mac_bit_product"": 0.0, ""matrix.matrix_vector_bit_product"": 0.0, ""matrix.output_bit"": 0.0, ""scalar.fp_add_sub_move_bit"": 0.0, ""scalar.fp_multiply_bit2"": 0.0, ""scalar.fp_sfu_bit2"": 0.0, ""scalar.integer_alu_bit"": 0.0, ""scalar.register_access_bit"": 0.0, ""vector.lane_add_sub_bit"": 0.0, ""vector.lane_movement_bit"": 0.0, ""vector.lane_multiply_bit2"": 0.0, ""vector.lane_sfu_bit2"": 0.0, ""vector.reduction_node_bit"": 0.0}, ""measurement_cycles"": 24576, ""measurement_end_ns"": 24584.0, ""measurement_start_ns"": 8.0, ""params"": {""ACC_DEPTH"": 16, ""BLOCK_DIM"": 8, ""L_BITS"": 4, ""T_BITS"": 4, ""mode"": ""mxint""}, ""pattern"": ""idle"", ""requested_actions"": 512, ""schema_version"": 1, ""seed"": 20260722}",2990.12467,1,0,0,,10.451,389372,1308e1cb101f80867a01c4bdf9b24ed919abec7a07bf4929c39ec799bcef1d30,8.0,24584.0,24576,0,0,gzip_validation,2026-07-22T19:54:39.304713+00:00,2026-07-22T19:54:52.130928+00:00,12.888,741940,,4052,4052,100.0,complete,/home/yh3525/FYP/PLENA_Simulator/Workspace/area_new_power_calibration/runs/full_rtl_activity_v1_20260722_193606/reports/power_matrix_f5b1f8fe7784/idle_512/power.saif_map.rpt,/home/yh3525/FYP/PLENA_Simulator/Workspace/area_new_power_calibration/runs/full_rtl_activity_v1_20260722_193606/reports/power_matrix_f5b1f8fe7784/idle_512/power.coverage.rpt,/home/yh3525/FYP/PLENA_Simulator/Workspace/area_new_power_calibration/runs/full_rtl_activity_v1_20260722_193606/reports/power_matrix_f5b1f8fe7784/idle_512/verilator_saif.namemap,0,,unsupported_by_dc_2024_09
power_matrix_mxint_b8_t4_l4_holdout,power_matrix_f5b1f8fe7784,matrix,low_toggle_128,low-toggle,128,complete,6144.0,0.0146584,4.9618,4.9765,0.0026920000000000004,30575.615999999998,,/home/yh3525/FYP/PLENA_Simulator/Workspace/area_new_power_calibration/runs/full_rtl_activity_v1_20260722_193606/activity/power_matrix_f5b1f8fe7784/low_toggle_128.vcd.gz,/home/yh3525/FYP/PLENA_Simulator/Workspace/area_new_power_calibration/runs/full_rtl_activity_v1_20260722_193606/reports/power_matrix_f5b1f8fe7784/low_toggle_128/power.rpt,/home/yh3525/FYP/PLENA_Simulator/Workspace/area_new_power_calibration/runs/full_rtl_activity_v1_20260722_193606/reports/power_matrix_f5b1f8fe7784/low_toggle_128/dc_power.log,rtl_vcd_mapped_dc,"{""accepted_actions"": 128, ""activity_fingerprint"": ""1308e1cb101f80867a01c4bdf9b24ed919abec7a07bf4929c39ec799bcef1d30"", ""clock_features"": {""control_hbm"": 0.0, ""matrix_pe"": 393216.0, ""scalar_machine"": 0.0, ""vector_lane"": 0.0}, ""clock_period_ns"": 1.0, ""completed_actions"": 128, ""component"": ""matrix"", ""dynamic_features"": {""control.frontend_issue"": 0.0, ""hbm.byte"": 0.0, ""hbm.dma_issue"": 0.0, ""hbm.line"": 0.0, ""matrix.active_mac_bit_product"": 1048576.0, ""matrix.matrix_vector_bit_product"": 0.0, ""matrix.output_bit"": 98304.0, ""scalar.fp_add_sub_move_bit"": 0.0, ""scalar.fp_multiply_bit2"": 0.0, ""scalar.fp_sfu_bit2"": 0.0, ""scalar.integer_alu_bit"": 0.0, ""scalar.register_access_bit"": 0.0, ""vector.lane_add_sub_bit"": 0.0, ""vector.lane_movement_bit"": 0.0, ""vector.lane_multiply_bit2"": 0.0, ""vector.lane_sfu_bit2"": 0.0, ""vector.reduction_node_bit"": 0.0}, ""measurement_cycles"": 6144, ""measurement_end_ns"": 6152.0, ""measurement_start_ns"": 8.0, ""params"": {""ACC_DEPTH"": 16, ""BLOCK_DIM"": 8, ""L_BITS"": 4, ""T_BITS"": 4, ""mode"": ""mxint""}, ""pattern"": ""low-toggle"", ""requested_actions"": 128, ""schema_version"": 1, ""seed"": 20260722}",2990.12467,1,0,0,,6.941,390180,1308e1cb101f80867a01c4bdf9b24ed919abec7a07bf4929c39ec799bcef1d30,8.0,6152.0,6144,128,128,gzip_validation,2026-07-22T19:54:37.766887+00:00,2026-07-22T19:54:50.822824+00:00,13.079,741484,,4052,4052,100.0,complete,/home/yh3525/FYP/PLENA_Simulator/Workspace/area_new_power_calibration/runs/full_rtl_activity_v1_20260722_193606/reports/power_matrix_f5b1f8fe7784/low_toggle_128/power.saif_map.rpt,/home/yh3525/FYP/PLENA_Simulator/Workspace/area_new_power_calibration/runs/full_rtl_activity_v1_20260722_193606/reports/power_matrix_f5b1f8fe7784/low_toggle_128/power.coverage.rpt,/home/yh3525/FYP/PLENA_Simulator/Workspace/area_new_power_calibration/runs/full_rtl_activity_v1_20260722_193606/reports/power_matrix_f5b1f8fe7784/low_toggle_128/verilator_saif.namemap,0,,unsupported_by_dc_2024_09
power_matrix_mxint_b8_t4_l4_holdout,power_matrix_f5b1f8fe7784,matrix,mixed_holdout_128,mixed-kernel-holdout,128,complete,6144.0,0.0888009,5.0317,5.1205,0.002768,31460.352,,/home/yh3525/FYP/PLENA_Simulator/Workspace/area_new_power_calibration/runs/full_rtl_activity_v1_20260722_193606/activity/power_matrix_f5b1f8fe7784/mixed_holdout_128.vcd.gz,/home/yh3525/FYP/PLENA_Simulator/Workspace/area_new_power_calibration/runs/full_rtl_activity_v1_20260722_193606/reports/power_matrix_f5b1f8fe7784/mixed_holdout_128/power.rpt,/home/yh3525/FYP/PLENA_Simulator/Workspace/area_new_power_calibration/runs/full_rtl_activity_v1_20260722_193606/reports/power_matrix_f5b1f8fe7784/mixed_holdout_128/dc_power.log,rtl_vcd_mapped_dc,"{""accepted_actions"": 128, ""activity_fingerprint"": ""1308e1cb101f80867a01c4bdf9b24ed919abec7a07bf4929c39ec799bcef1d30"", ""clock_features"": {""control_hbm"": 0.0, ""matrix_pe"": 393216.0, ""scalar_machine"": 0.0, ""vector_lane"": 0.0}, ""clock_period_ns"": 1.0, ""completed_actions"": 128, ""component"": ""matrix"", ""dynamic_features"": {""control.frontend_issue"": 0.0, ""hbm.byte"": 0.0, ""hbm.dma_issue"": 0.0, ""hbm.line"": 0.0, ""matrix.active_mac_bit_product"": 1048576.0, ""matrix.matrix_vector_bit_product"": 0.0, ""matrix.output_bit"": 98304.0, ""scalar.fp_add_sub_move_bit"": 0.0, ""scalar.fp_multiply_bit2"": 0.0, ""scalar.fp_sfu_bit2"": 0.0, ""scalar.integer_alu_bit"": 0.0, ""scalar.register_access_bit"": 0.0, ""vector.lane_add_sub_bit"": 0.0, ""vector.lane_movement_bit"": 0.0, ""vector.lane_multiply_bit2"": 0.0, ""vector.lane_sfu_bit2"": 0.0, ""vector.reduction_node_bit"": 0.0}, ""measurement_cycles"": 6144, ""measurement_end_ns"": 6152.0, ""measurement_start_ns"": 8.0, ""params"": {""ACC_DEPTH"": 16, ""BLOCK_DIM"": 8, ""L_BITS"": 4, ""T_BITS"": 4, ""mode"": ""mxint""}, ""pattern"": ""mixed-kernel-holdout"", ""requested_actions"": 128, ""schema_version"": 1, ""seed"": 20260722}",2990.12467,1,0,0,,6.602,389444,1308e1cb101f80867a01c4bdf9b24ed919abec7a07bf4929c39ec799bcef1d30,8.0,6152.0,6144,128,128,gzip_validation,2026-07-22T19:54:39.312823+00:00,2026-07-22T19:54:53.409627+00:00,14.167,741476,,4052,4052,100.0,complete,/home/yh3525/FYP/PLENA_Simulator/Workspace/area_new_power_calibration/runs/full_rtl_activity_v1_20260722_193606/reports/power_matrix_f5b1f8fe7784/mixed_holdout_128/power.saif_map.rpt,/home/yh3525/FYP/PLENA_Simulator/Workspace/area_new_power_calibration/runs/full_rtl_activity_v1_20260722_193606/reports/power_matrix_f5b1f8fe7784/mixed_holdout_128/power.coverage.rpt,/home/yh3525/FYP/PLENA_Simulator/Workspace/area_new_power_calibration/runs/full_rtl_activity_v1_20260722_193606/reports/power_matrix_f5b1f8fe7784/mixed_holdout_128/verilator_saif.namemap,0,,unsupported_by_dc_2024_09
power_matrix_mxint_b8_t4_l4_holdout,power_matrix_f5b1f8fe7784,matrix,qwen_128,representative-qwen,128,complete,6144.0,0.021824100000000003,4.977,4.9988,0.0027258,30712.627200000003,,/home/yh3525/FYP/PLENA_Simulator/Workspace/area_new_power_calibration/runs/full_rtl_activity_v1_20260722_193606/activity/power_matrix_f5b1f8fe7784/qwen_128.vcd.gz,/home/yh3525/FYP/PLENA_Simulator/Workspace/area_new_power_calibration/runs/full_rtl_activity_v1_20260722_193606/reports/power_matrix_f5b1f8fe7784/qwen_128/power.rpt,/home/yh3525/FYP/PLENA_Simulator/Workspace/area_new_power_calibration/runs/full_rtl_activity_v1_20260722_193606/reports/power_matrix_f5b1f8fe7784/qwen_128/dc_power.log,rtl_vcd_mapped_dc,"{""accepted_actions"": 128, ""activity_fingerprint"": ""1308e1cb101f80867a01c4bdf9b24ed919abec7a07bf4929c39ec799bcef1d30"", ""clock_features"": {""control_hbm"": 0.0, ""matrix_pe"": 393216.0, ""scalar_machine"": 0.0, ""vector_lane"": 0.0}, ""clock_period_ns"": 1.0, ""completed_actions"": 128, ""component"": ""matrix"", ""dynamic_features"": {""control.frontend_issue"": 0.0, ""hbm.byte"": 0.0, ""hbm.dma_issue"": 0.0, ""hbm.line"": 0.0, ""matrix.active_mac_bit_product"": 1048576.0, ""matrix.matrix_vector_bit_product"": 0.0, ""matrix.output_bit"": 98304.0, ""scalar.fp_add_sub_move_bit"": 0.0, ""scalar.fp_multiply_bit2"": 0.0, ""scalar.fp_sfu_bit2"": 0.0, ""scalar.integer_alu_bit"": 0.0, ""scalar.register_access_bit"": 0.0, ""vector.lane_add_sub_bit"": 0.0, ""vector.lane_movement_bit"": 0.0, ""vector.lane_multiply_bit2"": 0.0, ""vector.lane_sfu_bit2"": 0.0, ""vector.reduction_node_bit"": 0.0}, ""measurement_cycles"": 6144, ""measurement_end_ns"": 6152.0, ""measurement_start_ns"": 8.0, ""params"": {""ACC_DEPTH"": 16, ""BLOCK_DIM"": 8, ""L_BITS"": 4, ""T_BITS"": 4, ""mode"": ""mxint""}, ""pattern"": ""representative-qwen"", ""requested_actions"": 128, ""schema_version"": 1, ""seed"": 20260722}",2990.12467,1,0,0,,6.7,390160,1308e1cb101f80867a01c4bdf9b24ed919abec7a07bf4929c39ec799bcef1d30,8.0,6152.0,6144,128,128,gzip_validation,2026-07-22T19:54:39.276612+00:00,2026-07-22T19:54:52.827676+00:00,13.586,741436,,4052,4052,100.0,complete,/home/yh3525/FYP/PLENA_Simulator/Workspace/area_new_power_calibration/runs/full_rtl_activity_v1_20260722_193606/reports/power_matrix_f5b1f8fe7784/qwen_128/power.saif_map.rpt,/home/yh3525/FYP/PLENA_Simulator/Workspace/area_new_power_calibration/runs/full_rtl_activity_v1_20260722_193606/reports/power_matrix_f5b1f8fe7784/qwen_128/power.coverage.rpt,/home/yh3525/FYP/PLENA_Simulator/Workspace/area_new_power_calibration/runs/full_rtl_activity_v1_20260722_193606/reports/power_matrix_f5b1f8fe7784/qwen_128/verilator_saif.namemap,0,,unsupported_by_dc_2024_09
power_matrix_mxint_b8_t4_l4_holdout,power_matrix_f5b1f8fe7784,matrix,random_128,random,128,complete,6144.0,0.124321,5.0791,5.2034,0.0027622000000000002,31969.6896,,/home/yh3525/FYP/PLENA_Simulator/Workspace/area_new_power_calibration/runs/full_rtl_activity_v1_20260722_193606/activity/power_matrix_f5b1f8fe7784/random_128.vcd.gz,/home/yh3525/FYP/PLENA_Simulator/Workspace/area_new_power_calibration/runs/full_rtl_activity_v1_20260722_193606/reports/power_matrix_f5b1f8fe7784/random_128/power.rpt,/home/yh3525/FYP/PLENA_Simulator/Workspace/area_new_power_calibration/runs/full_rtl_activity_v1_20260722_193606/reports/power_matrix_f5b1f8fe7784/random_128/dc_power.log,rtl_vcd_mapped_dc,"{""accepted_actions"": 128, ""activity_fingerprint"": ""1308e1cb101f80867a01c4bdf9b24ed919abec7a07bf4929c39ec799bcef1d30"", ""clock_features"": {""control_hbm"": 0.0, ""matrix_pe"": 393216.0, ""scalar_machine"": 0.0, ""vector_lane"": 0.0}, ""clock_period_ns"": 1.0, ""completed_actions"": 128, ""component"": ""matrix"", ""dynamic_features"": {""control.frontend_issue"": 0.0, ""hbm.byte"": 0.0, ""hbm.dma_issue"": 0.0, ""hbm.line"": 0.0, ""matrix.active_mac_bit_product"": 1048576.0, ""matrix.matrix_vector_bit_product"": 0.0, ""matrix.output_bit"": 98304.0, ""scalar.fp_add_sub_move_bit"": 0.0, ""scalar.fp_multiply_bit2"": 0.0, ""scalar.fp_sfu_bit2"": 0.0, ""scalar.integer_alu_bit"": 0.0, ""scalar.register_access_bit"": 0.0, ""vector.lane_add_sub_bit"": 0.0, ""vector.lane_movement_bit"": 0.0, ""vector.lane_multiply_bit2"": 0.0, ""vector.lane_sfu_bit2"": 0.0, ""vector.reduction_node_bit"": 0.0}, ""measurement_cycles"": 6144, ""measurement_end_ns"": 6152.0, ""measurement_start_ns"": 8.0, ""params"": {""ACC_DEPTH"": 16, ""BLOCK_DIM"": 8, ""L_BITS"": 4, ""T_BITS"": 4, ""mode"": ""mxint""}, ""pattern"": ""random"", ""requested_actions"": 128, ""schema_version"": 1, ""seed"": 20260722}",2990.12467,1,0,0,,7.398,389788,1308e1cb101f80867a01c4bdf9b24ed919abec7a07bf4929c39ec799bcef1d30,8.0,6152.0,6144,128,128,gzip_validation,2026-07-22T19:54:06.849698+00:00,2026-07-22T19:54:21.393665+00:00,14.568,743548,,4052,4052,100.0,complete,/home/yh3525/FYP/PLENA_Simulator/Workspace/area_new_power_calibration/runs/full_rtl_activity_v1_20260722_193606/reports/power_matrix_f5b1f8fe7784/random_128/power.saif_map.rpt,/home/yh3525/FYP/PLENA_Simulator/Workspace/area_new_power_calibration/runs/full_rtl_activity_v1_20260722_193606/reports/power_matrix_f5b1f8fe7784/random_128/power.coverage.rpt,/home/yh3525/FYP/PLENA_Simulator/Workspace/area_new_power_calibration/runs/full_rtl_activity_v1_20260722_193606/reports/power_matrix_f5b1f8fe7784/random_128/verilator_saif.namemap,0,,unsupported_by_dc_2024_09
power_matrix_mxint_b8_t4_l4_holdout,power_matrix_f5b1f8fe7784,matrix,random_32,random,32,complete,1536.0,0.1389737,5.0914,5.2303,0.0027626,8033.7408,,/home/yh3525/FYP/PLENA_Simulator/Workspace/area_new_power_calibration/runs/full_rtl_activity_v1_20260722_193606/activity/power_matrix_f5b1f8fe7784/random_32.vcd.gz,/home/yh3525/FYP/PLENA_Simulator/Workspace/area_new_power_calibration/runs/full_rtl_activity_v1_20260722_193606/reports/power_matrix_f5b1f8fe7784/random_32/power.rpt,/home/yh3525/FYP/PLENA_Simulator/Workspace/area_new_power_calibration/runs/full_rtl_activity_v1_20260722_193606/reports/power_matrix_f5b1f8fe7784/random_32/dc_power.log,rtl_vcd_mapped_dc,"{""accepted_actions"": 32, ""activity_fingerprint"": ""1308e1cb101f80867a01c4bdf9b24ed919abec7a07bf4929c39ec799bcef1d30"", ""clock_features"": {""control_hbm"": 0.0, ""matrix_pe"": 98304.0, ""scalar_machine"": 0.0, ""vector_lane"": 0.0}, ""clock_period_ns"": 1.0, ""completed_actions"": 32, ""component"": ""matrix"", ""dynamic_features"": {""control.frontend_issue"": 0.0, ""hbm.byte"": 0.0, ""hbm.dma_issue"": 0.0, ""hbm.line"": 0.0, ""matrix.active_mac_bit_product"": 262144.0, ""matrix.matrix_vector_bit_product"": 0.0, ""matrix.output_bit"": 24576.0, ""scalar.fp_add_sub_move_bit"": 0.0, ""scalar.fp_multiply_bit2"": 0.0, ""scalar.fp_sfu_bit2"": 0.0, ""scalar.integer_alu_bit"": 0.0, ""scalar.register_access_bit"": 0.0, ""vector.lane_add_sub_bit"": 0.0, ""vector.lane_movement_bit"": 0.0, ""vector.lane_multiply_bit2"": 0.0, ""vector.lane_sfu_bit2"": 0.0, ""vector.reduction_node_bit"": 0.0}, ""measurement_cycles"": 1536, ""measurement_end_ns"": 1544.0, ""measurement_start_ns"": 8.0, ""params"": {""ACC_DEPTH"": 16, ""BLOCK_DIM"": 8, ""L_BITS"": 4, ""T_BITS"": 4, ""mode"": ""mxint""}, ""pattern"": ""random"", ""requested_actions"": 32, ""schema_version"": 1, ""seed"": 20260722}",2990.12467,1,0,0,,6.389,389472,1308e1cb101f80867a01c4bdf9b24ed919abec7a07bf4929c39ec799bcef1d30,8.0,1544.0,1536,32,32,gzip_validation,2026-07-22T19:53:44.029280+00:00,2026-07-22T19:53:58.667869+00:00,14.666,740936,,4052,4052,100.0,complete,/home/yh3525/FYP/PLENA_Simulator/Workspace/area_new_power_calibration/runs/full_rtl_activity_v1_20260722_193606/reports/power_matrix_f5b1f8fe7784/random_32/power.saif_map.rpt,/home/yh3525/FYP/PLENA_Simulator/Workspace/area_new_power_calibration/runs/full_rtl_activity_v1_20260722_193606/reports/power_matrix_f5b1f8fe7784/random_32/power.coverage.rpt,/home/yh3525/FYP/PLENA_Simulator/Workspace/area_new_power_calibration/runs/full_rtl_activity_v1_20260722_193606/reports/power_matrix_f5b1f8fe7784/random_32/verilator_saif.namemap,0,,unsupported_by_dc_2024_09
power_matrix_mxint_b8_t4_l4_holdout,power_matrix_f5b1f8fe7784,matrix,random_512,random,512,complete,24576.0,0.120797,5.0762,5.197,0.0027621000000000004,127721.47200000001,,/home/yh3525/FYP/PLENA_Simulator/Workspace/area_new_power_calibration/runs/full_rtl_activity_v1_20260722_193606/activity/power_matrix_f5b1f8fe7784/random_512.vcd.gz,/home/yh3525/FYP/PLENA_Simulator/Workspace/area_new_power_calibration/runs/full_rtl_activity_v1_20260722_193606/reports/power_matrix_f5b1f8fe7784/random_512/power.rpt,/home/yh3525/FYP/PLENA_Simulator/Workspace/area_new_power_calibration/runs/full_rtl_activity_v1_20260722_193606/reports/power_matrix_f5b1f8fe7784/random_512/dc_power.log,rtl_vcd_mapped_dc,"{""accepted_actions"": 512, ""activity_fingerprint"": ""1308e1cb101f80867a01c4bdf9b24ed919abec7a07bf4929c39ec799bcef1d30"", ""clock_features"": {""control_hbm"": 0.0, ""matrix_pe"": 1572864.0, ""scalar_machine"": 0.0, ""vector_lane"": 0.0}, ""clock_period_ns"": 1.0, ""completed_actions"": 512, ""component"": ""matrix"", ""dynamic_features"": {""control.frontend_issue"": 0.0, ""hbm.byte"": 0.0, ""hbm.dma_issue"": 0.0, ""hbm.line"": 0.0, ""matrix.active_mac_bit_product"": 4194304.0, ""matrix.matrix_vector_bit_product"": 0.0, ""matrix.output_bit"": 393216.0, ""scalar.fp_add_sub_move_bit"": 0.0, ""scalar.fp_multiply_bit2"": 0.0, ""scalar.fp_sfu_bit2"": 0.0, ""scalar.integer_alu_bit"": 0.0, ""scalar.register_access_bit"": 0.0, ""vector.lane_add_sub_bit"": 0.0, ""vector.lane_movement_bit"": 0.0, ""vector.lane_multiply_bit2"": 0.0, ""vector.lane_sfu_bit2"": 0.0, ""vector.reduction_node_bit"": 0.0}, ""measurement_cycles"": 24576, ""measurement_end_ns"": 24584.0, ""measurement_start_ns"": 8.0, ""params"": {""ACC_DEPTH"": 16, ""BLOCK_DIM"": 8, ""L_BITS"": 4, ""T_BITS"": 4, ""mode"": ""mxint""}, ""pattern"": ""random"", ""requested_actions"": 512, ""schema_version"": 1, ""seed"": 20260722}",2990.12467,1,0,0,,11.097,389864,1308e1cb101f80867a01c4bdf9b24ed919abec7a07bf4929c39ec799bcef1d30,8.0,24584.0,24576,512,512,gzip_validation,2026-07-22T19:54:21.420061+00:00,2026-07-22T19:54:37.742897+00:00,16.349,740972,,4052,4052,100.0,complete,/home/yh3525/FYP/PLENA_Simulator/Workspace/area_new_power_calibration/runs/full_rtl_activity_v1_20260722_193606/reports/power_matrix_f5b1f8fe7784/random_512/power.saif_map.rpt,/home/yh3525/FYP/PLENA_Simulator/Workspace/area_new_power_calibration/runs/full_rtl_activity_v1_20260722_193606/reports/power_matrix_f5b1f8fe7784/random_512/power.coverage.rpt,/home/yh3525/FYP/PLENA_Simulator/Workspace/area_new_power_calibration/runs/full_rtl_activity_v1_20260722_193606/reports/power_matrix_f5b1f8fe7784/random_512/verilator_saif.namemap,0,,unsupported_by_dc_2024_09
power_scalar_i32_e6m5,power_scalar_4f269fa4b3ff,scalar,idle_128,idle,128,complete,1056.0,0.0,1.866,1.866,0.0013920999999999998,1970.496,,/home/yh3525/FYP/PLENA_Simulator/Workspace/area_new_power_calibration/runs/full_rtl_activity_v1_20260722_193606/activity/power_scalar_4f269fa4b3ff/idle_128.vcd,/home/yh3525/FYP/PLENA_Simulator/Workspace/area_new_power_calibration/runs/full_rtl_activity_v1_20260722_193606/reports/power_scalar_4f269fa4b3ff/idle_128/power.rpt,/home/yh3525/FYP/PLENA_Simulator/Workspace/area_new_power_calibration/runs/full_rtl_activity_v1_20260722_193606/reports/power_scalar_4f269fa4b3ff/idle_128/dc_power.log,rtl_vcd_mapped_dc,"{""accepted_actions"": 0, ""activity_fingerprint"": ""465c84e3c5b6bf8b0ae86a7bdf61ca9555d2dbeb399683812befc1a92cd25c05"", ""clock_features"": {""control_hbm"": 0.0, ""matrix_pe"": 0.0, ""scalar_machine"": 1056.0, ""vector_lane"": 0.0}, ""clock_period_ns"": 1.0, ""completed_actions"": 0, ""component"": ""scalar"", ""dynamic_features"": {""control.frontend_issue"": 0.0, ""hbm.byte"": 0.0, ""hbm.dma_issue"": 0.0, ""hbm.line"": 0.0, ""matrix.active_mac_bit_product"": 0.0, ""matrix.matrix_vector_bit_product"": 0.0, ""matrix.output_bit"": 0.0, ""scalar.fp_add_sub_move_bit"": 0.0, ""scalar.fp_multiply_bit2"": 0.0, ""scalar.fp_sfu_bit2"": 0.0, ""scalar.integer_alu_bit"": 0.0, ""scalar.register_access_bit"": 0.0, ""vector.lane_add_sub_bit"": 0.0, ""vector.lane_movement_bit"": 0.0, ""vector.lane_multiply_bit2"": 0.0, ""vector.lane_sfu_bit2"": 0.0, ""vector.reduction_node_bit"": 0.0}, ""measurement_cycles"": 1056, ""measurement_end_ns"": 1080.0, ""measurement_start_ns"": 24.0, ""params"": {""INT_DATA_WIDTH"": 32, ""MLEN"": 32, ""S_FP_EXP_WIDTH"": 6, ""S_FP_MANT_WIDTH"": 5, ""VLEN"": 32}, ""pattern"": ""idle"", ""requested_actions"": 128, ""schema_version"": 1, ""seed"": 20260722}",1531.293646,0,0,0,,5.647,388632,465c84e3c5b6bf8b0ae86a7bdf61ca9555d2dbeb399683812befc1a92cd25c05,24.0,1080.0,1056,0,0,hash_sidecar_only,2026-07-22T19:56:04.416711+00:00,2026-07-22T19:56:14.510870+00:00,10.107,738416,,1529,1529,100.0,complete,/home/yh3525/FYP/PLENA_Simulator/Workspace/area_new_power_calibration/runs/full_rtl_activity_v1_20260722_193606/reports/power_scalar_4f269fa4b3ff/idle_128/power.saif_map.rpt,/home/yh3525/FYP/PLENA_Simulator/Workspace/area_new_power_calibration/runs/full_rtl_activity_v1_20260722_193606/reports/power_scalar_4f269fa4b3ff/idle_128/power.coverage.rpt,/home/yh3525/FYP/PLENA_Simulator/Workspace/area_new_power_calibration/runs/full_rtl_activity_v1_20260722_193606/reports/power_scalar_4f269fa4b3ff/idle_128/verilator_saif.namemap,129,,unsupported_by_dc_2024_09
power_scalar_i32_e6m5,power_scalar_4f269fa4b3ff,scalar,idle_32,idle,32,complete,288.0,0.0,1.866,1.866,0.0013920999999999998,537.408,,/home/yh3525/FYP/PLENA_Simulator/Workspace/area_new_power_calibration/runs/full_rtl_activity_v1_20260722_193606/activity/power_scalar_4f269fa4b3ff/idle_32.vcd,/home/yh3525/FYP/PLENA_Simulator/Workspace/area_new_power_calibration/runs/full_rtl_activity_v1_20260722_193606/reports/power_scalar_4f269fa4b3ff/idle_32/power.rpt,/home/yh3525/FYP/PLENA_Simulator/Workspace/area_new_power_calibration/runs/full_rtl_activity_v1_20260722_193606/reports/power_scalar_4f269fa4b3ff/idle_32/dc_power.log,rtl_vcd_mapped_dc,"{""accepted_actions"": 0, ""activity_fingerprint"": ""465c84e3c5b6bf8b0ae86a7bdf61ca9555d2dbeb399683812befc1a92cd25c05"", ""clock_features"": {""control_hbm"": 0.0, ""matrix_pe"": 0.0, ""scalar_machine"": 288.0, ""vector_lane"": 0.0}, ""clock_period_ns"": 1.0, ""completed_actions"": 0, ""component"": ""scalar"", ""dynamic_features"": {""control.frontend_issue"": 0.0, ""hbm.byte"": 0.0, ""hbm.dma_issue"": 0.0, ""hbm.line"": 0.0, ""matrix.active_mac_bit_product"": 0.0, ""matrix.matrix_vector_bit_product"": 0.0, ""matrix.output_bit"": 0.0, ""scalar.fp_add_sub_move_bit"": 0.0, ""scalar.fp_multiply_bit2"": 0.0, ""scalar.fp_sfu_bit2"": 0.0, ""scalar.integer_alu_bit"": 0.0, ""scalar.register_access_bit"": 0.0, ""vector.lane_add_sub_bit"": 0.0, ""vector.lane_movement_bit"": 0.0, ""vector.lane_multiply_bit2"": 0.0, ""vector.lane_sfu_bit2"": 0.0, ""vector.reduction_node_bit"": 0.0}, ""measurement_cycles"": 288, ""measurement_end_ns"": 312.0, ""measurement_start_ns"": 24.0, ""params"": {""INT_DATA_WIDTH"": 32, ""MLEN"": 32, ""S_FP_EXP_WIDTH"": 6, ""S_FP_MANT_WIDTH"": 5, ""VLEN"": 32}, ""pattern"": ""idle"", ""requested_actions"": 32, ""schema_version"": 1, ""seed"": 20260722}",1531.293646,0,0,0,,0.0,,465c84e3c5b6bf8b0ae86a7bdf61ca9555d2dbeb399683812befc1a92cd25c05,24.0,312.0,288,0,0,hash_sidecar_only,2026-07-22T20:44:06.711044+00:00,2026-07-22T20:44:18.775326+00:00,12.076,738304,,1529,1529,100.0,complete,/home/yh3525/FYP/PLENA_Simulator/Workspace/area_new_power_calibration/runs/full_rtl_activity_v1_20260722_193606/reports/power_scalar_4f269fa4b3ff/idle_32/power.saif_map.rpt,/home/yh3525/FYP/PLENA_Simulator/Workspace/area_new_power_calibration/runs/full_rtl_activity_v1_20260722_193606/reports/power_scalar_4f269fa4b3ff/idle_32/power.coverage.rpt,/home/yh3525/FYP/PLENA_Simulator/Workspace/area_new_power_calibration/runs/full_rtl_activity_v1_20260722_193606/reports/power_scalar_4f269fa4b3ff/idle_32/verilator_saif.namemap,129,,unsupported_by_dc_2024_09
power_scalar_i32_e6m5,power_scalar_4f269fa4b3ff,scalar,idle_512,idle,512,complete,4128.0,0.0,1.866,1.866,0.0013920999999999998,7702.848000000001,,/home/yh3525/FYP/PLENA_Simulator/Workspace/area_new_power_calibration/runs/full_rtl_activity_v1_20260722_193606/activity/power_scalar_4f269fa4b3ff/idle_512.vcd,/home/yh3525/FYP/PLENA_Simulator/Workspace/area_new_power_calibration/runs/full_rtl_activity_v1_20260722_193606/reports/power_scalar_4f269fa4b3ff/idle_512/power.rpt,/home/yh3525/FYP/PLENA_Simulator/Workspace/area_new_power_calibration/runs/full_rtl_activity_v1_20260722_193606/reports/power_scalar_4f269fa4b3ff/idle_512/dc_power.log,rtl_vcd_mapped_dc,"{""accepted_actions"": 0, ""activity_fingerprint"": ""465c84e3c5b6bf8b0ae86a7bdf61ca9555d2dbeb399683812befc1a92cd25c05"", ""clock_features"": {""control_hbm"": 0.0, ""matrix_pe"": 0.0, ""scalar_machine"": 4128.0, ""vector_lane"": 0.0}, ""clock_period_ns"": 1.0, ""completed_actions"": 0, ""component"": ""scalar"", ""dynamic_features"": {""control.frontend_issue"": 0.0, ""hbm.byte"": 0.0, ""hbm.dma_issue"": 0.0, ""hbm.line"": 0.0, ""matrix.active_mac_bit_product"": 0.0, ""matrix.matrix_vector_bit_product"": 0.0, ""matrix.output_bit"": 0.0, ""scalar.fp_add_sub_move_bit"": 0.0, ""scalar.fp_multiply_bit2"": 0.0, ""scalar.fp_sfu_bit2"": 0.0, ""scalar.integer_alu_bit"": 0.0, ""scalar.register_access_bit"": 0.0, ""vector.lane_add_sub_bit"": 0.0, ""vector.lane_movement_bit"": 0.0, ""vector.lane_multiply_bit2"": 0.0, ""vector.lane_sfu_bit2"": 0.0, ""vector.reduction_node_bit"": 0.0}, ""measurement_cycles"": 4128, ""measurement_end_ns"": 4152.0, ""measurement_start_ns"": 24.0, ""params"": {""INT_DATA_WIDTH"": 32, ""MLEN"": 32, ""S_FP_EXP_WIDTH"": 6, ""S_FP_MANT_WIDTH"": 5, ""VLEN"": 32}, ""pattern"": ""idle"", ""requested_actions"": 512, ""schema_version"": 1, ""seed"": 20260722}",1531.293646,0,0,0,,6.018,388652,465c84e3c5b6bf8b0ae86a7bdf61ca9555d2dbeb399683812befc1a92cd25c05,24.0,4152.0,4128,0,0,hash_sidecar_only,2026-07-22T19:55:53.523915+00:00,2026-07-22T19:56:03.902519+00:00,10.504,733336,,1529,1529,100.0,complete,/home/yh3525/FYP/PLENA_Simulator/Workspace/area_new_power_calibration/runs/full_rtl_activity_v1_20260722_193606/reports/power_scalar_4f269fa4b3ff/idle_512/power.saif_map.rpt,/home/yh3525/FYP/PLENA_Simulator/Workspace/area_new_power_calibration/runs/full_rtl_activity_v1_20260722_193606/reports/power_scalar_4f269fa4b3ff/idle_512/power.coverage.rpt,/home/yh3525/FYP/PLENA_Simulator/Workspace/area_new_power_calibration/runs/full_rtl_activity_v1_20260722_193606/reports/power_scalar_4f269fa4b3ff/idle_512/verilator_saif.namemap,129,,unsupported_by_dc_2024_09
power_scalar_i32_e6m5,power_scalar_4f269fa4b3ff,scalar,low_toggle_128,low-toggle,128,complete,1056.0,0.1442401,1.9295,2.0737,0.0014165000000000002,2189.8272,,/home/yh3525/FYP/PLENA_Simulator/Workspace/area_new_power_calibration/runs/full_rtl_activity_v1_20260722_193606/activity/power_scalar_4f269fa4b3ff/low_toggle_128.vcd,/home/yh3525/FYP/PLENA_Simulator/Workspace/area_new_power_calibration/runs/full_rtl_activity_v1_20260722_193606/reports/power_scalar_4f269fa4b3ff/low_toggle_128/power.rpt,/home/yh3525/FYP/PLENA_Simulator/Workspace/area_new_power_calibration/runs/full_rtl_activity_v1_20260722_193606/reports/power_scalar_4f269fa4b3ff/low_toggle_128/dc_power.log,rtl_vcd_mapped_dc,"{""accepted_actions"": 128, ""activity_fingerprint"": ""465c84e3c5b6bf8b0ae86a7bdf61ca9555d2dbeb399683812befc1a92cd25c05"", ""clock_features"": {""control_hbm"": 0.0, ""matrix_pe"": 0.0, ""scalar_machine"": 1056.0, ""vector_lane"": 0.0}, ""clock_period_ns"": 1.0, ""completed_actions"": 128, ""component"": ""scalar"", ""dynamic_features"": {""control.frontend_issue"": 0.0, ""hbm.byte"": 0.0, ""hbm.dma_issue"": 0.0, ""hbm.line"": 0.0, ""matrix.active_mac_bit_product"": 0.0, ""matrix.matrix_vector_bit_product"": 0.0, ""matrix.output_bit"": 0.0, ""scalar.fp_add_sub_move_bit"": 1020.0, ""scalar.fp_multiply_bit2"": 3168.0, ""scalar.fp_sfu_bit2"": 0.0, ""scalar.integer_alu_bit"": 672.0, ""scalar.register_access_bit"": 5196.0, ""vector.lane_add_sub_bit"": 0.0, ""vector.lane_movement_bit"": 0.0, ""vector.lane_multiply_bit2"": 0.0, ""vector.lane_sfu_bit2"": 0.0, ""vector.reduction_node_bit"": 0.0}, ""measurement_cycles"": 1056, ""measurement_end_ns"": 1080.0, ""measurement_start_ns"": 24.0, ""params"": {""INT_DATA_WIDTH"": 32, ""MLEN"": 32, ""S_FP_EXP_WIDTH"": 6, ""S_FP_MANT_WIDTH"": 5, ""VLEN"": 32}, ""pattern"": ""low-toggle"", ""requested_actions"": 128, ""schema_version"": 1, ""seed"": 20260722}",1531.293646,0,0,0,,5.399,388292,465c84e3c5b6bf8b0ae86a7bdf61ca9555d2dbeb399683812befc1a92cd25c05,24.0,1080.0,1056,128,128,hash_sidecar_only,2026-07-22T19:55:53.489623+00:00,2026-07-22T19:56:04.133440+00:00,10.735,734276,,1529,1529,100.0,complete,/home/yh3525/FYP/PLENA_Simulator/Workspace/area_new_power_calibration/runs/full_rtl_activity_v1_20260722_193606/reports/power_scalar_4f269fa4b3ff/low_toggle_128/power.saif_map.rpt,/home/yh3525/FYP/PLENA_Simulator/Workspace/area_new_power_calibration/runs/full_rtl_activity_v1_20260722_193606/reports/power_scalar_4f269fa4b3ff/low_toggle_128/power.coverage.rpt,/home/yh3525/FYP/PLENA_Simulator/Workspace/area_new_power_calibration/runs/full_rtl_activity_v1_20260722_193606/reports/power_scalar_4f269fa4b3ff/low_toggle_128/verilator_saif.namemap,129,,unsupported_by_dc_2024_09
power_scalar_i32_e6m5,power_scalar_4f269fa4b3ff,scalar,mixed_holdout_128,mixed-kernel-holdout,128,complete,1056.0,0.15679400000000002,1.9308,2.0876,0.0014194000000000001,2204.5056,,/home/yh3525/FYP/PLENA_Simulator/Workspace/area_new_power_calibration/runs/full_rtl_activity_v1_20260722_193606/activity/power_scalar_4f269fa4b3ff/mixed_holdout_128.vcd.gz,/home/yh3525/FYP/PLENA_Simulator/Workspace/area_new_power_calibration/runs/full_rtl_activity_v1_20260722_193606/reports/power_scalar_4f269fa4b3ff/mixed_holdout_128/power.rpt,/home/yh3525/FYP/PLENA_Simulator/Workspace/area_new_power_calibration/runs/full_rtl_activity_v1_20260722_193606/reports/power_scalar_4f269fa4b3ff/mixed_holdout_128/dc_power.log,rtl_vcd_mapped_dc,"{""accepted_actions"": 128, ""activity_fingerprint"": ""465c84e3c5b6bf8b0ae86a7bdf61ca9555d2dbeb399683812befc1a92cd25c05"", ""clock_features"": {""control_hbm"": 0.0, ""matrix_pe"": 0.0, ""scalar_machine"": 1056.0, ""vector_lane"": 0.0}, ""clock_period_ns"": 1.0, ""completed_actions"": 128, ""component"": ""scalar"", ""dynamic_features"": {""control.frontend_issue"": 0.0, ""hbm.byte"": 0.0, ""hbm.dma_issue"": 0.0, ""hbm.line"": 0.0, ""matrix.active_mac_bit_product"": 0.0, ""matrix.matrix_vector_bit_product"": 0.0, ""matrix.output_bit"": 0.0, ""scalar.fp_add_sub_move_bit"": 648.0, ""scalar.fp_multiply_bit2"": 1584.0, ""scalar.fp_sfu_bit2"": 6048.0, ""scalar.integer_alu_bit"": 672.0, ""scalar.register_access_bit"": 5196.0, ""vector.lane_add_sub_bit"": 0.0, ""vector.lane_movement_bit"": 0.0, ""vector.lane_multiply_bit2"": 0.0, ""vector.lane_sfu_bit2"": 0.0, ""vector.reduction_node_bit"": 0.0}, ""measurement_cycles"": 1056, ""measurement_end_ns"": 1080.0, ""measurement_start_ns"": 24.0, ""params"": {""INT_DATA_WIDTH"": 32, ""MLEN"": 32, ""S_FP_EXP_WIDTH"": 6, ""S_FP_MANT_WIDTH"": 5, ""VLEN"": 32}, ""pattern"": ""mixed-kernel-holdout"", ""requested_actions"": 128, ""schema_version"": 1, ""seed"": 20260722}",1531.293646,0,0,0,,5.561,388428,465c84e3c5b6bf8b0ae86a7bdf61ca9555d2dbeb399683812befc1a92cd25c05,24.0,1080.0,1056,128,128,gzip_validation,2026-07-22T19:56:03.915063+00:00,2026-07-22T19:56:14.941665+00:00,11.038,741536,,1529,1529,100.0,complete,/home/yh3525/FYP/PLENA_Simulator/Workspace/area_new_power_calibration/runs/full_rtl_activity_v1_20260722_193606/reports/power_scalar_4f269fa4b3ff/mixed_holdout_128/power.saif_map.rpt,/home/yh3525/FYP/PLENA_Simulator/Workspace/area_new_power_calibration/runs/full_rtl_activity_v1_20260722_193606/reports/power_scalar_4f269fa4b3ff/mixed_holdout_128/power.coverage.rpt,/home/yh3525/FYP/PLENA_Simulator/Workspace/area_new_power_calibration/runs/full_rtl_activity_v1_20260722_193606/reports/power_scalar_4f269fa4b3ff/mixed_holdout_128/verilator_saif.namemap,129,,unsupported_by_dc_2024_09
power_scalar_i32_e6m5,power_scalar_4f269fa4b3ff,scalar,qwen_128,representative-qwen,128,complete,1056.0,0.1554306,1.944,2.0995,0.0014231,2217.072,,/home/yh3525/FYP/PLENA_Simulator/Workspace/area_new_power_calibration/runs/full_rtl_activity_v1_20260722_193606/activity/power_scalar_4f269fa4b3ff/qwen_128.vcd.gz,/home/yh3525/FYP/PLENA_Simulator/Workspace/area_new_power_calibration/runs/full_rtl_activity_v1_20260722_193606/reports/power_scalar_4f269fa4b3ff/qwen_128/power.rpt,/home/yh3525/FYP/PLENA_Simulator/Workspace/area_new_power_calibration/runs/full_rtl_activity_v1_20260722_193606/reports/power_scalar_4f269fa4b3ff/qwen_128/dc_power.log,rtl_vcd_mapped_dc,"{""accepted_actions"": 128, ""activity_fingerprint"": ""465c84e3c5b6bf8b0ae86a7bdf61ca9555d2dbeb399683812befc1a92cd25c05"", ""clock_features"": {""control_hbm"": 0.0, ""matrix_pe"": 0.0, ""scalar_machine"": 1056.0, ""vector_lane"": 0.0}, ""clock_period_ns"": 1.0, ""completed_actions"": 128, ""component"": ""scalar"", ""dynamic_features"": {""control.frontend_issue"": 0.0, ""hbm.byte"": 0.0, ""hbm.dma_issue"": 0.0, ""hbm.line"": 0.0, ""matrix.active_mac_bit_product"": 0.0, ""matrix.matrix_vector_bit_product"": 0.0, ""matrix.output_bit"": 0.0, ""scalar.fp_add_sub_move_bit"": 516.0, ""scalar.fp_multiply_bit2"": 6192.0, ""scalar.fp_sfu_bit2"": 3024.0, ""scalar.integer_alu_bit"": 672.0, ""scalar.register_access_bit"": 5196.0, ""vector.lane_add_sub_bit"": 0.0, ""vector.lane_movement_bit"": 0.0, ""vector.lane_multiply_bit2"": 0.0, ""vector.lane_sfu_bit2"": 0.0, ""vector.reduction_node_bit"": 0.0}, ""measurement_cycles"": 1056, ""measurement_end_ns"": 1080.0, ""measurement_start_ns"": 24.0, ""params"": {""INT_DATA_WIDTH"": 32, ""MLEN"": 32, ""S_FP_EXP_WIDTH"": 6, ""S_FP_MANT_WIDTH"": 5, ""VLEN"": 32}, ""pattern"": ""representative-qwen"", ""requested_actions"": 128, ""schema_version"": 1, ""seed"": 20260722}",1531.293646,0,0,0,,5.417,388664,465c84e3c5b6bf8b0ae86a7bdf61ca9555d2dbeb399683812befc1a92cd25c05,24.0,1080.0,1056,128,128,gzip_validation,2026-07-22T19:56:04.282305+00:00,2026-07-22T19:56:14.868329+00:00,10.598,741036,,1529,1529,100.0,complete,/home/yh3525/FYP/PLENA_Simulator/Workspace/area_new_power_calibration/runs/full_rtl_activity_v1_20260722_193606/reports/power_scalar_4f269fa4b3ff/qwen_128/power.saif_map.rpt,/home/yh3525/FYP/PLENA_Simulator/Workspace/area_new_power_calibration/runs/full_rtl_activity_v1_20260722_193606/reports/power_scalar_4f269fa4b3ff/qwen_128/power.coverage.rpt,/home/yh3525/FYP/PLENA_Simulator/Workspace/area_new_power_calibration/runs/full_rtl_activity_v1_20260722_193606/reports/power_scalar_4f269fa4b3ff/qwen_128/verilator_saif.namemap,129,,unsupported_by_dc_2024_09
power_scalar_i32_e6m5,power_scalar_4f269fa4b3ff,scalar,random_128,random,128,complete,1056.0,0.1467697,1.9305,2.0772,0.0014166,2193.5232,,/home/yh3525/FYP/PLENA_Simulator/Workspace/area_new_power_calibration/runs/full_rtl_activity_v1_20260722_193606/activity/power_scalar_4f269fa4b3ff/random_128.vcd,/home/yh3525/FYP/PLENA_Simulator/Workspace/area_new_power_calibration/runs/full_rtl_activity_v1_20260722_193606/reports/power_scalar_4f269fa4b3ff/random_128/power.rpt,/home/yh3525/FYP/PLENA_Simulator/Workspace/area_new_power_calibration/runs/full_rtl_activity_v1_20260722_193606/reports/power_scalar_4f269fa4b3ff/random_128/dc_power.log,rtl_vcd_mapped_dc,"{""accepted_actions"": 128, ""activity_fingerprint"": ""465c84e3c5b6bf8b0ae86a7bdf61ca9555d2dbeb399683812befc1a92cd25c05"", ""clock_features"": {""control_hbm"": 0.0, ""matrix_pe"": 0.0, ""scalar_machine"": 1056.0, ""vector_lane"": 0.0}, ""clock_period_ns"": 1.0, ""completed_actions"": 128, ""component"": ""scalar"", ""dynamic_features"": {""control.frontend_issue"": 0.0, ""hbm.byte"": 0.0, ""hbm.dma_issue"": 0.0, ""hbm.line"": 0.0, ""matrix.active_mac_bit_product"": 0.0, ""matrix.matrix_vector_bit_product"": 0.0, ""matrix.output_bit"": 0.0, ""scalar.fp_add_sub_move_bit"": 516.0, ""scalar.fp_multiply_bit2"": 3168.0, ""scalar.fp_sfu_bit2"": 6048.0, ""scalar.integer_alu_bit"": 672.0, ""scalar.register_access_bit"": 5196.0, ""vector.lane_add_sub_bit"": 0.0, ""vector.lane_movement_bit"": 0.0, ""vector.lane_multiply_bit2"": 0.0, ""vector.lane_sfu_bit2"": 0.0, ""vector.reduction_node_bit"": 0.0}, ""measurement_cycles"": 1056, ""measurement_end_ns"": 1080.0, ""measurement_start_ns"": 24.0, ""params"": {""INT_DATA_WIDTH"": 32, ""MLEN"": 32, ""S_FP_EXP_WIDTH"": 6, ""S_FP_MANT_WIDTH"": 5, ""VLEN"": 32}, ""pattern"": ""random"", ""requested_actions"": 128, ""schema_version"": 1, ""seed"": 20260722}",1531.293646,0,0,0,,5.652,387644,465c84e3c5b6bf8b0ae86a7bdf61ca9555d2dbeb399683812befc1a92cd25c05,24.0,1080.0,1056,128,128,hash_sidecar_only,2026-07-22T19:55:53.578549+00:00,2026-07-22T19:56:04.269250+00:00,10.857,741924,,1529,1529,100.0,complete,/home/yh3525/FYP/PLENA_Simulator/Workspace/area_new_power_calibration/runs/full_rtl_activity_v1_20260722_193606/reports/power_scalar_4f269fa4b3ff/random_128/power.saif_map.rpt,/home/yh3525/FYP/PLENA_Simulator/Workspace/area_new_power_calibration/runs/full_rtl_activity_v1_20260722_193606/reports/power_scalar_4f269fa4b3ff/random_128/power.coverage.rpt,/home/yh3525/FYP/PLENA_Simulator/Workspace/area_new_power_calibration/runs/full_rtl_activity_v1_20260722_193606/reports/power_scalar_4f269fa4b3ff/random_128/verilator_saif.namemap,129,,unsupported_by_dc_2024_09
power_scalar_i32_e6m5,power_scalar_4f269fa4b3ff,scalar,random_32,random,32,complete,288.0,0.13977099999999998,1.9305,2.0703,0.0014123000000000002,596.2464,,/home/yh3525/FYP/PLENA_Simulator/Workspace/area_new_power_calibration/runs/full_rtl_activity_v1_20260722_193606/activity/power_scalar_4f269fa4b3ff/random_32.vcd,/home/yh3525/FYP/PLENA_Simulator/Workspace/area_new_power_calibration/runs/full_rtl_activity_v1_20260722_193606/reports/power_scalar_4f269fa4b3ff/random_32/power.rpt,/home/yh3525/FYP/PLENA_Simulator/Workspace/area_new_power_calibration/runs/full_rtl_activity_v1_20260722_193606/reports/power_scalar_4f269fa4b3ff/random_32/dc_power.log,rtl_vcd_mapped_dc,"{""accepted_actions"": 32, ""activity_fingerprint"": ""465c84e3c5b6bf8b0ae86a7bdf61ca9555d2dbeb399683812befc1a92cd25c05"", ""clock_features"": {""control_hbm"": 0.0, ""matrix_pe"": 0.0, ""scalar_machine"": 288.0, ""vector_lane"": 0.0}, ""clock_period_ns"": 1.0, ""completed_actions"": 32, ""component"": ""scalar"", ""dynamic_features"": {""control.frontend_issue"": 0.0, ""hbm.byte"": 0.0, ""hbm.dma_issue"": 0.0, ""hbm.line"": 0.0, ""matrix.active_mac_bit_product"": 0.0, ""matrix.matrix_vector_bit_product"": 0.0, ""matrix.output_bit"": 0.0, ""scalar.fp_add_sub_move_bit"": 132.0, ""scalar.fp_multiply_bit2"": 864.0, ""scalar.fp_sfu_bit2"": 1440.0, ""scalar.integer_alu_bit"": 160.0, ""scalar.register_access_bit"": 1292.0, ""vector.lane_add_sub_bit"": 0.0, ""vector.lane_movement_bit"": 0.0, ""vector.lane_multiply_bit2"": 0.0, ""vector.lane_sfu_bit2"": 0.0, ""vector.reduction_node_bit"": 0.0}, ""measurement_cycles"": 288, ""measurement_end_ns"": 312.0, ""measurement_start_ns"": 24.0, ""params"": {""INT_DATA_WIDTH"": 32, ""MLEN"": 32, ""S_FP_EXP_WIDTH"": 6, ""S_FP_MANT_WIDTH"": 5, ""VLEN"": 32}, ""pattern"": ""random"", ""requested_actions"": 32, ""schema_version"": 1, ""seed"": 20260722}",1531.293646,0,0,0,,5.326,388660,465c84e3c5b6bf8b0ae86a7bdf61ca9555d2dbeb399683812befc1a92cd25c05,24.0,312.0,288,32,32,hash_sidecar_only,2026-07-22T19:56:08.386143+00:00,2026-07-22T19:56:18.531573+00:00,10.158,741528,,1529,1529,100.0,complete,/home/yh3525/FYP/PLENA_Simulator/Workspace/area_new_power_calibration/runs/full_rtl_activity_v1_20260722_193606/reports/power_scalar_4f269fa4b3ff/random_32/power.saif_map.rpt,/home/yh3525/FYP/PLENA_Simulator/Workspace/area_new_power_calibration/runs/full_rtl_activity_v1_20260722_193606/reports/power_scalar_4f269fa4b3ff/random_32/power.coverage.rpt,/home/yh3525/FYP/PLENA_Simulator/Workspace/area_new_power_calibration/runs/full_rtl_activity_v1_20260722_193606/reports/power_scalar_4f269fa4b3ff/random_32/verilator_saif.namemap,129,,unsupported_by_dc_2024_09
power_scalar_i32_e6m5,power_scalar_4f269fa4b3ff,scalar,random_512,random,512,complete,4128.0,0.1502103,1.9344,2.0846,0.0014181,8605.2288,,/home/yh3525/FYP/PLENA_Simulator/Workspace/area_new_power_calibration/runs/full_rtl_activity_v1_20260722_193606/activity/power_scalar_4f269fa4b3ff/random_512.vcd,/home/yh3525/FYP/PLENA_Simulator/Workspace/area_new_power_calibration/runs/full_rtl_activity_v1_20260722_193606/reports/power_scalar_4f269fa4b3ff/random_512/power.rpt,/home/yh3525/FYP/PLENA_Simulator/Workspace/area_new_power_calibration/runs/full_rtl_activity_v1_20260722_193606/reports/power_scalar_4f269fa4b3ff/random_512/dc_power.log,rtl_vcd_mapped_dc,"{""accepted_actions"": 512, ""activity_fingerprint"": ""465c84e3c5b6bf8b0ae86a7bdf61ca9555d2dbeb399683812befc1a92cd25c05"", ""clock_features"": {""control_hbm"": 0.0, ""matrix_pe"": 0.0, ""scalar_machine"": 4128.0, ""vector_lane"": 0.0}, ""clock_period_ns"": 1.0, ""completed_actions"": 512, ""component"": ""scalar"", ""dynamic_features"": {""control.frontend_issue"": 0.0, ""hbm.byte"": 0.0, ""hbm.dma_issue"": 0.0, ""hbm.line"": 0.0, ""matrix.active_mac_bit_product"": 0.0, ""matrix.matrix_vector_bit_product"": 0.0, ""matrix.output_bit"": 0.0, ""scalar.fp_add_sub_move_bit"": 2052.0, ""scalar.fp_multiply_bit2"": 12384.0, ""scalar.fp_sfu_bit2"": 24480.0, ""scalar.integer_alu_bit"": 2720.0, ""scalar.register_access_bit"": 20812.0, ""vector.lane_add_sub_bit"": 0.0, ""vector.lane_movement_bit"": 0.0, ""vector.lane_multiply_bit2"": 0.0, ""vector.lane_sfu_bit2"": 0.0, ""vector.reduction_node_bit"": 0.0}, ""measurement_cycles"": 4128, ""measurement_end_ns"": 4152.0, ""measurement_start_ns"": 24.0, ""params"": {""INT_DATA_WIDTH"": 32, ""MLEN"": 32, ""S_FP_EXP_WIDTH"": 6, ""S_FP_MANT_WIDTH"": 5, ""VLEN"": 32}, ""pattern"": ""random"", ""requested_actions"": 512, ""schema_version"": 1, ""seed"": 20260722}",1531.293646,0,0,0,,6.094,388308,465c84e3c5b6bf8b0ae86a7bdf61ca9555d2dbeb399683812befc1a92cd25c05,24.0,4152.0,4128,512,512,hash_sidecar_only,2026-07-22T19:55:53.524322+00:00,2026-07-22T19:56:04.403187+00:00,11.004,741544,,1529,1529,100.0,complete,/home/yh3525/FYP/PLENA_Simulator/Workspace/area_new_power_calibration/runs/full_rtl_activity_v1_20260722_193606/reports/power_scalar_4f269fa4b3ff/random_512/power.saif_map.rpt,/home/yh3525/FYP/PLENA_Simulator/Workspace/area_new_power_calibration/runs/full_rtl_activity_v1_20260722_193606/reports/power_scalar_4f269fa4b3ff/random_512/power.coverage.rpt,/home/yh3525/FYP/PLENA_Simulator/Workspace/area_new_power_calibration/runs/full_rtl_activity_v1_20260722_193606/reports/power_scalar_4f269fa4b3ff/random_512/verilator_saif.namemap,129,,unsupported_by_dc_2024_09
power_scalar_i64_e8m7,power_scalar_845be2a1a244,scalar,idle_128,idle,128,complete,1056.0,0.0,2.3346,2.3346,0.00256,2465.3376,,/home/yh3525/FYP/PLENA_Simulator/Workspace/area_new_power_calibration/runs/full_rtl_activity_v1_20260722_193606/activity/power_scalar_845be2a1a244/idle_128.vcd.gz,/home/yh3525/FYP/PLENA_Simulator/Workspace/area_new_power_calibration/runs/full_rtl_activity_v1_20260722_193606/reports/power_scalar_845be2a1a244/idle_128/power.rpt,/home/yh3525/FYP/PLENA_Simulator/Workspace/area_new_power_calibration/runs/full_rtl_activity_v1_20260722_193606/reports/power_scalar_845be2a1a244/idle_128/dc_power.log,rtl_vcd_mapped_dc,"{""accepted_actions"": 0, ""activity_fingerprint"": ""a6211d51145d9d3e65755d777a79aa0c039e565641686f35416c74815c9d431e"", ""clock_features"": {""control_hbm"": 0.0, ""matrix_pe"": 0.0, ""scalar_machine"": 1056.0, ""vector_lane"": 0.0}, ""clock_period_ns"": 1.0, ""completed_actions"": 0, ""component"": ""scalar"", ""dynamic_features"": {""control.frontend_issue"": 0.0, ""hbm.byte"": 0.0, ""hbm.dma_issue"": 0.0, ""hbm.line"": 0.0, ""matrix.active_mac_bit_product"": 0.0, ""matrix.matrix_vector_bit_product"": 0.0, ""matrix.output_bit"": 0.0, ""scalar.fp_add_sub_move_bit"": 0.0, ""scalar.fp_multiply_bit2"": 0.0, ""scalar.fp_sfu_bit2"": 0.0, ""scalar.integer_alu_bit"": 0.0, ""scalar.register_access_bit"": 0.0, ""vector.lane_add_sub_bit"": 0.0, ""vector.lane_movement_bit"": 0.0, ""vector.lane_multiply_bit2"": 0.0, ""vector.lane_sfu_bit2"": 0.0, ""vector.reduction_node_bit"": 0.0}, ""measurement_cycles"": 1056, ""measurement_end_ns"": 1080.0, ""measurement_start_ns"": 24.0, ""params"": {""INT_DATA_WIDTH"": 64, ""MLEN"": 32, ""S_FP_EXP_WIDTH"": 8, ""S_FP_MANT_WIDTH"": 7, ""VLEN"": 32}, ""pattern"": ""idle"", ""requested_actions"": 128, ""schema_version"": 1, ""seed"": 20260722}",2779.035464,1,0,0,,5.843,388352,a6211d51145d9d3e65755d777a79aa0c039e565641686f35416c74815c9d431e,24.0,1080.0,1056,0,0,gzip_validation,2026-07-22T20:44:34.275943+00:00,2026-07-22T20:44:47.198589+00:00,12.94,740864,,1913,1913,100.0,complete,/home/yh3525/FYP/PLENA_Simulator/Workspace/area_new_power_calibration/runs/full_rtl_activity_v1_20260722_193606/reports/power_scalar_845be2a1a244/idle_128/power.saif_map.rpt,/home/yh3525/FYP/PLENA_Simulator/Workspace/area_new_power_calibration/runs/full_rtl_activity_v1_20260722_193606/reports/power_scalar_845be2a1a244/idle_128/power.coverage.rpt,/home/yh3525/FYP/PLENA_Simulator/Workspace/area_new_power_calibration/runs/full_rtl_activity_v1_20260722_193606/reports/power_scalar_845be2a1a244/idle_128/verilator_saif.namemap,193,,unsupported_by_dc_2024_09
power_scalar_i64_e8m7,power_scalar_845be2a1a244,scalar,idle_32,idle,32,complete,288.0,0.0,2.3346,2.3346,0.00256,672.3648000000001,,/home/yh3525/FYP/PLENA_Simulator/Workspace/area_new_power_calibration/runs/full_rtl_activity_v1_20260722_193606/activity/power_scalar_845be2a1a244/idle_32.vcd.gz,/home/yh3525/FYP/PLENA_Simulator/Workspace/area_new_power_calibration/runs/full_rtl_activity_v1_20260722_193606/reports/power_scalar_845be2a1a244/idle_32/power.rpt,/home/yh3525/FYP/PLENA_Simulator/Workspace/area_new_power_calibration/runs/full_rtl_activity_v1_20260722_193606/reports/power_scalar_845be2a1a244/idle_32/dc_power.log,rtl_vcd_mapped_dc,"{""accepted_actions"": 0, ""activity_fingerprint"": ""a6211d51145d9d3e65755d777a79aa0c039e565641686f35416c74815c9d431e"", ""clock_features"": {""control_hbm"": 0.0, ""matrix_pe"": 0.0, ""scalar_machine"": 288.0, ""vector_lane"": 0.0}, ""clock_period_ns"": 1.0, ""completed_actions"": 0, ""component"": ""scalar"", ""dynamic_features"": {""control.frontend_issue"": 0.0, ""hbm.byte"": 0.0, ""hbm.dma_issue"": 0.0, ""hbm.line"": 0.0, ""matrix.active_mac_bit_product"": 0.0, ""matrix.matrix_vector_bit_product"": 0.0, ""matrix.output_bit"": 0.0, ""scalar.fp_add_sub_move_bit"": 0.0, ""scalar.fp_multiply_bit2"": 0.0, ""scalar.fp_sfu_bit2"": 0.0, ""scalar.integer_alu_bit"": 0.0, ""scalar.register_access_bit"": 0.0, ""vector.lane_add_sub_bit"": 0.0, ""vector.lane_movement_bit"": 0.0, ""vector.lane_multiply_bit2"": 0.0, ""vector.lane_sfu_bit2"": 0.0, ""vector.reduction_node_bit"": 0.0}, ""measurement_cycles"": 288, ""measurement_end_ns"": 312.0, ""measurement_start_ns"": 24.0, ""params"": {""INT_DATA_WIDTH"": 64, ""MLEN"": 32, ""S_FP_EXP_WIDTH"": 8, ""S_FP_MANT_WIDTH"": 7, ""VLEN"": 32}, ""pattern"": ""idle"", ""requested_actions"": 32, ""schema_version"": 1, ""seed"": 20260722}",2779.035464,1,0,0,,15.654,389244,a6211d51145d9d3e65755d777a79aa0c039e565641686f35416c74815c9d431e,24.0,312.0,288,0,0,gzip_validation,2026-07-22T20:44:22.832144+00:00,2026-07-22T20:44:35.356349+00:00,12.541,740484,,1913,1913,100.0,complete,/home/yh3525/FYP/PLENA_Simulator/Workspace/area_new_power_calibration/runs/full_rtl_activity_v1_20260722_193606/reports/power_scalar_845be2a1a244/idle_32/power.saif_map.rpt,/home/yh3525/FYP/PLENA_Simulator/Workspace/area_new_power_calibration/runs/full_rtl_activity_v1_20260722_193606/reports/power_scalar_845be2a1a244/idle_32/power.coverage.rpt,/home/yh3525/FYP/PLENA_Simulator/Workspace/area_new_power_calibration/runs/full_rtl_activity_v1_20260722_193606/reports/power_scalar_845be2a1a244/idle_32/verilator_saif.namemap,193,,unsupported_by_dc_2024_09
power_scalar_i64_e8m7,power_scalar_845be2a1a244,scalar,idle_512,idle,512,complete,4128.0,0.0,2.3346,2.3346,0.00256,9637.2288,,/home/yh3525/FYP/PLENA_Simulator/Workspace/area_new_power_calibration/runs/full_rtl_activity_v1_20260722_193606/activity/power_scalar_845be2a1a244/idle_512.vcd.gz,/home/yh3525/FYP/PLENA_Simulator/Workspace/area_new_power_calibration/runs/full_rtl_activity_v1_20260722_193606/reports/power_scalar_845be2a1a244/idle_512/power.rpt,/home/yh3525/FYP/PLENA_Simulator/Workspace/area_new_power_calibration/runs/full_rtl_activity_v1_20260722_193606/reports/power_scalar_845be2a1a244/idle_512/dc_power.log,rtl_vcd_mapped_dc,"{""accepted_actions"": 0, ""activity_fingerprint"": ""a6211d51145d9d3e65755d777a79aa0c039e565641686f35416c74815c9d431e"", ""clock_features"": {""control_hbm"": 0.0, ""matrix_pe"": 0.0, ""scalar_machine"": 4128.0, ""vector_lane"": 0.0}, ""clock_period_ns"": 1.0, ""completed_actions"": 0, ""component"": ""scalar"", ""dynamic_features"": {""control.frontend_issue"": 0.0, ""hbm.byte"": 0.0, ""hbm.dma_issue"": 0.0, ""hbm.line"": 0.0, ""matrix.active_mac_bit_product"": 0.0, ""matrix.matrix_vector_bit_product"": 0.0, ""matrix.output_bit"": 0.0, ""scalar.fp_add_sub_move_bit"": 0.0, ""scalar.fp_multiply_bit2"": 0.0, ""scalar.fp_sfu_bit2"": 0.0, ""scalar.integer_alu_bit"": 0.0, ""scalar.register_access_bit"": 0.0, ""vector.lane_add_sub_bit"": 0.0, ""vector.lane_movement_bit"": 0.0, ""vector.lane_multiply_bit2"": 0.0, ""vector.lane_sfu_bit2"": 0.0, ""vector.reduction_node_bit"": 0.0}, ""measurement_cycles"": 4128, ""measurement_end_ns"": 4152.0, ""measurement_start_ns"": 24.0, ""params"": {""INT_DATA_WIDTH"": 64, ""MLEN"": 32, ""S_FP_EXP_WIDTH"": 8, ""S_FP_MANT_WIDTH"": 7, ""VLEN"": 32}, ""pattern"": ""idle"", ""requested_actions"": 512, ""schema_version"": 1, ""seed"": 20260722}",2779.035464,1,0,0,,6.25,389080,a6211d51145d9d3e65755d777a79aa0c039e565641686f35416c74815c9d431e,24.0,4152.0,4128,0,0,gzip_validation,2026-07-22T20:44:46.325063+00:00,2026-07-22T20:44:58.986972+00:00,12.678,741416,,1913,1913,100.0,complete,/home/yh3525/FYP/PLENA_Simulator/Workspace/area_new_power_calibration/runs/full_rtl_activity_v1_20260722_193606/reports/power_scalar_845be2a1a244/idle_512/power.saif_map.rpt,/home/yh3525/FYP/PLENA_Simulator/Workspace/area_new_power_calibration/runs/full_rtl_activity_v1_20260722_193606/reports/power_scalar_845be2a1a244/idle_512/power.coverage.rpt,/home/yh3525/FYP/PLENA_Simulator/Workspace/area_new_power_calibration/runs/full_rtl_activity_v1_20260722_193606/reports/power_scalar_845be2a1a244/idle_512/verilator_saif.namemap,193,,unsupported_by_dc_2024_09
power_scalar_i64_e8m7,power_scalar_845be2a1a244,scalar,low_toggle_128,low-toggle,128,complete,1056.0,0.1934227,2.4411,2.6345,0.0026312,2782.032,,/home/yh3525/FYP/PLENA_Simulator/Workspace/area_new_power_calibration/runs/full_rtl_activity_v1_20260722_193606/activity/power_scalar_845be2a1a244/low_toggle_128.vcd.gz,/home/yh3525/FYP/PLENA_Simulator/Workspace/area_new_power_calibration/runs/full_rtl_activity_v1_20260722_193606/reports/power_scalar_845be2a1a244/low_toggle_128/power.rpt,/home/yh3525/FYP/PLENA_Simulator/Workspace/area_new_power_calibration/runs/full_rtl_activity_v1_20260722_193606/reports/power_scalar_845be2a1a244/low_toggle_128/dc_power.log,rtl_vcd_mapped_dc,"{""accepted_actions"": 128, ""activity_fingerprint"": ""a6211d51145d9d3e65755d777a79aa0c039e565641686f35416c74815c9d431e"", ""clock_features"": {""control_hbm"": 0.0, ""matrix_pe"": 0.0, ""scalar_machine"": 1056.0, ""vector_lane"": 0.0}, ""clock_period_ns"": 1.0, ""completed_actions"": 128, ""component"": ""scalar"", ""dynamic_features"": {""control.frontend_issue"": 0.0, ""hbm.byte"": 0.0, ""hbm.dma_issue"": 0.0, ""hbm.line"": 0.0, ""matrix.active_mac_bit_product"": 0.0, ""matrix.matrix_vector_bit_product"": 0.0, ""matrix.output_bit"": 0.0, ""scalar.fp_add_sub_move_bit"": 1360.0, ""scalar.fp_multiply_bit2"": 5632.0, ""scalar.fp_sfu_bit2"": 0.0, ""scalar.integer_alu_bit"": 1344.0, ""scalar.register_access_bit"": 7824.0, ""vector.lane_add_sub_bit"": 0.0, ""vector.lane_movement_bit"": 0.0, ""vector.lane_multiply_bit2"": 0.0, ""vector.lane_sfu_bit2"": 0.0, ""vector.reduction_node_bit"": 0.0}, ""measurement_cycles"": 1056, ""measurement_end_ns"": 1080.0, ""measurement_start_ns"": 24.0, ""params"": {""INT_DATA_WIDTH"": 64, ""MLEN"": 32, ""S_FP_EXP_WIDTH"": 8, ""S_FP_MANT_WIDTH"": 7, ""VLEN"": 32}, ""pattern"": ""low-toggle"", ""requested_actions"": 128, ""schema_version"": 1, ""seed"": 20260722}",2779.035464,1,0,0,,5.708,388124,a6211d51145d9d3e65755d777a79aa0c039e565641686f35416c74815c9d431e,24.0,1080.0,1056,128,128,gzip_validation,2026-07-22T20:44:58.054486+00:00,2026-07-22T20:45:11.245379+00:00,13.208,742988,,1913,1913,100.0,complete,/home/yh3525/FYP/PLENA_Simulator/Workspace/area_new_power_calibration/runs/full_rtl_activity_v1_20260722_193606/reports/power_scalar_845be2a1a244/low_toggle_128/power.saif_map.rpt,/home/yh3525/FYP/PLENA_Simulator/Workspace/area_new_power_calibration/runs/full_rtl_activity_v1_20260722_193606/reports/power_scalar_845be2a1a244/low_toggle_128/power.coverage.rpt,/home/yh3525/FYP/PLENA_Simulator/Workspace/area_new_power_calibration/runs/full_rtl_activity_v1_20260722_193606/reports/power_scalar_845be2a1a244/low_toggle_128/verilator_saif.namemap,193,,unsupported_by_dc_2024_09
power_scalar_i64_e8m7,power_scalar_845be2a1a244,scalar,mixed_holdout_128,mixed-kernel-holdout,128,complete,1056.0,0.22976390000000002,2.4575,2.6873,0.0026358,2837.7888,,/home/yh3525/FYP/PLENA_Simulator/Workspace/area_new_power_calibration/runs/full_rtl_activity_v1_20260722_193606/activity/power_scalar_845be2a1a244/mixed_holdout_128.vcd.gz,/home/yh3525/FYP/PLENA_Simulator/Workspace/area_new_power_calibration/runs/full_rtl_activity_v1_20260722_193606/reports/power_scalar_845be2a1a244/mixed_holdout_128/power.rpt,/home/yh3525/FYP/PLENA_Simulator/Workspace/area_new_power_calibration/runs/full_rtl_activity_v1_20260722_193606/reports/power_scalar_845be2a1a244/mixed_holdout_128/dc_power.log,rtl_vcd_mapped_dc,"{""accepted_actions"": 128, ""activity_fingerprint"": ""a6211d51145d9d3e65755d777a79aa0c039e565641686f35416c74815c9d431e"", ""clock_features"": {""control_hbm"": 0.0, ""matrix_pe"": 0.0, ""scalar_machine"": 1056.0, ""vector_lane"": 0.0}, ""clock_period_ns"": 1.0, ""completed_actions"": 128, ""component"": ""scalar"", ""dynamic_features"": {""control.frontend_issue"": 0.0, ""hbm.byte"": 0.0, ""hbm.dma_issue"": 0.0, ""hbm.line"": 0.0, ""matrix.active_mac_bit_product"": 0.0, ""matrix.matrix_vector_bit_product"": 0.0, ""matrix.output_bit"": 0.0, ""scalar.fp_add_sub_move_bit"": 864.0, ""scalar.fp_multiply_bit2"": 2816.0, ""scalar.fp_sfu_bit2"": 10752.0, ""scalar.integer_alu_bit"": 1344.0, ""scalar.register_access_bit"": 7824.0, ""vector.lane_add_sub_bit"": 0.0, ""vector.lane_movement_bit"": 0.0, ""vector.lane_multiply_bit2"": 0.0, ""vector.lane_sfu_bit2"": 0.0, ""vector.reduction_node_bit"": 0.0}, ""measurement_cycles"": 1056, ""measurement_end_ns"": 1080.0, ""measurement_start_ns"": 24.0, ""params"": {""INT_DATA_WIDTH"": 64, ""MLEN"": 32, ""S_FP_EXP_WIDTH"": 8, ""S_FP_MANT_WIDTH"": 7, ""VLEN"": 32}, ""pattern"": ""mixed-kernel-holdout"", ""requested_actions"": 128, ""schema_version"": 1, ""seed"": 20260722}",2779.035464,1,0,0,,5.555,388460,a6211d51145d9d3e65755d777a79aa0c039e565641686f35416c74815c9d431e,24.0,1080.0,1056,128,128,gzip_validation,2026-07-22T20:45:09.225770+00:00,2026-07-22T20:45:22.073411+00:00,12.863,743580,,1913,1913,100.0,complete,/home/yh3525/FYP/PLENA_Simulator/Workspace/area_new_power_calibration/runs/full_rtl_activity_v1_20260722_193606/reports/power_scalar_845be2a1a244/mixed_holdout_128/power.saif_map.rpt,/home/yh3525/FYP/PLENA_Simulator/Workspace/area_new_power_calibration/runs/full_rtl_activity_v1_20260722_193606/reports/power_scalar_845be2a1a244/mixed_holdout_128/power.coverage.rpt,/home/yh3525/FYP/PLENA_Simulator/Workspace/area_new_power_calibration/runs/full_rtl_activity_v1_20260722_193606/reports/power_scalar_845be2a1a244/mixed_holdout_128/verilator_saif.namemap,193,,unsupported_by_dc_2024_09
power_scalar_i64_e8m7,power_scalar_845be2a1a244,scalar,qwen_128,representative-qwen,128,complete,1056.0,0.2552625,2.4886,2.7439,0.0026435,2897.5584,,/home/yh3525/FYP/PLENA_Simulator/Workspace/area_new_power_calibration/runs/full_rtl_activity_v1_20260722_193606/activity/power_scalar_845be2a1a244/qwen_128.vcd.gz,/home/yh3525/FYP/PLENA_Simulator/Workspace/area_new_power_calibration/runs/full_rtl_activity_v1_20260722_193606/reports/power_scalar_845be2a1a244/qwen_128/power.rpt,/home/yh3525/FYP/PLENA_Simulator/Workspace/area_new_power_calibration/runs/full_rtl_activity_v1_20260722_193606/reports/power_scalar_845be2a1a244/qwen_128/dc_power.log,rtl_vcd_mapped_dc,"{""accepted_actions"": 128, ""activity_fingerprint"": ""a6211d51145d9d3e65755d777a79aa0c039e565641686f35416c74815c9d431e"", ""clock_features"": {""control_hbm"": 0.0, ""matrix_pe"": 0.0, ""scalar_machine"": 1056.0, ""vector_lane"": 0.0}, ""clock_period_ns"": 1.0, ""completed_actions"": 128, ""component"": ""scalar"", ""dynamic_features"": {""control.frontend_issue"": 0.0, ""hbm.byte"": 0.0, ""hbm.dma_issue"": 0.0, ""hbm.line"": 0.0, ""matrix.active_mac_bit_product"": 0.0, ""matrix.matrix_vector_bit_product"": 0.0, ""matrix.output_bit"": 0.0, ""scalar.fp_add_sub_move_bit"": 688.0, ""scalar.fp_multiply_bit2"": 11008.0, ""scalar.fp_sfu_bit2"": 5376.0, ""scalar.integer_alu_bit"": 1344.0, ""scalar.register_access_bit"": 7824.0, ""vector.lane_add_sub_bit"": 0.0, ""vector.lane_movement_bit"": 0.0, ""vector.lane_multiply_bit2"": 0.0, ""vector.lane_sfu_bit2"": 0.0, ""vector.reduction_node_bit"": 0.0}, ""measurement_cycles"": 1056, ""measurement_end_ns"": 1080.0, ""measurement_start_ns"": 24.0, ""params"": {""INT_DATA_WIDTH"": 64, ""MLEN"": 32, ""S_FP_EXP_WIDTH"": 8, ""S_FP_MANT_WIDTH"": 7, ""VLEN"": 32}, ""pattern"": ""representative-qwen"", ""requested_actions"": 128, ""schema_version"": 1, ""seed"": 20260722}",2779.035464,1,0,0,,5.611,388396,a6211d51145d9d3e65755d777a79aa0c039e565641686f35416c74815c9d431e,24.0,1080.0,1056,128,128,gzip_validation,2026-07-22T20:45:03.669160+00:00,2026-07-22T20:45:16.850737+00:00,13.198,741948,,1913,1913,100.0,complete,/home/yh3525/FYP/PLENA_Simulator/Workspace/area_new_power_calibration/runs/full_rtl_activity_v1_20260722_193606/reports/power_scalar_845be2a1a244/qwen_128/power.saif_map.rpt,/home/yh3525/FYP/PLENA_Simulator/Workspace/area_new_power_calibration/runs/full_rtl_activity_v1_20260722_193606/reports/power_scalar_845be2a1a244/qwen_128/power.coverage.rpt,/home/yh3525/FYP/PLENA_Simulator/Workspace/area_new_power_calibration/runs/full_rtl_activity_v1_20260722_193606/reports/power_scalar_845be2a1a244/qwen_128/verilator_saif.namemap,193,,unsupported_by_dc_2024_09
power_scalar_i64_e8m7,power_scalar_845be2a1a244,scalar,random_128,random,128,complete,1056.0,0.21776679999999998,2.4545,2.6723,0.0026334,2821.9488,,/home/yh3525/FYP/PLENA_Simulator/Workspace/area_new_power_calibration/runs/full_rtl_activity_v1_20260722_193606/activity/power_scalar_845be2a1a244/random_128.vcd.gz,/home/yh3525/FYP/PLENA_Simulator/Workspace/area_new_power_calibration/runs/full_rtl_activity_v1_20260722_193606/reports/power_scalar_845be2a1a244/random_128/power.rpt,/home/yh3525/FYP/PLENA_Simulator/Workspace/area_new_power_calibration/runs/full_rtl_activity_v1_20260722_193606/reports/power_scalar_845be2a1a244/random_128/dc_power.log,rtl_vcd_mapped_dc,"{""accepted_actions"": 128, ""activity_fingerprint"": ""a6211d51145d9d3e65755d777a79aa0c039e565641686f35416c74815c9d431e"", ""clock_features"": {""control_hbm"": 0.0, ""matrix_pe"": 0.0, ""scalar_machine"": 1056.0, ""vector_lane"": 0.0}, ""clock_period_ns"": 1.0, ""completed_actions"": 128, ""component"": ""scalar"", ""dynamic_features"": {""control.frontend_issue"": 0.0, ""hbm.byte"": 0.0, ""hbm.dma_issue"": 0.0, ""hbm.line"": 0.0, ""matrix.active_mac_bit_product"": 0.0, ""matrix.matrix_vector_bit_product"": 0.0, ""matrix.output_bit"": 0.0, ""scalar.fp_add_sub_move_bit"": 688.0, ""scalar.fp_multiply_bit2"": 5632.0, ""scalar.fp_sfu_bit2"": 10752.0, ""scalar.integer_alu_bit"": 1344.0, ""scalar.register_access_bit"": 7824.0, ""vector.lane_add_sub_bit"": 0.0, ""vector.lane_movement_bit"": 0.0, ""vector.lane_multiply_bit2"": 0.0, ""vector.lane_sfu_bit2"": 0.0, ""vector.reduction_node_bit"": 0.0}, ""measurement_cycles"": 1056, ""measurement_end_ns"": 1080.0, ""measurement_start_ns"": 24.0, ""params"": {""INT_DATA_WIDTH"": 64, ""MLEN"": 32, ""S_FP_EXP_WIDTH"": 8, ""S_FP_MANT_WIDTH"": 7, ""VLEN"": 32}, ""pattern"": ""random"", ""requested_actions"": 128, ""schema_version"": 1, ""seed"": 20260722}",2779.035464,1,0,0,,5.793,388896,a6211d51145d9d3e65755d777a79aa0c039e565641686f35416c74815c9d431e,24.0,1080.0,1056,128,128,gzip_validation,2026-07-22T20:44:40.072122+00:00,2026-07-22T20:44:53.869266+00:00,13.814,740988,,1913,1913,100.0,complete,/home/yh3525/FYP/PLENA_Simulator/Workspace/area_new_power_calibration/runs/full_rtl_activity_v1_20260722_193606/reports/power_scalar_845be2a1a244/random_128/power.saif_map.rpt,/home/yh3525/FYP/PLENA_Simulator/Workspace/area_new_power_calibration/runs/full_rtl_activity_v1_20260722_193606/reports/power_scalar_845be2a1a244/random_128/power.coverage.rpt,/home/yh3525/FYP/PLENA_Simulator/Workspace/area_new_power_calibration/runs/full_rtl_activity_v1_20260722_193606/reports/power_scalar_845be2a1a244/random_128/verilator_saif.namemap,193,,unsupported_by_dc_2024_09
power_scalar_i64_e8m7,power_scalar_845be2a1a244,scalar,random_32,random,32,complete,288.0,0.2076021,2.4485,2.6561,0.0026192000000000003,764.9567999999999,,/home/yh3525/FYP/PLENA_Simulator/Workspace/area_new_power_calibration/runs/full_rtl_activity_v1_20260722_193606/activity/power_scalar_845be2a1a244/random_32.vcd.gz,/home/yh3525/FYP/PLENA_Simulator/Workspace/area_new_power_calibration/runs/full_rtl_activity_v1_20260722_193606/reports/power_scalar_845be2a1a244/random_32/power.rpt,/home/yh3525/FYP/PLENA_Simulator/Workspace/area_new_power_calibration/runs/full_rtl_activity_v1_20260722_193606/reports/power_scalar_845be2a1a244/random_32/dc_power.log,rtl_vcd_mapped_dc,"{""accepted_actions"": 32, ""activity_fingerprint"": ""a6211d51145d9d3e65755d777a79aa0c039e565641686f35416c74815c9d431e"", ""clock_features"": {""control_hbm"": 0.0, ""matrix_pe"": 0.0, ""scalar_machine"": 288.0, ""vector_lane"": 0.0}, ""clock_period_ns"": 1.0, ""completed_actions"": 32, ""component"": ""scalar"", ""dynamic_features"": {""control.frontend_issue"": 0.0, ""hbm.byte"": 0.0, ""hbm.dma_issue"": 0.0, ""hbm.line"": 0.0, ""matrix.active_mac_bit_product"": 0.0, ""matrix.matrix_vector_bit_product"": 0.0, ""matrix.output_bit"": 0.0, ""scalar.fp_add_sub_move_bit"": 176.0, ""scalar.fp_multiply_bit2"": 1536.0, ""scalar.fp_sfu_bit2"": 2560.0, ""scalar.integer_alu_bit"": 320.0, ""scalar.register_access_bit"": 1936.0, ""vector.lane_add_sub_bit"": 0.0, ""vector.lane_movement_bit"": 0.0, ""vector.lane_multiply_bit2"": 0.0, ""vector.lane_sfu_bit2"": 0.0, ""vector.reduction_node_bit"": 0.0}, ""measurement_cycles"": 288, ""measurement_end_ns"": 312.0, ""measurement_start_ns"": 24.0, ""params"": {""INT_DATA_WIDTH"": 64, ""MLEN"": 32, ""S_FP_EXP_WIDTH"": 8, ""S_FP_MANT_WIDTH"": 7, ""VLEN"": 32}, ""pattern"": ""random"", ""requested_actions"": 32, ""schema_version"": 1, ""seed"": 20260722}",2779.035464,1,0,0,,5.595,388404,a6211d51145d9d3e65755d777a79aa0c039e565641686f35416c74815c9d431e,24.0,312.0,288,32,32,gzip_validation,2026-07-22T20:44:28.429950+00:00,2026-07-22T20:44:41.714147+00:00,13.301,739940,,1913,1913,100.0,complete,/home/yh3525/FYP/PLENA_Simulator/Workspace/area_new_power_calibration/runs/full_rtl_activity_v1_20260722_193606/reports/power_scalar_845be2a1a244/random_32/power.saif_map.rpt,/home/yh3525/FYP/PLENA_Simulator/Workspace/area_new_power_calibration/runs/full_rtl_activity_v1_20260722_193606/reports/power_scalar_845be2a1a244/random_32/power.coverage.rpt,/home/yh3525/FYP/PLENA_Simulator/Workspace/area_new_power_calibration/runs/full_rtl_activity_v1_20260722_193606/reports/power_scalar_845be2a1a244/random_32/verilator_saif.namemap,193,,unsupported_by_dc_2024_09
power_scalar_i64_e8m7,power_scalar_845be2a1a244,scalar,random_512,random,512,complete,4128.0,0.2311172,2.4706,2.7017,0.0026418,11152.617600000001,,/home/yh3525/FYP/PLENA_Simulator/Workspace/area_new_power_calibration/runs/full_rtl_activity_v1_20260722_193606/activity/power_scalar_845be2a1a244/random_512.vcd.gz,/home/yh3525/FYP/PLENA_Simulator/Workspace/area_new_power_calibration/runs/full_rtl_activity_v1_20260722_193606/reports/power_scalar_845be2a1a244/random_512/power.rpt,/home/yh3525/FYP/PLENA_Simulator/Workspace/area_new_power_calibration/runs/full_rtl_activity_v1_20260722_193606/reports/power_scalar_845be2a1a244/random_512/dc_power.log,rtl_vcd_mapped_dc,"{""accepted_actions"": 512, ""activity_fingerprint"": ""a6211d51145d9d3e65755d777a79aa0c039e565641686f35416c74815c9d431e"", ""clock_features"": {""control_hbm"": 0.0, ""matrix_pe"": 0.0, ""scalar_machine"": 4128.0, ""vector_lane"": 0.0}, ""clock_period_ns"": 1.0, ""completed_actions"": 512, ""component"": ""scalar"", ""dynamic_features"": {""control.frontend_issue"": 0.0, ""hbm.byte"": 0.0, ""hbm.dma_issue"": 0.0, ""hbm.line"": 0.0, ""matrix.active_mac_bit_product"": 0.0, ""matrix.matrix_vector_bit_product"": 0.0, ""matrix.output_bit"": 0.0, ""scalar.fp_add_sub_move_bit"": 2736.0, ""scalar.fp_multiply_bit2"": 22016.0, ""scalar.fp_sfu_bit2"": 43520.0, ""scalar.integer_alu_bit"": 5440.0, ""scalar.register_access_bit"": 31376.0, ""vector.lane_add_sub_bit"": 0.0, ""vector.lane_movement_bit"": 0.0, ""vector.lane_multiply_bit2"": 0.0, ""vector.lane_sfu_bit2"": 0.0, ""vector.reduction_node_bit"": 0.0}, ""measurement_cycles"": 4128, ""measurement_end_ns"": 4152.0, ""measurement_start_ns"": 24.0, ""params"": {""INT_DATA_WIDTH"": 64, ""MLEN"": 32, ""S_FP_EXP_WIDTH"": 8, ""S_FP_MANT_WIDTH"": 7, ""VLEN"": 32}, ""pattern"": ""random"", ""requested_actions"": 512, ""schema_version"": 1, ""seed"": 20260722}",2779.035464,1,0,0,,6.008,388960,a6211d51145d9d3e65755d777a79aa0c039e565641686f35416c74815c9d431e,24.0,4152.0,4128,512,512,gzip_validation,2026-07-22T20:44:52.343048+00:00,2026-07-22T20:45:06.119554+00:00,13.793,742080,,1913,1913,100.0,complete,/home/yh3525/FYP/PLENA_Simulator/Workspace/area_new_power_calibration/runs/full_rtl_activity_v1_20260722_193606/reports/power_scalar_845be2a1a244/random_512/power.saif_map.rpt,/home/yh3525/FYP/PLENA_Simulator/Workspace/area_new_power_calibration/runs/full_rtl_activity_v1_20260722_193606/reports/power_scalar_845be2a1a244/random_512/power.coverage.rpt,/home/yh3525/FYP/PLENA_Simulator/Workspace/area_new_power_calibration/runs/full_rtl_activity_v1_20260722_193606/reports/power_scalar_845be2a1a244/random_512/verilator_saif.namemap,193,,unsupported_by_dc_2024_09
power_vector_v16_e6m5,power_vector_50ffc67d2323,vector,idle_128,idle,128,complete,4096.0,1.73318e-05,15.293,15.293,0.0099351,62640.128,,/home/yh3525/FYP/PLENA_Simulator/Workspace/area_new_power_calibration/runs/full_rtl_activity_v1_20260722_193606/activity/power_vector_50ffc67d2323/idle_128.vcd,/home/yh3525/FYP/PLENA_Simulator/Workspace/area_new_power_calibration/runs/full_rtl_activity_v1_20260722_193606/reports/power_vector_50ffc67d2323/idle_128/power.rpt,/home/yh3525/FYP/PLENA_Simulator/Workspace/area_new_power_calibration/runs/full_rtl_activity_v1_20260722_193606/reports/power_vector_50ffc67d2323/idle_128/dc_power.log,rtl_vcd_mapped_dc,"{""accepted_actions"": 0, ""activity_fingerprint"": ""cfa096cd9b9197795ec0faad396a3de620f6f71bd9674dab2460be201e048859"", ""clock_features"": {""control_hbm"": 0.0, ""matrix_pe"": 0.0, ""scalar_machine"": 0.0, ""vector_lane"": 65536.0}, ""clock_period_ns"": 1.0, ""completed_actions"": 0, ""component"": ""vector"", ""dynamic_features"": {""control.frontend_issue"": 0.0, ""hbm.byte"": 0.0, ""hbm.dma_issue"": 0.0, ""hbm.line"": 0.0, ""matrix.active_mac_bit_product"": 0.0, ""matrix.matrix_vector_bit_product"": 0.0, ""matrix.output_bit"": 0.0, ""scalar.fp_add_sub_move_bit"": 0.0, ""scalar.fp_multiply_bit2"": 0.0, ""scalar.fp_sfu_bit2"": 0.0, ""scalar.integer_alu_bit"": 0.0, ""scalar.register_access_bit"": 0.0, ""vector.lane_add_sub_bit"": 0.0, ""vector.lane_movement_bit"": 0.0, ""vector.lane_multiply_bit2"": 0.0, ""vector.lane_sfu_bit2"": 0.0, ""vector.reduction_node_bit"": 0.0}, ""measurement_cycles"": 4096, ""measurement_end_ns"": 4104.0, ""measurement_start_ns"": 8.0, ""params"": {""VLEN"": 16, ""V_FP_EXP_WIDTH"": 6, ""V_FP_MANT_WIDTH"": 5}, ""pattern"": ""idle"", ""requested_actions"": 128, ""schema_version"": 1, ""seed"": 20260722}",10720.528065,0,0,1,,7.96,401840,cfa096cd9b9197795ec0faad396a3de620f6f71bd9674dab2460be201e048859,8.0,4104.0,4096,0,0,hash_sidecar_only,2026-07-22T19:52:08.343043+00:00,2026-07-22T19:52:41.220129+00:00,32.945,1078380,,12530,12530,100.0,partial_noncritical,/home/yh3525/FYP/PLENA_Simulator/Workspace/area_new_power_calibration/runs/full_rtl_activity_v1_20260722_193606/reports/power_vector_50ffc67d2323/idle_128/power.saif_map.rpt,/home/yh3525/FYP/PLENA_Simulator/Workspace/area_new_power_calibration/runs/full_rtl_activity_v1_20260722_193606/reports/power_vector_50ffc67d2323/idle_128/power.coverage.rpt,/home/yh3525/FYP/PLENA_Simulator/Workspace/area_new_power_calibration/runs/full_rtl_activity_v1_20260722_193606/reports/power_vector_50ffc67d2323/idle_128/verilator_saif.namemap,0,,unsupported_by_dc_2024_09
power_vector_v16_e6m5,power_vector_50ffc67d2323,vector,idle_32,idle,32,complete,1024.0,6.76613e-05,15.2931,15.2932,0.0099351,15660.2368,,/home/yh3525/FYP/PLENA_Simulator/Workspace/area_new_power_calibration/runs/full_rtl_activity_v1_20260722_193606/activity/power_vector_50ffc67d2323/idle_32.vcd,/home/yh3525/FYP/PLENA_Simulator/Workspace/area_new_power_calibration/runs/full_rtl_activity_v1_20260722_193606/reports/power_vector_50ffc67d2323/idle_32/power.rpt,/home/yh3525/FYP/PLENA_Simulator/Workspace/area_new_power_calibration/runs/full_rtl_activity_v1_20260722_193606/reports/power_vector_50ffc67d2323/idle_32/dc_power.log,rtl_vcd_mapped_dc,"{""accepted_actions"": 0, ""activity_fingerprint"": ""cfa096cd9b9197795ec0faad396a3de620f6f71bd9674dab2460be201e048859"", ""clock_features"": {""control_hbm"": 0.0, ""matrix_pe"": 0.0, ""scalar_machine"": 0.0, ""vector_lane"": 16384.0}, ""clock_period_ns"": 1.0, ""completed_actions"": 0, ""component"": ""vector"", ""dynamic_features"": {""control.frontend_issue"": 0.0, ""hbm.byte"": 0.0, ""hbm.dma_issue"": 0.0, ""hbm.line"": 0.0, ""matrix.active_mac_bit_product"": 0.0, ""matrix.matrix_vector_bit_product"": 0.0, ""matrix.output_bit"": 0.0, ""scalar.fp_add_sub_move_bit"": 0.0, ""scalar.fp_multiply_bit2"": 0.0, ""scalar.fp_sfu_bit2"": 0.0, ""scalar.integer_alu_bit"": 0.0, ""scalar.register_access_bit"": 0.0, ""vector.lane_add_sub_bit"": 0.0, ""vector.lane_movement_bit"": 0.0, ""vector.lane_multiply_bit2"": 0.0, ""vector.lane_sfu_bit2"": 0.0, ""vector.reduction_node_bit"": 0.0}, ""measurement_cycles"": 1024, ""measurement_end_ns"": 1032.0, ""measurement_start_ns"": 8.0, ""params"": {""VLEN"": 16, ""V_FP_EXP_WIDTH"": 6, ""V_FP_MANT_WIDTH"": 5}, ""pattern"": ""idle"", ""requested_actions"": 32, ""schema_version"": 1, ""seed"": 20260722}",10720.528065,0,0,1,,57.725,608428,cfa096cd9b9197795ec0faad396a3de620f6f71bd9674dab2460be201e048859,8.0,1032.0,1024,0,0,hash_sidecar_only,2026-07-22T19:51:54.121448+00:00,2026-07-22T19:52:26.190188+00:00,32.14,1078872,,12530,12530,100.0,partial_noncritical,/home/yh3525/FYP/PLENA_Simulator/Workspace/area_new_power_calibration/runs/full_rtl_activity_v1_20260722_193606/reports/power_vector_50ffc67d2323/idle_32/power.saif_map.rpt,/home/yh3525/FYP/PLENA_Simulator/Workspace/area_new_power_calibration/runs/full_rtl_activity_v1_20260722_193606/reports/power_vector_50ffc67d2323/idle_32/power.coverage.rpt,/home/yh3525/FYP/PLENA_Simulator/Workspace/area_new_power_calibration/runs/full_rtl_activity_v1_20260722_193606/reports/power_vector_50ffc67d2323/idle_32/verilator_saif.namemap,0,,unsupported_by_dc_2024_09
power_vector_v16_e6m5,power_vector_50ffc67d2323,vector,idle_512,idle,512,complete,16384.0,4.1257e-06,15.2929,15.2929,0.0099351,250558.8736,,/home/yh3525/FYP/PLENA_Simulator/Workspace/area_new_power_calibration/runs/full_rtl_activity_v1_20260722_193606/activity/power_vector_50ffc67d2323/idle_512.vcd,/home/yh3525/FYP/PLENA_Simulator/Workspace/area_new_power_calibration/runs/full_rtl_activity_v1_20260722_193606/reports/power_vector_50ffc67d2323/idle_512/power.rpt,/home/yh3525/FYP/PLENA_Simulator/Workspace/area_new_power_calibration/runs/full_rtl_activity_v1_20260722_193606/reports/power_vector_50ffc67d2323/idle_512/dc_power.log,rtl_vcd_mapped_dc,"{""accepted_actions"": 0, ""activity_fingerprint"": ""cfa096cd9b9197795ec0faad396a3de620f6f71bd9674dab2460be201e048859"", ""clock_features"": {""control_hbm"": 0.0, ""matrix_pe"": 0.0, ""scalar_machine"": 0.0, ""vector_lane"": 262144.0}, ""clock_period_ns"": 1.0, ""completed_actions"": 0, ""component"": ""vector"", ""dynamic_features"": {""control.frontend_issue"": 0.0, ""hbm.byte"": 0.0, ""hbm.dma_issue"": 0.0, ""hbm.line"": 0.0, ""matrix.active_mac_bit_product"": 0.0, ""matrix.matrix_vector_bit_product"": 0.0, ""matrix.output_bit"": 0.0, ""scalar.fp_add_sub_move_bit"": 0.0, ""scalar.fp_multiply_bit2"": 0.0, ""scalar.fp_sfu_bit2"": 0.0, ""scalar.integer_alu_bit"": 0.0, ""scalar.register_access_bit"": 0.0, ""vector.lane_add_sub_bit"": 0.0, ""vector.lane_movement_bit"": 0.0, ""vector.lane_multiply_bit2"": 0.0, ""vector.lane_sfu_bit2"": 0.0, ""vector.reduction_node_bit"": 0.0}, ""measurement_cycles"": 16384, ""measurement_end_ns"": 16392.0, ""measurement_start_ns"": 8.0, ""params"": {""VLEN"": 16, ""V_FP_EXP_WIDTH"": 6, ""V_FP_MANT_WIDTH"": 5}, ""pattern"": ""idle"", ""requested_actions"": 512, ""schema_version"": 1, ""seed"": 20260722}",10720.528065,0,0,1,,16.463,402032,cfa096cd9b9197795ec0faad396a3de620f6f71bd9674dab2460be201e048859,8.0,16392.0,16384,0,0,hash_sidecar_only,2026-07-22T19:52:32.878894+00:00,2026-07-22T19:53:06.539659+00:00,33.729,1077816,,12530,12530,100.0,partial_noncritical,/home/yh3525/FYP/PLENA_Simulator/Workspace/area_new_power_calibration/runs/full_rtl_activity_v1_20260722_193606/reports/power_vector_50ffc67d2323/idle_512/power.saif_map.rpt,/home/yh3525/FYP/PLENA_Simulator/Workspace/area_new_power_calibration/runs/full_rtl_activity_v1_20260722_193606/reports/power_vector_50ffc67d2323/idle_512/power.coverage.rpt,/home/yh3525/FYP/PLENA_Simulator/Workspace/area_new_power_calibration/runs/full_rtl_activity_v1_20260722_193606/reports/power_vector_50ffc67d2323/idle_512/verilator_saif.namemap,0,,unsupported_by_dc_2024_09
power_vector_v16_e6m5,power_vector_50ffc67d2323,vector,low_toggle_128,low-toggle,128,complete,4096.0,0.092327,15.2627,15.355,0.009993700000000001,62894.08,,/home/yh3525/FYP/PLENA_Simulator/Workspace/area_new_power_calibration/runs/full_rtl_activity_v1_20260722_193606/activity/power_vector_50ffc67d2323/low_toggle_128.vcd,/home/yh3525/FYP/PLENA_Simulator/Workspace/area_new_power_calibration/runs/full_rtl_activity_v1_20260722_193606/reports/power_vector_50ffc67d2323/low_toggle_128/power.rpt,/home/yh3525/FYP/PLENA_Simulator/Workspace/area_new_power_calibration/runs/full_rtl_activity_v1_20260722_193606/reports/power_vector_50ffc67d2323/low_toggle_128/dc_power.log,rtl_vcd_mapped_dc,"{""accepted_actions"": 128, ""activity_fingerprint"": ""cfa096cd9b9197795ec0faad396a3de620f6f71bd9674dab2460be201e048859"", ""clock_features"": {""control_hbm"": 0.0, ""matrix_pe"": 0.0, ""scalar_machine"": 0.0, ""vector_lane"": 65536.0}, ""clock_period_ns"": 1.0, ""completed_actions"": 128, ""component"": ""vector"", ""dynamic_features"": {""control.frontend_issue"": 0.0, ""hbm.byte"": 0.0, ""hbm.dma_issue"": 0.0, ""hbm.line"": 0.0, ""matrix.active_mac_bit_product"": 0.0, ""matrix.matrix_vector_bit_product"": 0.0, ""matrix.output_bit"": 0.0, ""scalar.fp_add_sub_move_bit"": 0.0, ""scalar.fp_multiply_bit2"": 0.0, ""scalar.fp_sfu_bit2"": 0.0, ""scalar.integer_alu_bit"": 0.0, ""scalar.register_access_bit"": 0.0, ""vector.lane_add_sub_bit"": 6144.0, ""vector.lane_movement_bit"": 12288.0, ""vector.lane_multiply_bit2"": 0.0, ""vector.lane_sfu_bit2"": 0.0, ""vector.reduction_node_bit"": 5760.0}, ""measurement_cycles"": 4096, ""measurement_end_ns"": 4104.0, ""measurement_start_ns"": 8.0, ""params"": {""VLEN"": 16, ""V_FP_EXP_WIDTH"": 6, ""V_FP_MANT_WIDTH"": 5}, ""pattern"": ""low-toggle"", ""requested_actions"": 128, ""schema_version"": 1, ""seed"": 20260722}",10720.528065,0,0,1,,7.878,401888,cfa096cd9b9197795ec0faad396a3de620f6f71bd9674dab2460be201e048859,8.0,4104.0,4096,128,128,hash_sidecar_only,2026-07-22T19:52:56.862531+00:00,2026-07-22T19:53:32.713888+00:00,35.92,1076760,,12530,12530,100.0,partial_noncritical,/home/yh3525/FYP/PLENA_Simulator/Workspace/area_new_power_calibration/runs/full_rtl_activity_v1_20260722_193606/reports/power_vector_50ffc67d2323/low_toggle_128/power.saif_map.rpt,/home/yh3525/FYP/PLENA_Simulator/Workspace/area_new_power_calibration/runs/full_rtl_activity_v1_20260722_193606/reports/power_vector_50ffc67d2323/low_toggle_128/power.coverage.rpt,/home/yh3525/FYP/PLENA_Simulator/Workspace/area_new_power_calibration/runs/full_rtl_activity_v1_20260722_193606/reports/power_vector_50ffc67d2323/low_toggle_128/verilator_saif.namemap,0,,unsupported_by_dc_2024_09
power_vector_v16_e6m5,power_vector_50ffc67d2323,vector,mixed_holdout_128,mixed-kernel-holdout,128,complete,4096.0,0.2956744,15.1353,15.431,0.0100972,63205.376,,/home/yh3525/FYP/PLENA_Simulator/Workspace/area_new_power_calibration/runs/full_rtl_activity_v1_20260722_193606/activity/power_vector_50ffc67d2323/mixed_holdout_128.vcd.gz,/home/yh3525/FYP/PLENA_Simulator/Workspace/area_new_power_calibration/runs/full_rtl_activity_v1_20260722_193606/reports/power_vector_50ffc67d2323/mixed_holdout_128/power.rpt,/home/yh3525/FYP/PLENA_Simulator/Workspace/area_new_power_calibration/runs/full_rtl_activity_v1_20260722_193606/reports/power_vector_50ffc67d2323/mixed_holdout_128/dc_power.log,rtl_vcd_mapped_dc,"{""accepted_actions"": 128, ""activity_fingerprint"": ""cfa096cd9b9197795ec0faad396a3de620f6f71bd9674dab2460be201e048859"", ""clock_features"": {""control_hbm"": 0.0, ""matrix_pe"": 0.0, ""scalar_machine"": 0.0, ""vector_lane"": 65536.0}, ""clock_period_ns"": 1.0, ""completed_actions"": 128, ""component"": ""vector"", ""dynamic_features"": {""control.frontend_issue"": 0.0, ""hbm.byte"": 0.0, ""hbm.dma_issue"": 0.0, ""hbm.line"": 0.0, ""matrix.active_mac_bit_product"": 0.0, ""matrix.matrix_vector_bit_product"": 0.0, ""matrix.output_bit"": 0.0, ""scalar.fp_add_sub_move_bit"": 0.0, ""scalar.fp_multiply_bit2"": 0.0, ""scalar.fp_sfu_bit2"": 0.0, ""scalar.integer_alu_bit"": 0.0, ""scalar.register_access_bit"": 0.0, ""vector.lane_add_sub_bit"": 7104.0, ""vector.lane_movement_bit"": 3456.0, ""vector.lane_multiply_bit2"": 85248.0, ""vector.lane_sfu_bit2"": 41472.0, ""vector.reduction_node_bit"": 3240.0}, ""measurement_cycles"": 4096, ""measurement_end_ns"": 4104.0, ""measurement_start_ns"": 8.0, ""params"": {""VLEN"": 16, ""V_FP_EXP_WIDTH"": 6, ""V_FP_MANT_WIDTH"": 5}, ""pattern"": ""mixed-kernel-holdout"", ""requested_actions"": 128, ""schema_version"": 1, ""seed"": 20260722}",10720.528065,0,0,1,,8.245,401932,cfa096cd9b9197795ec0faad396a3de620f6f71bd9674dab2460be201e048859,8.0,4104.0,4096,128,128,gzip_validation,2026-07-22T19:53:13.266337+00:00,2026-07-22T19:53:53.998329+00:00,40.8,1074788,,12530,12530,100.0,partial_noncritical,/home/yh3525/FYP/PLENA_Simulator/Workspace/area_new_power_calibration/runs/full_rtl_activity_v1_20260722_193606/reports/power_vector_50ffc67d2323/mixed_holdout_128/power.saif_map.rpt,/home/yh3525/FYP/PLENA_Simulator/Workspace/area_new_power_calibration/runs/full_rtl_activity_v1_20260722_193606/reports/power_vector_50ffc67d2323/mixed_holdout_128/power.coverage.rpt,/home/yh3525/FYP/PLENA_Simulator/Workspace/area_new_power_calibration/runs/full_rtl_activity_v1_20260722_193606/reports/power_vector_50ffc67d2323/mixed_holdout_128/verilator_saif.namemap,0,,unsupported_by_dc_2024_09
power_vector_v16_e6m5,power_vector_50ffc67d2323,vector,qwen_128,representative-qwen,128,complete,4096.0,0.2118039,15.2467,15.4585,0.0100947,63318.016,,/home/yh3525/FYP/PLENA_Simulator/Workspace/area_new_power_calibration/runs/full_rtl_activity_v1_20260722_193606/activity/power_vector_50ffc67d2323/qwen_128.vcd.gz,/home/yh3525/FYP/PLENA_Simulator/Workspace/area_new_power_calibration/runs/full_rtl_activity_v1_20260722_193606/reports/power_vector_50ffc67d2323/qwen_128/power.rpt,/home/yh3525/FYP/PLENA_Simulator/Workspace/area_new_power_calibration/runs/full_rtl_activity_v1_20260722_193606/reports/power_vector_50ffc67d2323/qwen_128/dc_power.log,rtl_vcd_mapped_dc,"{""accepted_actions"": 128, ""activity_fingerprint"": ""cfa096cd9b9197795ec0faad396a3de620f6f71bd9674dab2460be201e048859"", ""clock_features"": {""control_hbm"": 0.0, ""matrix_pe"": 0.0, ""scalar_machine"": 0.0, ""vector_lane"": 65536.0}, ""clock_period_ns"": 1.0, ""completed_actions"": 128, ""component"": ""vector"", ""dynamic_features"": {""control.frontend_issue"": 0.0, ""hbm.byte"": 0.0, ""hbm.dma_issue"": 0.0, ""hbm.line"": 0.0, ""matrix.active_mac_bit_product"": 0.0, ""matrix.matrix_vector_bit_product"": 0.0, ""matrix.output_bit"": 0.0, ""scalar.fp_add_sub_move_bit"": 0.0, ""scalar.fp_multiply_bit2"": 0.0, ""scalar.fp_sfu_bit2"": 0.0, ""scalar.integer_alu_bit"": 0.0, ""scalar.register_access_bit"": 0.0, ""vector.lane_add_sub_bit"": 9792.0, ""vector.lane_movement_bit"": 4800.0, ""vector.lane_multiply_bit2"": 59904.0, ""vector.lane_sfu_bit2"": 0.0, ""vector.reduction_node_bit"": 4680.0}, ""measurement_cycles"": 4096, ""measurement_end_ns"": 4104.0, ""measurement_start_ns"": 8.0, ""params"": {""VLEN"": 16, ""V_FP_EXP_WIDTH"": 6, ""V_FP_MANT_WIDTH"": 5}, ""pattern"": ""representative-qwen"", ""requested_actions"": 128, ""schema_version"": 1, ""seed"": 20260722}",10720.528065,0,0,1,,8.086,401956,cfa096cd9b9197795ec0faad396a3de620f6f71bd9674dab2460be201e048859,8.0,4104.0,4096,128,128,gzip_validation,2026-07-22T19:53:04.984483+00:00,2026-07-22T19:53:43.993567+00:00,39.078,1073204,,12530,12530,100.0,partial_noncritical,/home/yh3525/FYP/PLENA_Simulator/Workspace/area_new_power_calibration/runs/full_rtl_activity_v1_20260722_193606/reports/power_vector_50ffc67d2323/qwen_128/power.saif_map.rpt,/home/yh3525/FYP/PLENA_Simulator/Workspace/area_new_power_calibration/runs/full_rtl_activity_v1_20260722_193606/reports/power_vector_50ffc67d2323/qwen_128/power.coverage.rpt,/home/yh3525/FYP/PLENA_Simulator/Workspace/area_new_power_calibration/runs/full_rtl_activity_v1_20260722_193606/reports/power_vector_50ffc67d2323/qwen_128/verilator_saif.namemap,0,,unsupported_by_dc_2024_09
power_vector_v16_e6m5,power_vector_50ffc67d2323,vector,random_128,random,128,complete,4096.0,0.2952759,15.0327,15.328,0.010122899999999999,62783.488,,/home/yh3525/FYP/PLENA_Simulator/Workspace/area_new_power_calibration/runs/full_rtl_activity_v1_20260722_193606/activity/power_vector_50ffc67d2323/random_128.vcd,/home/yh3525/FYP/PLENA_Simulator/Workspace/area_new_power_calibration/runs/full_rtl_activity_v1_20260722_193606/reports/power_vector_50ffc67d2323/random_128/power.rpt,/home/yh3525/FYP/PLENA_Simulator/Workspace/area_new_power_calibration/runs/full_rtl_activity_v1_20260722_193606/reports/power_vector_50ffc67d2323/random_128/dc_power.log,rtl_vcd_mapped_dc,"{""accepted_actions"": 128, ""activity_fingerprint"": ""d2d938169a4ca0cd05d090f59caa363ae52211cba25ae8d555ecbe689ce0f441"", ""clock_features"": {""control_hbm"": 0.0, ""matrix_pe"": 0.0, ""scalar_machine"": 0.0, ""vector_lane"": 65536.0}, ""clock_period_ns"": 1.0, ""completed_actions"": 128, ""component"": ""vector"", ""dynamic_features"": {""control.frontend_issue"": 0.0, ""hbm.byte"": 0.0, ""hbm.dma_issue"": 0.0, ""hbm.line"": 0.0, ""matrix.active_mac_bit_product"": 0.0, ""matrix.matrix_vector_bit_product"": 0.0, ""matrix.output_bit"": 0.0, ""scalar.fp_add_sub_move_bit"": 0.0, ""scalar.fp_multiply_bit2"": 0.0, ""scalar.fp_sfu_bit2"": 0.0, ""scalar.integer_alu_bit"": 0.0, ""scalar.register_access_bit"": 0.0, ""vector.lane_add_sub_bit"": 4992.0, ""vector.lane_movement_bit"": 4800.0, ""vector.lane_multiply_bit2"": 59904.0, ""vector.lane_sfu_bit2"": 59904.0, ""vector.reduction_node_bit"": 4500.0}, ""measurement_cycles"": 4096, ""measurement_end_ns"": 4104.0, ""measurement_start_ns"": 8.0, ""params"": {""VLEN"": 16, ""V_FP_EXP_WIDTH"": 6, ""V_FP_MANT_WIDTH"": 5}, ""pattern"": ""random"", ""requested_actions"": 128, ""schema_version"": 1, ""seed"": 20260722}",10720.528065,0,0,1,,11.674,402000,d2d938169a4ca0cd05d090f59caa363ae52211cba25ae8d555ecbe689ce0f441,8.0,4104.0,4096,128,128,hash_sidecar_only,2026-07-22T21:57:41.766984+00:00,2026-07-22T21:58:22.001957+00:00,40.3,1079440,,12530,12530,100.0,partial_noncritical,/home/yh3525/FYP/PLENA_Simulator/Workspace/area_new_power_calibration/runs/full_rtl_activity_v1_20260722_193606/reports/power_vector_50ffc67d2323/random_128/power.saif_map.rpt,/home/yh3525/FYP/PLENA_Simulator/Workspace/area_new_power_calibration/runs/full_rtl_activity_v1_20260722_193606/reports/power_vector_50ffc67d2323/random_128/power.coverage.rpt,/home/yh3525/FYP/PLENA_Simulator/Workspace/area_new_power_calibration/runs/full_rtl_activity_v1_20260722_193606/reports/power_vector_50ffc67d2323/random_128/verilator_saif.namemap,0,0,unsupported_by_dc_2024_09
power_vector_v16_e6m5,power_vector_50ffc67d2323,vector,random_32,random,32,complete,1024.0,0.2986497,15.0512,15.3498,0.0101221,15718.1952,,/home/yh3525/FYP/PLENA_Simulator/Workspace/area_new_power_calibration/runs/full_rtl_activity_v1_20260722_193606/activity/power_vector_50ffc67d2323/random_32.vcd,/home/yh3525/FYP/PLENA_Simulator/Workspace/area_new_power_calibration/runs/full_rtl_activity_v1_20260722_193606/reports/power_vector_50ffc67d2323/random_32/power.rpt,/home/yh3525/FYP/PLENA_Simulator/Workspace/area_new_power_calibration/runs/full_rtl_activity_v1_20260722_193606/reports/power_vector_50ffc67d2323/random_32/dc_power.log,rtl_vcd_mapped_dc,"{""accepted_actions"": 32, ""activity_fingerprint"": ""d2d938169a4ca0cd05d090f59caa363ae52211cba25ae8d555ecbe689ce0f441"", ""clock_features"": {""control_hbm"": 0.0, ""matrix_pe"": 0.0, ""scalar_machine"": 0.0, ""vector_lane"": 16384.0}, ""clock_period_ns"": 1.0, ""completed_actions"": 32, ""component"": ""vector"", ""dynamic_features"": {""control.frontend_issue"": 0.0, ""hbm.byte"": 0.0, ""hbm.dma_issue"": 0.0, ""hbm.line"": 0.0, ""matrix.active_mac_bit_product"": 0.0, ""matrix.matrix_vector_bit_product"": 0.0, ""matrix.output_bit"": 0.0, ""scalar.fp_add_sub_move_bit"": 0.0, ""scalar.fp_multiply_bit2"": 0.0, ""scalar.fp_sfu_bit2"": 0.0, ""scalar.integer_alu_bit"": 0.0, ""scalar.register_access_bit"": 0.0, ""vector.lane_add_sub_bit"": 1344.0, ""vector.lane_movement_bit"": 1152.0, ""vector.lane_multiply_bit2"": 16128.0, ""vector.lane_sfu_bit2"": 13824.0, ""vector.reduction_node_bit"": 1080.0}, ""measurement_cycles"": 1024, ""measurement_end_ns"": 1032.0, ""measurement_start_ns"": 8.0, ""params"": {""VLEN"": 16, ""V_FP_EXP_WIDTH"": 6, ""V_FP_MANT_WIDTH"": 5}, ""pattern"": ""random"", ""requested_actions"": 32, ""schema_version"": 1, ""seed"": 20260722}",10720.528065,0,0,1,,70.289,609624,d2d938169a4ca0cd05d090f59caa363ae52211cba25ae8d555ecbe689ce0f441,8.0,1032.0,1024,32,32,hash_sidecar_only,2026-07-22T21:57:30.062377+00:00,2026-07-22T21:58:11.911544+00:00,41.92,1076856,,12530,12530,100.0,partial_noncritical,/home/yh3525/FYP/PLENA_Simulator/Workspace/area_new_power_calibration/runs/full_rtl_activity_v1_20260722_193606/reports/power_vector_50ffc67d2323/random_32/power.saif_map.rpt,/home/yh3525/FYP/PLENA_Simulator/Workspace/area_new_power_calibration/runs/full_rtl_activity_v1_20260722_193606/reports/power_vector_50ffc67d2323/random_32/power.coverage.rpt,/home/yh3525/FYP/PLENA_Simulator/Workspace/area_new_power_calibration/runs/full_rtl_activity_v1_20260722_193606/reports/power_vector_50ffc67d2323/random_32/verilator_saif.namemap,0,0,unsupported_by_dc_2024_09
power_vector_v16_e6m5,power_vector_50ffc67d2323,vector,random_512,random,512,complete,16384.0,0.2934567,15.0248,15.3182,0.0101236,250973.3888,,/home/yh3525/FYP/PLENA_Simulator/Workspace/area_new_power_calibration/runs/full_rtl_activity_v1_20260722_193606/activity/power_vector_50ffc67d2323/random_512.vcd,/home/yh3525/FYP/PLENA_Simulator/Workspace/area_new_power_calibration/runs/full_rtl_activity_v1_20260722_193606/reports/power_vector_50ffc67d2323/random_512/power.rpt,/home/yh3525/FYP/PLENA_Simulator/Workspace/area_new_power_calibration/runs/full_rtl_activity_v1_20260722_193606/reports/power_vector_50ffc67d2323/random_512/dc_power.log,rtl_vcd_mapped_dc,"{""accepted_actions"": 512, ""activity_fingerprint"": ""d2d938169a4ca0cd05d090f59caa363ae52211cba25ae8d555ecbe689ce0f441"", ""clock_features"": {""control_hbm"": 0.0, ""matrix_pe"": 0.0, ""scalar_machine"": 0.0, ""vector_lane"": 262144.0}, ""clock_period_ns"": 1.0, ""completed_actions"": 512, ""component"": ""vector"", ""dynamic_features"": {""control.frontend_issue"": 0.0, ""hbm.byte"": 0.0, ""hbm.dma_issue"": 0.0, ""hbm.line"": 0.0, ""matrix.active_mac_bit_product"": 0.0, ""matrix.matrix_vector_bit_product"": 0.0, ""matrix.output_bit"": 0.0, ""scalar.fp_add_sub_move_bit"": 0.0, ""scalar.fp_multiply_bit2"": 0.0, ""scalar.fp_sfu_bit2"": 0.0, ""scalar.integer_alu_bit"": 0.0, ""scalar.register_access_bit"": 0.0, ""vector.lane_add_sub_bit"": 19776.0, ""vector.lane_movement_bit"": 19584.0, ""vector.lane_multiply_bit2"": 237312.0, ""vector.lane_sfu_bit2"": 235008.0, ""vector.reduction_node_bit"": 18360.0}, ""measurement_cycles"": 16384, ""measurement_end_ns"": 16392.0, ""measurement_start_ns"": 8.0, ""params"": {""VLEN"": 16, ""V_FP_EXP_WIDTH"": 6, ""V_FP_MANT_WIDTH"": 5}, ""pattern"": ""random"", ""requested_actions"": 512, ""schema_version"": 1, ""seed"": 20260722}",10720.528065,0,0,1,,18.852,401668,d2d938169a4ca0cd05d090f59caa363ae52211cba25ae8d555ecbe689ce0f441,8.0,16392.0,16384,512,512,hash_sidecar_only,2026-07-22T21:58:00.745306+00:00,2026-07-22T21:58:43.597615+00:00,42.916,1079424,,12530,12530,100.0,partial_noncritical,/home/yh3525/FYP/PLENA_Simulator/Workspace/area_new_power_calibration/runs/full_rtl_activity_v1_20260722_193606/reports/power_vector_50ffc67d2323/random_512/power.saif_map.rpt,/home/yh3525/FYP/PLENA_Simulator/Workspace/area_new_power_calibration/runs/full_rtl_activity_v1_20260722_193606/reports/power_vector_50ffc67d2323/random_512/power.coverage.rpt,/home/yh3525/FYP/PLENA_Simulator/Workspace/area_new_power_calibration/runs/full_rtl_activity_v1_20260722_193606/reports/power_vector_50ffc67d2323/random_512/verilator_saif.namemap,0,0,unsupported_by_dc_2024_09
power_vector_v32_e6m5,power_vector_7353e6d19e0d,vector,idle_128,idle,128,complete,4096.0,3.44802e-05,28.2578,28.2578,0.018979399999999997,115743.9488,,/home/yh3525/FYP/PLENA_Simulator/Workspace/area_new_power_calibration/runs/full_rtl_activity_v1_20260722_193606/activity/power_vector_7353e6d19e0d/idle_128.vcd,/home/yh3525/FYP/PLENA_Simulator/Workspace/area_new_power_calibration/runs/full_rtl_activity_v1_20260722_193606/reports/power_vector_7353e6d19e0d/idle_128/power.rpt,/home/yh3525/FYP/PLENA_Simulator/Workspace/area_new_power_calibration/runs/full_rtl_activity_v1_20260722_193606/reports/power_vector_7353e6d19e0d/idle_128/dc_power.log,rtl_vcd_mapped_dc,"{""accepted_actions"": 0, ""activity_fingerprint"": ""d218114f84ad194d2225f655b5678ddbb1666be45a861085181bb0086f9c2285"", ""clock_features"": {""control_hbm"": 0.0, ""matrix_pe"": 0.0, ""scalar_machine"": 0.0, ""vector_lane"": 131072.0}, ""clock_period_ns"": 1.0, ""completed_actions"": 0, ""component"": ""vector"", ""dynamic_features"": {""control.frontend_issue"": 0.0, ""hbm.byte"": 0.0, ""hbm.dma_issue"": 0.0, ""hbm.line"": 0.0, ""matrix.active_mac_bit_product"": 0.0, ""matrix.matrix_vector_bit_product"": 0.0, ""matrix.output_bit"": 0.0, ""scalar.fp_add_sub_move_bit"": 0.0, ""scalar.fp_multiply_bit2"": 0.0, ""scalar.fp_sfu_bit2"": 0.0, ""scalar.integer_alu_bit"": 0.0, ""scalar.register_access_bit"": 0.0, ""vector.lane_add_sub_bit"": 0.0, ""vector.lane_movement_bit"": 0.0, ""vector.lane_multiply_bit2"": 0.0, ""vector.lane_sfu_bit2"": 0.0, ""vector.reduction_node_bit"": 0.0}, ""measurement_cycles"": 4096, ""measurement_end_ns"": 4104.0, ""measurement_start_ns"": 8.0, ""params"": {""VLEN"": 32, ""V_FP_EXP_WIDTH"": 6, ""V_FP_MANT_WIDTH"": 5}, ""pattern"": ""idle"", ""requested_actions"": 128, ""schema_version"": 1, ""seed"": 20260722}",20708.775644,0,0,1,,0.0,,d218114f84ad194d2225f655b5678ddbb1666be45a861085181bb0086f9c2285,8.0,4104.0,4096,0,0,hash_sidecar_only,2026-07-22T20:44:06.603556+00:00,2026-07-22T20:45:07.447263+00:00,61.306,1537608,,23152,23152,100.0,partial_noncritical,/home/yh3525/FYP/PLENA_Simulator/Workspace/area_new_power_calibration/runs/full_rtl_activity_v1_20260722_193606/reports/power_vector_7353e6d19e0d/idle_128/power.saif_map.rpt,/home/yh3525/FYP/PLENA_Simulator/Workspace/area_new_power_calibration/runs/full_rtl_activity_v1_20260722_193606/reports/power_vector_7353e6d19e0d/idle_128/power.coverage.rpt,/home/yh3525/FYP/PLENA_Simulator/Workspace/area_new_power_calibration/runs/full_rtl_activity_v1_20260722_193606/reports/power_vector_7353e6d19e0d/idle_128/verilator_saif.namemap,0,,unsupported_by_dc_2024_09
power_vector_v32_e6m5,power_vector_7353e6d19e0d,vector,idle_32,idle,32,complete,1024.0,0.00013683699999999998,28.2581,28.2582,0.018979399999999997,28936.3968,,/home/yh3525/FYP/PLENA_Simulator/Workspace/area_new_power_calibration/runs/full_rtl_activity_v1_20260722_193606/activity/power_vector_7353e6d19e0d/idle_32.vcd,/home/yh3525/FYP/PLENA_Simulator/Workspace/area_new_power_calibration/runs/full_rtl_activity_v1_20260722_193606/reports/power_vector_7353e6d19e0d/idle_32/power.rpt,/home/yh3525/FYP/PLENA_Simulator/Workspace/area_new_power_calibration/runs/full_rtl_activity_v1_20260722_193606/reports/power_vector_7353e6d19e0d/idle_32/dc_power.log,rtl_vcd_mapped_dc,"{""accepted_actions"": 0, ""activity_fingerprint"": ""d218114f84ad194d2225f655b5678ddbb1666be45a861085181bb0086f9c2285"", ""clock_features"": {""control_hbm"": 0.0, ""matrix_pe"": 0.0, ""scalar_machine"": 0.0, ""vector_lane"": 32768.0}, ""clock_period_ns"": 1.0, ""completed_actions"": 0, ""component"": ""vector"", ""dynamic_features"": {""control.frontend_issue"": 0.0, ""hbm.byte"": 0.0, ""hbm.dma_issue"": 0.0, ""hbm.line"": 0.0, ""matrix.active_mac_bit_product"": 0.0, ""matrix.matrix_vector_bit_product"": 0.0, ""matrix.output_bit"": 0.0, ""scalar.fp_add_sub_move_bit"": 0.0, ""scalar.fp_multiply_bit2"": 0.0, ""scalar.fp_sfu_bit2"": 0.0, ""scalar.integer_alu_bit"": 0.0, ""scalar.register_access_bit"": 0.0, ""vector.lane_add_sub_bit"": 0.0, ""vector.lane_movement_bit"": 0.0, ""vector.lane_multiply_bit2"": 0.0, ""vector.lane_sfu_bit2"": 0.0, ""vector.reduction_node_bit"": 0.0}, ""measurement_cycles"": 1024, ""measurement_end_ns"": 1032.0, ""measurement_start_ns"": 8.0, ""params"": {""VLEN"": 32, ""V_FP_EXP_WIDTH"": 6, ""V_FP_MANT_WIDTH"": 5}, ""pattern"": ""idle"", ""requested_actions"": 32, ""schema_version"": 1, ""seed"": 20260722}",20708.775644,0,0,1,,94.003,825300,d218114f84ad194d2225f655b5678ddbb1666be45a861085181bb0086f9c2285,8.0,1032.0,1024,0,0,hash_sidecar_only,2026-07-22T19:54:47.428408+00:00,2026-07-22T19:55:43.257203+00:00,55.974,1537596,,23152,23152,100.0,partial_noncritical,/home/yh3525/FYP/PLENA_Simulator/Workspace/area_new_power_calibration/runs/full_rtl_activity_v1_20260722_193606/reports/power_vector_7353e6d19e0d/idle_32/power.saif_map.rpt,/home/yh3525/FYP/PLENA_Simulator/Workspace/area_new_power_calibration/runs/full_rtl_activity_v1_20260722_193606/reports/power_vector_7353e6d19e0d/idle_32/power.coverage.rpt,/home/yh3525/FYP/PLENA_Simulator/Workspace/area_new_power_calibration/runs/full_rtl_activity_v1_20260722_193606/reports/power_vector_7353e6d19e0d/idle_32/verilator_saif.namemap,0,,unsupported_by_dc_2024_09
power_vector_v32_e6m5,power_vector_7353e6d19e0d,vector,idle_512,idle,512,complete,16384.0,8.4985e-06,28.2577,28.2577,0.018979399999999997,462974.1568,,/home/yh3525/FYP/PLENA_Simulator/Workspace/area_new_power_calibration/runs/full_rtl_activity_v1_20260722_193606/activity/power_vector_7353e6d19e0d/idle_512.vcd,/home/yh3525/FYP/PLENA_Simulator/Workspace/area_new_power_calibration/runs/full_rtl_activity_v1_20260722_193606/reports/power_vector_7353e6d19e0d/idle_512/power.rpt,/home/yh3525/FYP/PLENA_Simulator/Workspace/area_new_power_calibration/runs/full_rtl_activity_v1_20260722_193606/reports/power_vector_7353e6d19e0d/idle_512/dc_power.log,rtl_vcd_mapped_dc,"{""accepted_actions"": 0, ""activity_fingerprint"": ""d218114f84ad194d2225f655b5678ddbb1666be45a861085181bb0086f9c2285"", ""clock_features"": {""control_hbm"": 0.0, ""matrix_pe"": 0.0, ""scalar_machine"": 0.0, ""vector_lane"": 524288.0}, ""clock_period_ns"": 1.0, ""completed_actions"": 0, ""component"": ""vector"", ""dynamic_features"": {""control.frontend_issue"": 0.0, ""hbm.byte"": 0.0, ""hbm.dma_issue"": 0.0, ""hbm.line"": 0.0, ""matrix.active_mac_bit_product"": 0.0, ""matrix.matrix_vector_bit_product"": 0.0, ""matrix.output_bit"": 0.0, ""scalar.fp_add_sub_move_bit"": 0.0, ""scalar.fp_multiply_bit2"": 0.0, ""scalar.fp_sfu_bit2"": 0.0, ""scalar.integer_alu_bit"": 0.0, ""scalar.register_access_bit"": 0.0, ""vector.lane_add_sub_bit"": 0.0, ""vector.lane_movement_bit"": 0.0, ""vector.lane_multiply_bit2"": 0.0, ""vector.lane_sfu_bit2"": 0.0, ""vector.reduction_node_bit"": 0.0}, ""measurement_cycles"": 16384, ""measurement_end_ns"": 16392.0, ""measurement_start_ns"": 8.0, ""params"": {""VLEN"": 32, ""V_FP_EXP_WIDTH"": 6, ""V_FP_MANT_WIDTH"": 5}, ""pattern"": ""idle"", ""requested_actions"": 512, ""schema_version"": 1, ""seed"": 20260722}",20708.775644,0,0,1,,0.0,,d218114f84ad194d2225f655b5678ddbb1666be45a861085181bb0086f9c2285,8.0,16392.0,16384,0,0,hash_sidecar_only,2026-07-22T20:44:06.537844+00:00,2026-07-22T20:45:10.652154+00:00,64.509,1539572,,23152,23152,100.0,partial_noncritical,/home/yh3525/FYP/PLENA_Simulator/Workspace/area_new_power_calibration/runs/full_rtl_activity_v1_20260722_193606/reports/power_vector_7353e6d19e0d/idle_512/power.saif_map.rpt,/home/yh3525/FYP/PLENA_Simulator/Workspace/area_new_power_calibration/runs/full_rtl_activity_v1_20260722_193606/reports/power_vector_7353e6d19e0d/idle_512/power.coverage.rpt,/home/yh3525/FYP/PLENA_Simulator/Workspace/area_new_power_calibration/runs/full_rtl_activity_v1_20260722_193606/reports/power_vector_7353e6d19e0d/idle_512/verilator_saif.namemap,0,,unsupported_by_dc_2024_09
power_vector_v32_e6m5,power_vector_7353e6d19e0d,vector,low_toggle_128,low-toggle,128,complete,4096.0,0.1785412,28.2079,28.3864,0.019123400000000002,116270.6944,,/home/yh3525/FYP/PLENA_Simulator/Workspace/area_new_power_calibration/runs/full_rtl_activity_v1_20260722_193606/activity/power_vector_7353e6d19e0d/low_toggle_128.vcd,/home/yh3525/FYP/PLENA_Simulator/Workspace/area_new_power_calibration/runs/full_rtl_activity_v1_20260722_193606/reports/power_vector_7353e6d19e0d/low_toggle_128/power.rpt,/home/yh3525/FYP/PLENA_Simulator/Workspace/area_new_power_calibration/runs/full_rtl_activity_v1_20260722_193606/reports/power_vector_7353e6d19e0d/low_toggle_128/dc_power.log,rtl_vcd_mapped_dc,"{""accepted_actions"": 128, ""activity_fingerprint"": ""d218114f84ad194d2225f655b5678ddbb1666be45a861085181bb0086f9c2285"", ""clock_features"": {""control_hbm"": 0.0, ""matrix_pe"": 0.0, ""scalar_machine"": 0.0, ""vector_lane"": 131072.0}, ""clock_period_ns"": 1.0, ""completed_actions"": 128, ""component"": ""vector"", ""dynamic_features"": {""control.frontend_issue"": 0.0, ""hbm.byte"": 0.0, ""hbm.dma_issue"": 0.0, ""hbm.line"": 0.0, ""matrix.active_mac_bit_product"": 0.0, ""matrix.matrix_vector_bit_product"": 0.0, ""matrix.output_bit"": 0.0, ""scalar.fp_add_sub_move_bit"": 0.0, ""scalar.fp_multiply_bit2"": 0.0, ""scalar.fp_sfu_bit2"": 0.0, ""scalar.integer_alu_bit"": 0.0, ""scalar.register_access_bit"": 0.0, ""vector.lane_add_sub_bit"": 12288.0, ""vector.lane_movement_bit"": 24576.0, ""vector.lane_multiply_bit2"": 0.0, ""vector.lane_sfu_bit2"": 0.0, ""vector.reduction_node_bit"": 11904.0}, ""measurement_cycles"": 4096, ""measurement_end_ns"": 4104.0, ""measurement_start_ns"": 8.0, ""params"": {""VLEN"": 32, ""V_FP_EXP_WIDTH"": 6, ""V_FP_MANT_WIDTH"": 5}, ""pattern"": ""low-toggle"", ""requested_actions"": 128, ""schema_version"": 1, ""seed"": 20260722}",20708.775644,0,0,1,,91.437,823912,d218114f84ad194d2225f655b5678ddbb1666be45a861085181bb0086f9c2285,8.0,4104.0,4096,128,128,hash_sidecar_only,2026-07-22T20:45:37.758027+00:00,2026-07-22T20:46:36.530912+00:00,58.89,1536632,,23152,23152,100.0,partial_noncritical,/home/yh3525/FYP/PLENA_Simulator/Workspace/area_new_power_calibration/runs/full_rtl_activity_v1_20260722_193606/reports/power_vector_7353e6d19e0d/low_toggle_128/power.saif_map.rpt,/home/yh3525/FYP/PLENA_Simulator/Workspace/area_new_power_calibration/runs/full_rtl_activity_v1_20260722_193606/reports/power_vector_7353e6d19e0d/low_toggle_128/power.coverage.rpt,/home/yh3525/FYP/PLENA_Simulator/Workspace/area_new_power_calibration/runs/full_rtl_activity_v1_20260722_193606/reports/power_vector_7353e6d19e0d/low_toggle_128/verilator_saif.namemap,0,,unsupported_by_dc_2024_09
power_vector_v32_e6m5,power_vector_7353e6d19e0d,vector,mixed_holdout_128,mixed-kernel-holdout,128,complete,4096.0,0.509232,27.9641,28.4734,0.019344,116627.0464,,/home/yh3525/FYP/PLENA_Simulator/Workspace/area_new_power_calibration/runs/full_rtl_activity_v1_20260722_193606/activity/power_vector_7353e6d19e0d/mixed_holdout_128.vcd.gz,/home/yh3525/FYP/PLENA_Simulator/Workspace/area_new_power_calibration/runs/full_rtl_activity_v1_20260722_193606/reports/power_vector_7353e6d19e0d/mixed_holdout_128/power.rpt,/home/yh3525/FYP/PLENA_Simulator/Workspace/area_new_power_calibration/runs/full_rtl_activity_v1_20260722_193606/reports/power_vector_7353e6d19e0d/mixed_holdout_128/dc_power.log,rtl_vcd_mapped_dc,"{""accepted_actions"": 128, ""activity_fingerprint"": ""d218114f84ad194d2225f655b5678ddbb1666be45a861085181bb0086f9c2285"", ""clock_features"": {""control_hbm"": 0.0, ""matrix_pe"": 0.0, ""scalar_machine"": 0.0, ""vector_lane"": 131072.0}, ""clock_period_ns"": 1.0, ""completed_actions"": 128, ""component"": ""vector"", ""dynamic_features"": {""control.frontend_issue"": 0.0, ""hbm.byte"": 0.0, ""hbm.dma_issue"": 0.0, ""hbm.line"": 0.0, ""matrix.active_mac_bit_product"": 0.0, ""matrix.matrix_vector_bit_product"": 0.0, ""matrix.output_bit"": 0.0, ""scalar.fp_add_sub_move_bit"": 0.0, ""scalar.fp_multiply_bit2"": 0.0, ""scalar.fp_sfu_bit2"": 0.0, ""scalar.integer_alu_bit"": 0.0, ""scalar.register_access_bit"": 0.0, ""vector.lane_add_sub_bit"": 14208.0, ""vector.lane_movement_bit"": 6912.0, ""vector.lane_multiply_bit2"": 170496.0, ""vector.lane_sfu_bit2"": 82944.0, ""vector.reduction_node_bit"": 6696.0}, ""measurement_cycles"": 4096, ""measurement_end_ns"": 4104.0, ""measurement_start_ns"": 8.0, ""params"": {""VLEN"": 32, ""V_FP_EXP_WIDTH"": 6, ""V_FP_MANT_WIDTH"": 5}, ""pattern"": ""mixed-kernel-holdout"", ""requested_actions"": 128, ""schema_version"": 1, ""seed"": 20260722}",20708.775644,0,0,1,,9.393,415496,d218114f84ad194d2225f655b5678ddbb1666be45a861085181bb0086f9c2285,8.0,4104.0,4096,128,128,gzip_validation,2026-07-22T20:45:56.548722+00:00,2026-07-22T20:47:03.112844+00:00,66.686,1538120,,23152,23152,100.0,partial_noncritical,/home/yh3525/FYP/PLENA_Simulator/Workspace/area_new_power_calibration/runs/full_rtl_activity_v1_20260722_193606/reports/power_vector_7353e6d19e0d/mixed_holdout_128/power.saif_map.rpt,/home/yh3525/FYP/PLENA_Simulator/Workspace/area_new_power_calibration/runs/full_rtl_activity_v1_20260722_193606/reports/power_vector_7353e6d19e0d/mixed_holdout_128/power.coverage.rpt,/home/yh3525/FYP/PLENA_Simulator/Workspace/area_new_power_calibration/runs/full_rtl_activity_v1_20260722_193606/reports/power_vector_7353e6d19e0d/mixed_holdout_128/verilator_saif.namemap,0,,unsupported_by_dc_2024_09
power_vector_v32_e6m5,power_vector_7353e6d19e0d,vector,qwen_128,representative-qwen,128,complete,4096.0,0.3117989,28.1984,28.5102,0.019330200000000002,116777.7792,,/home/yh3525/FYP/PLENA_Simulator/Workspace/area_new_power_calibration/runs/full_rtl_activity_v1_20260722_193606/activity/power_vector_7353e6d19e0d/qwen_128.vcd.gz,/home/yh3525/FYP/PLENA_Simulator/Workspace/area_new_power_calibration/runs/full_rtl_activity_v1_20260722_193606/reports/power_vector_7353e6d19e0d/qwen_128/power.rpt,/home/yh3525/FYP/PLENA_Simulator/Workspace/area_new_power_calibration/runs/full_rtl_activity_v1_20260722_193606/reports/power_vector_7353e6d19e0d/qwen_128/dc_power.log,rtl_vcd_mapped_dc,"{""accepted_actions"": 128, ""activity_fingerprint"": ""d218114f84ad194d2225f655b5678ddbb1666be45a861085181bb0086f9c2285"", ""clock_features"": {""control_hbm"": 0.0, ""matrix_pe"": 0.0, ""scalar_machine"": 0.0, ""vector_lane"": 131072.0}, ""clock_period_ns"": 1.0, ""completed_actions"": 128, ""component"": ""vector"", ""dynamic_features"": {""control.frontend_issue"": 0.0, ""hbm.byte"": 0.0, ""hbm.dma_issue"": 0.0, ""hbm.line"": 0.0, ""matrix.active_mac_bit_product"": 0.0, ""matrix.matrix_vector_bit_product"": 0.0, ""matrix.output_bit"": 0.0, ""scalar.fp_add_sub_move_bit"": 0.0, ""scalar.fp_multiply_bit2"": 0.0, ""scalar.fp_sfu_bit2"": 0.0, ""scalar.integer_alu_bit"": 0.0, ""scalar.register_access_bit"": 0.0, ""vector.lane_add_sub_bit"": 19584.0, ""vector.lane_movement_bit"": 9600.0, ""vector.lane_multiply_bit2"": 119808.0, ""vector.lane_sfu_bit2"": 0.0, ""vector.reduction_node_bit"": 9672.0}, ""measurement_cycles"": 4096, ""measurement_end_ns"": 4104.0, ""measurement_start_ns"": 8.0, ""params"": {""VLEN"": 32, ""V_FP_EXP_WIDTH"": 6, ""V_FP_MANT_WIDTH"": 5}, ""pattern"": ""representative-qwen"", ""requested_actions"": 128, ""schema_version"": 1, ""seed"": 20260722}",20708.775644,0,0,1,,9.27,415472,d218114f84ad194d2225f655b5678ddbb1666be45a861085181bb0086f9c2285,8.0,4104.0,4096,128,128,gzip_validation,2026-07-22T20:45:47.086041+00:00,2026-07-22T20:46:49.356032+00:00,62.389,1539668,,23152,23152,100.0,partial_noncritical,/home/yh3525/FYP/PLENA_Simulator/Workspace/area_new_power_calibration/runs/full_rtl_activity_v1_20260722_193606/reports/power_vector_7353e6d19e0d/qwen_128/power.saif_map.rpt,/home/yh3525/FYP/PLENA_Simulator/Workspace/area_new_power_calibration/runs/full_rtl_activity_v1_20260722_193606/reports/power_vector_7353e6d19e0d/qwen_128/power.coverage.rpt,/home/yh3525/FYP/PLENA_Simulator/Workspace/area_new_power_calibration/runs/full_rtl_activity_v1_20260722_193606/reports/power_vector_7353e6d19e0d/qwen_128/verilator_saif.namemap,0,,unsupported_by_dc_2024_09
power_vector_v32_e6m5,power_vector_7353e6d19e0d,vector,random_128,random,128,complete,4096.0,0.5868943000000001,27.7147,28.3016,0.019401599999999998,115923.3536,,/home/yh3525/FYP/PLENA_Simulator/Workspace/area_new_power_calibration/runs/full_rtl_activity_v1_20260722_193606/activity/power_vector_7353e6d19e0d/random_128.vcd,/home/yh3525/FYP/PLENA_Simulator/Workspace/area_new_power_calibration/runs/full_rtl_activity_v1_20260722_193606/reports/power_vector_7353e6d19e0d/random_128/power.rpt,/home/yh3525/FYP/PLENA_Simulator/Workspace/area_new_power_calibration/runs/full_rtl_activity_v1_20260722_193606/reports/power_vector_7353e6d19e0d/random_128/dc_power.log,rtl_vcd_mapped_dc,"{""accepted_actions"": 128, ""activity_fingerprint"": ""d0fd7baf92cd54cb8b6adf2e4e957c43f7763b3e74a8384179ca25b4dab91bc1"", ""clock_features"": {""control_hbm"": 0.0, ""matrix_pe"": 0.0, ""scalar_machine"": 0.0, ""vector_lane"": 131072.0}, ""clock_period_ns"": 1.0, ""completed_actions"": 128, ""component"": ""vector"", ""dynamic_features"": {""control.frontend_issue"": 0.0, ""hbm.byte"": 0.0, ""hbm.dma_issue"": 0.0, ""hbm.line"": 0.0, ""matrix.active_mac_bit_product"": 0.0, ""matrix.matrix_vector_bit_product"": 0.0, ""matrix.output_bit"": 0.0, ""scalar.fp_add_sub_move_bit"": 0.0, ""scalar.fp_multiply_bit2"": 0.0, ""scalar.fp_sfu_bit2"": 0.0, ""scalar.integer_alu_bit"": 0.0, ""scalar.register_access_bit"": 0.0, ""vector.lane_add_sub_bit"": 9984.0, ""vector.lane_movement_bit"": 9600.0, ""vector.lane_multiply_bit2"": 119808.0, ""vector.lane_sfu_bit2"": 119808.0, ""vector.reduction_node_bit"": 9300.0}, ""measurement_cycles"": 4096, ""measurement_end_ns"": 4104.0, ""measurement_start_ns"": 8.0, ""params"": {""VLEN"": 32, ""V_FP_EXP_WIDTH"": 6, ""V_FP_MANT_WIDTH"": 5}, ""pattern"": ""random"", ""requested_actions"": 128, ""schema_version"": 1, ""seed"": 20260722}",20708.775644,0,0,1,,13.465,415436,d0fd7baf92cd54cb8b6adf2e4e957c43f7763b3e74a8384179ca25b4dab91bc1,8.0,4104.0,4096,128,128,hash_sidecar_only,2026-07-22T22:00:07.853873+00:00,2026-07-22T22:01:22.979282+00:00,75.247,1539728,,23152,23152,100.0,partial_noncritical,/home/yh3525/FYP/PLENA_Simulator/Workspace/area_new_power_calibration/runs/full_rtl_activity_v1_20260722_193606/reports/power_vector_7353e6d19e0d/random_128/power.saif_map.rpt,/home/yh3525/FYP/PLENA_Simulator/Workspace/area_new_power_calibration/runs/full_rtl_activity_v1_20260722_193606/reports/power_vector_7353e6d19e0d/random_128/power.coverage.rpt,/home/yh3525/FYP/PLENA_Simulator/Workspace/area_new_power_calibration/runs/full_rtl_activity_v1_20260722_193606/reports/power_vector_7353e6d19e0d/random_128/verilator_saif.namemap,0,0,unsupported_by_dc_2024_09
power_vector_v32_e6m5,power_vector_7353e6d19e0d,vector,random_32,random,32,complete,1024.0,0.591486,27.7474,28.3389,0.019400200000000003,29019.0336,,/home/yh3525/FYP/PLENA_Simulator/Workspace/area_new_power_calibration/runs/full_rtl_activity_v1_20260722_193606/activity/power_vector_7353e6d19e0d/random_32.vcd,/home/yh3525/FYP/PLENA_Simulator/Workspace/area_new_power_calibration/runs/full_rtl_activity_v1_20260722_193606/reports/power_vector_7353e6d19e0d/random_32/power.rpt,/home/yh3525/FYP/PLENA_Simulator/Workspace/area_new_power_calibration/runs/full_rtl_activity_v1_20260722_193606/reports/power_vector_7353e6d19e0d/random_32/dc_power.log,rtl_vcd_mapped_dc,"{""accepted_actions"": 32, ""activity_fingerprint"": ""d0fd7baf92cd54cb8b6adf2e4e957c43f7763b3e74a8384179ca25b4dab91bc1"", ""clock_features"": {""control_hbm"": 0.0, ""matrix_pe"": 0.0, ""scalar_machine"": 0.0, ""vector_lane"": 32768.0}, ""clock_period_ns"": 1.0, ""completed_actions"": 32, ""component"": ""vector"", ""dynamic_features"": {""control.frontend_issue"": 0.0, ""hbm.byte"": 0.0, ""hbm.dma_issue"": 0.0, ""hbm.line"": 0.0, ""matrix.active_mac_bit_product"": 0.0, ""matrix.matrix_vector_bit_product"": 0.0, ""matrix.output_bit"": 0.0, ""scalar.fp_add_sub_move_bit"": 0.0, ""scalar.fp_multiply_bit2"": 0.0, ""scalar.fp_sfu_bit2"": 0.0, ""scalar.integer_alu_bit"": 0.0, ""scalar.register_access_bit"": 0.0, ""vector.lane_add_sub_bit"": 2688.0, ""vector.lane_movement_bit"": 2304.0, ""vector.lane_multiply_bit2"": 32256.0, ""vector.lane_sfu_bit2"": 27648.0, ""vector.reduction_node_bit"": 2232.0}, ""measurement_cycles"": 1024, ""measurement_end_ns"": 1032.0, ""measurement_start_ns"": 8.0, ""params"": {""VLEN"": 32, ""V_FP_EXP_WIDTH"": 6, ""V_FP_MANT_WIDTH"": 5}, ""pattern"": ""random"", ""requested_actions"": 32, ""schema_version"": 1, ""seed"": 20260722}",20708.775644,0,0,1,,113.266,823632,d0fd7baf92cd54cb8b6adf2e4e957c43f7763b3e74a8384179ca25b4dab91bc1,8.0,1032.0,1024,32,32,hash_sidecar_only,2026-07-22T21:59:54.311798+00:00,2026-07-22T22:01:08.927294+00:00,74.729,1539604,,23152,23152,100.0,partial_noncritical,/home/yh3525/FYP/PLENA_Simulator/Workspace/area_new_power_calibration/runs/full_rtl_activity_v1_20260722_193606/reports/power_vector_7353e6d19e0d/random_32/power.saif_map.rpt,/home/yh3525/FYP/PLENA_Simulator/Workspace/area_new_power_calibration/runs/full_rtl_activity_v1_20260722_193606/reports/power_vector_7353e6d19e0d/random_32/power.coverage.rpt,/home/yh3525/FYP/PLENA_Simulator/Workspace/area_new_power_calibration/runs/full_rtl_activity_v1_20260722_193606/reports/power_vector_7353e6d19e0d/random_32/verilator_saif.namemap,0,0,unsupported_by_dc_2024_09
power_vector_v32_e6m5,power_vector_7353e6d19e0d,vector,random_512,random,512,complete,16384.0,0.5835906,27.7038,28.2874,0.0194032,463460.7616,,/home/yh3525/FYP/PLENA_Simulator/Workspace/area_new_power_calibration/runs/full_rtl_activity_v1_20260722_193606/activity/power_vector_7353e6d19e0d/random_512.vcd,/home/yh3525/FYP/PLENA_Simulator/Workspace/area_new_power_calibration/runs/full_rtl_activity_v1_20260722_193606/reports/power_vector_7353e6d19e0d/random_512/power.rpt,/home/yh3525/FYP/PLENA_Simulator/Workspace/area_new_power_calibration/runs/full_rtl_activity_v1_20260722_193606/reports/power_vector_7353e6d19e0d/random_512/dc_power.log,rtl_vcd_mapped_dc,"{""accepted_actions"": 512, ""activity_fingerprint"": ""d0fd7baf92cd54cb8b6adf2e4e957c43f7763b3e74a8384179ca25b4dab91bc1"", ""clock_features"": {""control_hbm"": 0.0, ""matrix_pe"": 0.0, ""scalar_machine"": 0.0, ""vector_lane"": 524288.0}, ""clock_period_ns"": 1.0, ""completed_actions"": 512, ""component"": ""vector"", ""dynamic_features"": {""control.frontend_issue"": 0.0, ""hbm.byte"": 0.0, ""hbm.dma_issue"": 0.0, ""hbm.line"": 0.0, ""matrix.active_mac_bit_product"": 0.0, ""matrix.matrix_vector_bit_product"": 0.0, ""matrix.output_bit"": 0.0, ""scalar.fp_add_sub_move_bit"": 0.0, ""scalar.fp_multiply_bit2"": 0.0, ""scalar.fp_sfu_bit2"": 0.0, ""scalar.integer_alu_bit"": 0.0, ""scalar.register_access_bit"": 0.0, ""vector.lane_add_sub_bit"": 39552.0, ""vector.lane_movement_bit"": 39168.0, ""vector.lane_multiply_bit2"": 474624.0, ""vector.lane_sfu_bit2"": 470016.0, ""vector.reduction_node_bit"": 37944.0}, ""measurement_cycles"": 16384, ""measurement_end_ns"": 16392.0, ""measurement_start_ns"": 8.0, ""params"": {""VLEN"": 32, ""V_FP_EXP_WIDTH"": 6, ""V_FP_MANT_WIDTH"": 5}, ""pattern"": ""random"", ""requested_actions"": 512, ""schema_version"": 1, ""seed"": 20260722}",20708.775644,0,0,1,,26.336,415724,d0fd7baf92cd54cb8b6adf2e4e957c43f7763b3e74a8384179ca25b4dab91bc1,8.0,16392.0,16384,512,512,hash_sidecar_only,2026-07-22T22:00:34.437393+00:00,2026-07-22T22:01:59.765446+00:00,85.445,1538080,,23152,23152,100.0,partial_noncritical,/home/yh3525/FYP/PLENA_Simulator/Workspace/area_new_power_calibration/runs/full_rtl_activity_v1_20260722_193606/reports/power_vector_7353e6d19e0d/random_512/power.saif_map.rpt,/home/yh3525/FYP/PLENA_Simulator/Workspace/area_new_power_calibration/runs/full_rtl_activity_v1_20260722_193606/reports/power_vector_7353e6d19e0d/random_512/power.coverage.rpt,/home/yh3525/FYP/PLENA_Simulator/Workspace/area_new_power_calibration/runs/full_rtl_activity_v1_20260722_193606/reports/power_vector_7353e6d19e0d/random_512/verilator_saif.namemap,0,0,unsupported_by_dc_2024_09
power_vector_v32_e8m7,power_vector_95d112fec774,vector,idle_128,idle,128,complete,4096.0,4.83174e-05,36.068,36.068,0.0280891,147734.528,,/home/yh3525/FYP/PLENA_Simulator/Workspace/area_new_power_calibration/runs/full_rtl_activity_v1_20260722_193606/activity/power_vector_95d112fec774/idle_128.vcd.gz,/home/yh3525/FYP/PLENA_Simulator/Workspace/area_new_power_calibration/runs/full_rtl_activity_v1_20260722_193606/reports/power_vector_95d112fec774/idle_128/power.rpt,/home/yh3525/FYP/PLENA_Simulator/Workspace/area_new_power_calibration/runs/full_rtl_activity_v1_20260722_193606/reports/power_vector_95d112fec774/idle_128/dc_power.log,rtl_vcd_mapped_dc,"{""accepted_actions"": 0, ""activity_fingerprint"": ""bc47142904fe9edd13a05ea6e896fd88afa69346f820685bd7021ea0672df718"", ""clock_features"": {""control_hbm"": 0.0, ""matrix_pe"": 0.0, ""scalar_machine"": 0.0, ""vector_lane"": 131072.0}, ""clock_period_ns"": 1.0, ""completed_actions"": 0, ""component"": ""vector"", ""dynamic_features"": {""control.frontend_issue"": 0.0, ""hbm.byte"": 0.0, ""hbm.dma_issue"": 0.0, ""hbm.line"": 0.0, ""matrix.active_mac_bit_product"": 0.0, ""matrix.matrix_vector_bit_product"": 0.0, ""matrix.output_bit"": 0.0, ""scalar.fp_add_sub_move_bit"": 0.0, ""scalar.fp_multiply_bit2"": 0.0, ""scalar.fp_sfu_bit2"": 0.0, ""scalar.integer_alu_bit"": 0.0, ""scalar.register_access_bit"": 0.0, ""vector.lane_add_sub_bit"": 0.0, ""vector.lane_movement_bit"": 0.0, ""vector.lane_multiply_bit2"": 0.0, ""vector.lane_sfu_bit2"": 0.0, ""vector.reduction_node_bit"": 0.0}, ""measurement_cycles"": 4096, ""measurement_end_ns"": 4104.0, ""measurement_start_ns"": 8.0, ""params"": {""VLEN"": 32, ""V_FP_EXP_WIDTH"": 8, ""V_FP_MANT_WIDTH"": 7}, ""pattern"": ""idle"", ""requested_actions"": 128, ""schema_version"": 1, ""seed"": 20260722}",30446.422241,1,0,1,,10.12,415104,bc47142904fe9edd13a05ea6e896fd88afa69346f820685bd7021ea0672df718,8.0,4104.0,4096,0,0,gzip_validation,2026-07-22T21:31:35.039457+00:00,2026-07-22T21:32:56.121015+00:00,81.236,1792624,,29552,29552,100.0,partial_noncritical,/home/yh3525/FYP/PLENA_Simulator/Workspace/area_new_power_calibration/runs/full_rtl_activity_v1_20260722_193606/reports/power_vector_95d112fec774/idle_128/power.saif_map.rpt,/home/yh3525/FYP/PLENA_Simulator/Workspace/area_new_power_calibration/runs/full_rtl_activity_v1_20260722_193606/reports/power_vector_95d112fec774/idle_128/power.coverage.rpt,/home/yh3525/FYP/PLENA_Simulator/Workspace/area_new_power_calibration/runs/full_rtl_activity_v1_20260722_193606/reports/power_vector_95d112fec774/idle_128/verilator_saif.namemap,0,,unsupported_by_dc_2024_09
power_vector_v32_e8m7,power_vector_95d112fec774,vector,idle_32,idle,32,complete,1024.0,0.0001925044,36.0684,36.0686,0.0280891,36934.2464,,/home/yh3525/FYP/PLENA_Simulator/Workspace/area_new_power_calibration/runs/full_rtl_activity_v1_20260722_193606/activity/power_vector_95d112fec774/idle_32.vcd.gz,/home/yh3525/FYP/PLENA_Simulator/Workspace/area_new_power_calibration/runs/full_rtl_activity_v1_20260722_193606/reports/power_vector_95d112fec774/idle_32/power.rpt,/home/yh3525/FYP/PLENA_Simulator/Workspace/area_new_power_calibration/runs/full_rtl_activity_v1_20260722_193606/reports/power_vector_95d112fec774/idle_32/dc_power.log,rtl_vcd_mapped_dc,"{""accepted_actions"": 0, ""activity_fingerprint"": ""bc47142904fe9edd13a05ea6e896fd88afa69346f820685bd7021ea0672df718"", ""clock_features"": {""control_hbm"": 0.0, ""matrix_pe"": 0.0, ""scalar_machine"": 0.0, ""vector_lane"": 32768.0}, ""clock_period_ns"": 1.0, ""completed_actions"": 0, ""component"": ""vector"", ""dynamic_features"": {""control.frontend_issue"": 0.0, ""hbm.byte"": 0.0, ""hbm.dma_issue"": 0.0, ""hbm.line"": 0.0, ""matrix.active_mac_bit_product"": 0.0, ""matrix.matrix_vector_bit_product"": 0.0, ""matrix.output_bit"": 0.0, ""scalar.fp_add_sub_move_bit"": 0.0, ""scalar.fp_multiply_bit2"": 0.0, ""scalar.fp_sfu_bit2"": 0.0, ""scalar.integer_alu_bit"": 0.0, ""scalar.register_access_bit"": 0.0, ""vector.lane_add_sub_bit"": 0.0, ""vector.lane_movement_bit"": 0.0, ""vector.lane_multiply_bit2"": 0.0, ""vector.lane_sfu_bit2"": 0.0, ""vector.reduction_node_bit"": 0.0}, ""measurement_cycles"": 1024, ""measurement_end_ns"": 1032.0, ""measurement_start_ns"": 8.0, ""params"": {""VLEN"": 32, ""V_FP_EXP_WIDTH"": 8, ""V_FP_MANT_WIDTH"": 7}, ""pattern"": ""idle"", ""requested_actions"": 32, ""schema_version"": 1, ""seed"": 20260722}",30446.422241,1,0,1,,117.888,823632,bc47142904fe9edd13a05ea6e896fd88afa69346f820685bd7021ea0672df718,8.0,1032.0,1024,0,0,gzip_validation,2026-07-22T21:31:18.632804+00:00,2026-07-22T21:32:42.855841+00:00,84.378,1789036,,29552,29552,100.0,partial_noncritical,/home/yh3525/FYP/PLENA_Simulator/Workspace/area_new_power_calibration/runs/full_rtl_activity_v1_20260722_193606/reports/power_vector_95d112fec774/idle_32/power.saif_map.rpt,/home/yh3525/FYP/PLENA_Simulator/Workspace/area_new_power_calibration/runs/full_rtl_activity_v1_20260722_193606/reports/power_vector_95d112fec774/idle_32/power.coverage.rpt,/home/yh3525/FYP/PLENA_Simulator/Workspace/area_new_power_calibration/runs/full_rtl_activity_v1_20260722_193606/reports/power_vector_95d112fec774/idle_32/verilator_saif.namemap,0,,unsupported_by_dc_2024_09
power_vector_v32_e8m7,power_vector_95d112fec774,vector,idle_512,idle,512,complete,16384.0,1.2176999999999999e-05,36.0679,36.0679,0.0280891,590936.4736,,/home/yh3525/FYP/PLENA_Simulator/Workspace/area_new_power_calibration/runs/full_rtl_activity_v1_20260722_193606/activity/power_vector_95d112fec774/idle_512.vcd.gz,/home/yh3525/FYP/PLENA_Simulator/Workspace/area_new_power_calibration/runs/full_rtl_activity_v1_20260722_193606/reports/power_vector_95d112fec774/idle_512/power.rpt,/home/yh3525/FYP/PLENA_Simulator/Workspace/area_new_power_calibration/runs/full_rtl_activity_v1_20260722_193606/reports/power_vector_95d112fec774/idle_512/dc_power.log,rtl_vcd_mapped_dc,"{""accepted_actions"": 0, ""activity_fingerprint"": ""bc47142904fe9edd13a05ea6e896fd88afa69346f820685bd7021ea0672df718"", ""clock_features"": {""control_hbm"": 0.0, ""matrix_pe"": 0.0, ""scalar_machine"": 0.0, ""vector_lane"": 524288.0}, ""clock_period_ns"": 1.0, ""completed_actions"": 0, ""component"": ""vector"", ""dynamic_features"": {""control.frontend_issue"": 0.0, ""hbm.byte"": 0.0, ""hbm.dma_issue"": 0.0, ""hbm.line"": 0.0, ""matrix.active_mac_bit_product"": 0.0, ""matrix.matrix_vector_bit_product"": 0.0, ""matrix.output_bit"": 0.0, ""scalar.fp_add_sub_move_bit"": 0.0, ""scalar.fp_multiply_bit2"": 0.0, ""scalar.fp_sfu_bit2"": 0.0, ""scalar.integer_alu_bit"": 0.0, ""scalar.register_access_bit"": 0.0, ""vector.lane_add_sub_bit"": 0.0, ""vector.lane_movement_bit"": 0.0, ""vector.lane_multiply_bit2"": 0.0, ""vector.lane_sfu_bit2"": 0.0, ""vector.reduction_node_bit"": 0.0}, ""measurement_cycles"": 16384, ""measurement_end_ns"": 16392.0, ""measurement_start_ns"": 8.0, ""params"": {""VLEN"": 32, ""V_FP_EXP_WIDTH"": 8, ""V_FP_MANT_WIDTH"": 7}, ""pattern"": ""idle"", ""requested_actions"": 512, ""schema_version"": 1, ""seed"": 20260722}",30446.422241,1,0,1,,24.089,415708,bc47142904fe9edd13a05ea6e896fd88afa69346f820685bd7021ea0672df718,8.0,16392.0,16384,0,0,gzip_validation,2026-07-22T21:32:08.951252+00:00,2026-07-22T21:33:33.965730+00:00,85.168,1792088,,29552,29552,100.0,partial_noncritical,/home/yh3525/FYP/PLENA_Simulator/Workspace/area_new_power_calibration/runs/full_rtl_activity_v1_20260722_193606/reports/power_vector_95d112fec774/idle_512/power.saif_map.rpt,/home/yh3525/FYP/PLENA_Simulator/Workspace/area_new_power_calibration/runs/full_rtl_activity_v1_20260722_193606/reports/power_vector_95d112fec774/idle_512/power.coverage.rpt,/home/yh3525/FYP/PLENA_Simulator/Workspace/area_new_power_calibration/runs/full_rtl_activity_v1_20260722_193606/reports/power_vector_95d112fec774/idle_512/verilator_saif.namemap,0,,unsupported_by_dc_2024_09
power_vector_v32_e8m7,power_vector_95d112fec774,vector,low_toggle_128,low-toggle,128,complete,4096.0,0.2158747,36.0037,36.2196,0.0282521,148355.4816,,/home/yh3525/FYP/PLENA_Simulator/Workspace/area_new_power_calibration/runs/full_rtl_activity_v1_20260722_193606/activity/power_vector_95d112fec774/low_toggle_128.vcd.gz,/home/yh3525/FYP/PLENA_Simulator/Workspace/area_new_power_calibration/runs/full_rtl_activity_v1_20260722_193606/reports/power_vector_95d112fec774/low_toggle_128/power.rpt,/home/yh3525/FYP/PLENA_Simulator/Workspace/area_new_power_calibration/runs/full_rtl_activity_v1_20260722_193606/reports/power_vector_95d112fec774/low_toggle_128/dc_power.log,rtl_vcd_mapped_dc,"{""accepted_actions"": 128, ""activity_fingerprint"": ""bc47142904fe9edd13a05ea6e896fd88afa69346f820685bd7021ea0672df718"", ""clock_features"": {""control_hbm"": 0.0, ""matrix_pe"": 0.0, ""scalar_machine"": 0.0, ""vector_lane"": 131072.0}, ""clock_period_ns"": 1.0, ""completed_actions"": 128, ""component"": ""vector"", ""dynamic_features"": {""control.frontend_issue"": 0.0, ""hbm.byte"": 0.0, ""hbm.dma_issue"": 0.0, ""hbm.line"": 0.0, ""matrix.active_mac_bit_product"": 0.0, ""matrix.matrix_vector_bit_product"": 0.0, ""matrix.output_bit"": 0.0, ""scalar.fp_add_sub_move_bit"": 0.0, ""scalar.fp_multiply_bit2"": 0.0, ""scalar.fp_sfu_bit2"": 0.0, ""scalar.integer_alu_bit"": 0.0, ""scalar.register_access_bit"": 0.0, ""vector.lane_add_sub_bit"": 16384.0, ""vector.lane_movement_bit"": 32768.0, ""vector.lane_multiply_bit2"": 0.0, ""vector.lane_sfu_bit2"": 0.0, ""vector.reduction_node_bit"": 15872.0}, ""measurement_cycles"": 4096, ""measurement_end_ns"": 4104.0, ""measurement_start_ns"": 8.0, ""params"": {""VLEN"": 32, ""V_FP_EXP_WIDTH"": 8, ""V_FP_MANT_WIDTH"": 7}, ""pattern"": ""low-toggle"", ""requested_actions"": 128, ""schema_version"": 1, ""seed"": 20260722}",30446.422241,1,0,1,,10.046,416220,bc47142904fe9edd13a05ea6e896fd88afa69346f820685bd7021ea0672df718,8.0,4104.0,4096,128,128,gzip_validation,2026-07-22T21:32:42.771553+00:00,2026-07-22T21:34:10.186054+00:00,87.571,1790496,,29552,29552,100.0,partial_noncritical,/home/yh3525/FYP/PLENA_Simulator/Workspace/area_new_power_calibration/runs/full_rtl_activity_v1_20260722_193606/reports/power_vector_95d112fec774/low_toggle_128/power.saif_map.rpt,/home/yh3525/FYP/PLENA_Simulator/Workspace/area_new_power_calibration/runs/full_rtl_activity_v1_20260722_193606/reports/power_vector_95d112fec774/low_toggle_128/power.coverage.rpt,/home/yh3525/FYP/PLENA_Simulator/Workspace/area_new_power_calibration/runs/full_rtl_activity_v1_20260722_193606/reports/power_vector_95d112fec774/low_toggle_128/verilator_saif.namemap,0,,unsupported_by_dc_2024_09
power_vector_v32_e8m7,power_vector_95d112fec774,vector,mixed_holdout_128,mixed-kernel-holdout,128,complete,4096.0,0.8288253999999999,35.5421,36.3709,0.028551100000000003,148975.2064,,/home/yh3525/FYP/PLENA_Simulator/Workspace/area_new_power_calibration/runs/full_rtl_activity_v1_20260722_193606/activity/power_vector_95d112fec774/mixed_holdout_128.vcd.gz,/home/yh3525/FYP/PLENA_Simulator/Workspace/area_new_power_calibration/runs/full_rtl_activity_v1_20260722_193606/reports/power_vector_95d112fec774/mixed_holdout_128/power.rpt,/home/yh3525/FYP/PLENA_Simulator/Workspace/area_new_power_calibration/runs/full_rtl_activity_v1_20260722_193606/reports/power_vector_95d112fec774/mixed_holdout_128/dc_power.log,rtl_vcd_mapped_dc,"{""accepted_actions"": 128, ""activity_fingerprint"": ""bc47142904fe9edd13a05ea6e896fd88afa69346f820685bd7021ea0672df718"", ""clock_features"": {""control_hbm"": 0.0, ""matrix_pe"": 0.0, ""scalar_machine"": 0.0, ""vector_lane"": 131072.0}, ""clock_period_ns"": 1.0, ""completed_actions"": 128, ""component"": ""vector"", ""dynamic_features"": {""control.frontend_issue"": 0.0, ""hbm.byte"": 0.0, ""hbm.dma_issue"": 0.0, ""hbm.line"": 0.0, ""matrix.active_mac_bit_product"": 0.0, ""matrix.matrix_vector_bit_product"": 0.0, ""matrix.output_bit"": 0.0, ""scalar.fp_add_sub_move_bit"": 0.0, ""scalar.fp_multiply_bit2"": 0.0, ""scalar.fp_sfu_bit2"": 0.0, ""scalar.integer_alu_bit"": 0.0, ""scalar.register_access_bit"": 0.0, ""vector.lane_add_sub_bit"": 18944.0, ""vector.lane_movement_bit"": 9216.0, ""vector.lane_multiply_bit2"": 303104.0, ""vector.lane_sfu_bit2"": 147456.0, ""vector.reduction_node_bit"": 8928.0}, ""measurement_cycles"": 4096, ""measurement_end_ns"": 4104.0, ""measurement_start_ns"": 8.0, ""params"": {""VLEN"": 32, ""V_FP_EXP_WIDTH"": 8, ""V_FP_MANT_WIDTH"": 7}, ""pattern"": ""mixed-kernel-holdout"", ""requested_actions"": 128, ""schema_version"": 1, ""seed"": 20260722}",30446.422241,1,0,1,,9.713,415524,bc47142904fe9edd13a05ea6e896fd88afa69346f820685bd7021ea0672df718,8.0,4104.0,4096,128,128,gzip_validation,2026-07-22T21:33:02.294417+00:00,2026-07-22T21:34:37.330511+00:00,95.178,1789992,,29552,29552,100.0,partial_noncritical,/home/yh3525/FYP/PLENA_Simulator/Workspace/area_new_power_calibration/runs/full_rtl_activity_v1_20260722_193606/reports/power_vector_95d112fec774/mixed_holdout_128/power.saif_map.rpt,/home/yh3525/FYP/PLENA_Simulator/Workspace/area_new_power_calibration/runs/full_rtl_activity_v1_20260722_193606/reports/power_vector_95d112fec774/mixed_holdout_128/power.coverage.rpt,/home/yh3525/FYP/PLENA_Simulator/Workspace/area_new_power_calibration/runs/full_rtl_activity_v1_20260722_193606/reports/power_vector_95d112fec774/mixed_holdout_128/verilator_saif.namemap,0,,unsupported_by_dc_2024_09
power_vector_v32_e8m7,power_vector_95d112fec774,vector,qwen_128,representative-qwen,128,complete,4096.0,0.7231772999999999,35.9426,36.6658,0.0285705,150183.1168,,/home/yh3525/FYP/PLENA_Simulator/Workspace/area_new_power_calibration/runs/full_rtl_activity_v1_20260722_193606/activity/power_vector_95d112fec774/qwen_128.vcd.gz,/home/yh3525/FYP/PLENA_Simulator/Workspace/area_new_power_calibration/runs/full_rtl_activity_v1_20260722_193606/reports/power_vector_95d112fec774/qwen_128/power.rpt,/home/yh3525/FYP/PLENA_Simulator/Workspace/area_new_power_calibration/runs/full_rtl_activity_v1_20260722_193606/reports/power_vector_95d112fec774/qwen_128/dc_power.log,rtl_vcd_mapped_dc,"{""accepted_actions"": 128, ""activity_fingerprint"": ""bc47142904fe9edd13a05ea6e896fd88afa69346f820685bd7021ea0672df718"", ""clock_features"": {""control_hbm"": 0.0, ""matrix_pe"": 0.0, ""scalar_machine"": 0.0, ""vector_lane"": 131072.0}, ""clock_period_ns"": 1.0, ""completed_actions"": 128, ""component"": ""vector"", ""dynamic_features"": {""control.frontend_issue"": 0.0, ""hbm.byte"": 0.0, ""hbm.dma_issue"": 0.0, ""hbm.line"": 0.0, ""matrix.active_mac_bit_product"": 0.0, ""matrix.matrix_vector_bit_product"": 0.0, ""matrix.output_bit"": 0.0, ""scalar.fp_add_sub_move_bit"": 0.0, ""scalar.fp_multiply_bit2"": 0.0, ""scalar.fp_sfu_bit2"": 0.0, ""scalar.integer_alu_bit"": 0.0, ""scalar.register_access_bit"": 0.0, ""vector.lane_add_sub_bit"": 26112.0, ""vector.lane_movement_bit"": 12800.0, ""vector.lane_multiply_bit2"": 212992.0, ""vector.lane_sfu_bit2"": 0.0, ""vector.reduction_node_bit"": 12896.0}, ""measurement_cycles"": 4096, ""measurement_end_ns"": 4104.0, ""measurement_start_ns"": 8.0, ""params"": {""VLEN"": 32, ""V_FP_EXP_WIDTH"": 8, ""V_FP_MANT_WIDTH"": 7}, ""pattern"": ""representative-qwen"", ""requested_actions"": 128, ""schema_version"": 1, ""seed"": 20260722}",30446.422241,1,0,1,,9.668,415540,bc47142904fe9edd13a05ea6e896fd88afa69346f820685bd7021ea0672df718,8.0,4104.0,4096,128,128,gzip_validation,2026-07-22T21:32:52.496513+00:00,2026-07-22T21:34:26.803599+00:00,94.448,1791104,,29552,29552,100.0,partial_noncritical,/home/yh3525/FYP/PLENA_Simulator/Workspace/area_new_power_calibration/runs/full_rtl_activity_v1_20260722_193606/reports/power_vector_95d112fec774/qwen_128/power.saif_map.rpt,/home/yh3525/FYP/PLENA_Simulator/Workspace/area_new_power_calibration/runs/full_rtl_activity_v1_20260722_193606/reports/power_vector_95d112fec774/qwen_128/power.coverage.rpt,/home/yh3525/FYP/PLENA_Simulator/Workspace/area_new_power_calibration/runs/full_rtl_activity_v1_20260722_193606/reports/power_vector_95d112fec774/qwen_128/verilator_saif.namemap,0,,unsupported_by_dc_2024_09
power_vector_v32_e8m7,power_vector_95d112fec774,vector,random_128,random,128,complete,4096.0,0.9939960999999999,35.5082,36.5022,0.0286333,149513.0112,,/home/yh3525/FYP/PLENA_Simulator/Workspace/area_new_power_calibration/runs/full_rtl_activity_v1_20260722_193606/activity/power_vector_95d112fec774/random_128.vcd.gz,/home/yh3525/FYP/PLENA_Simulator/Workspace/area_new_power_calibration/runs/full_rtl_activity_v1_20260722_193606/reports/power_vector_95d112fec774/random_128/power.rpt,/home/yh3525/FYP/PLENA_Simulator/Workspace/area_new_power_calibration/runs/full_rtl_activity_v1_20260722_193606/reports/power_vector_95d112fec774/random_128/dc_power.log,rtl_vcd_mapped_dc,"{""accepted_actions"": 128, ""activity_fingerprint"": ""bb69ebc2083b1c55982d7de39f3359fbb8989f75a58a7e5a2fda627998214853"", ""clock_features"": {""control_hbm"": 0.0, ""matrix_pe"": 0.0, ""scalar_machine"": 0.0, ""vector_lane"": 131072.0}, ""clock_period_ns"": 1.0, ""completed_actions"": 128, ""component"": ""vector"", ""dynamic_features"": {""control.frontend_issue"": 0.0, ""hbm.byte"": 0.0, ""hbm.dma_issue"": 0.0, ""hbm.line"": 0.0, ""matrix.active_mac_bit_product"": 0.0, ""matrix.matrix_vector_bit_product"": 0.0, ""matrix.output_bit"": 0.0, ""scalar.fp_add_sub_move_bit"": 0.0, ""scalar.fp_multiply_bit2"": 0.0, ""scalar.fp_sfu_bit2"": 0.0, ""scalar.integer_alu_bit"": 0.0, ""scalar.register_access_bit"": 0.0, ""vector.lane_add_sub_bit"": 13312.0, ""vector.lane_movement_bit"": 12800.0, ""vector.lane_multiply_bit2"": 212992.0, ""vector.lane_sfu_bit2"": 212992.0, ""vector.reduction_node_bit"": 12400.0}, ""measurement_cycles"": 4096, ""measurement_end_ns"": 4104.0, ""measurement_start_ns"": 8.0, ""params"": {""VLEN"": 32, ""V_FP_EXP_WIDTH"": 8, ""V_FP_MANT_WIDTH"": 7}, ""pattern"": ""random"", ""requested_actions"": 128, ""schema_version"": 1, ""seed"": 20260722}",30446.422241,1,0,1,,13.864,415376,bb69ebc2083b1c55982d7de39f3359fbb8989f75a58a7e5a2fda627998214853,8.0,4104.0,4096,128,128,gzip_validation,2026-07-22T22:07:12.292991+00:00,2026-07-22T22:08:58.352324+00:00,106.205,1792156,,29552,29552,100.0,partial_noncritical,/home/yh3525/FYP/PLENA_Simulator/Workspace/area_new_power_calibration/runs/full_rtl_activity_v1_20260722_193606/reports/power_vector_95d112fec774/random_128/power.saif_map.rpt,/home/yh3525/FYP/PLENA_Simulator/Workspace/area_new_power_calibration/runs/full_rtl_activity_v1_20260722_193606/reports/power_vector_95d112fec774/random_128/power.coverage.rpt,/home/yh3525/FYP/PLENA_Simulator/Workspace/area_new_power_calibration/runs/full_rtl_activity_v1_20260722_193606/reports/power_vector_95d112fec774/random_128/verilator_saif.namemap,0,0,unsupported_by_dc_2024_09
power_vector_v32_e8m7,power_vector_95d112fec774,vector,random_32,random,32,complete,1024.0,1.0086,35.5524,36.561,0.028630400000000004,37438.464,,/home/yh3525/FYP/PLENA_Simulator/Workspace/area_new_power_calibration/runs/full_rtl_activity_v1_20260722_193606/activity/power_vector_95d112fec774/random_32.vcd.gz,/home/yh3525/FYP/PLENA_Simulator/Workspace/area_new_power_calibration/runs/full_rtl_activity_v1_20260722_193606/reports/power_vector_95d112fec774/random_32/power.rpt,/home/yh3525/FYP/PLENA_Simulator/Workspace/area_new_power_calibration/runs/full_rtl_activity_v1_20260722_193606/reports/power_vector_95d112fec774/random_32/dc_power.log,rtl_vcd_mapped_dc,"{""accepted_actions"": 32, ""activity_fingerprint"": ""bb69ebc2083b1c55982d7de39f3359fbb8989f75a58a7e5a2fda627998214853"", ""clock_features"": {""control_hbm"": 0.0, ""matrix_pe"": 0.0, ""scalar_machine"": 0.0, ""vector_lane"": 32768.0}, ""clock_period_ns"": 1.0, ""completed_actions"": 32, ""component"": ""vector"", ""dynamic_features"": {""control.frontend_issue"": 0.0, ""hbm.byte"": 0.0, ""hbm.dma_issue"": 0.0, ""hbm.line"": 0.0, ""matrix.active_mac_bit_product"": 0.0, ""matrix.matrix_vector_bit_product"": 0.0, ""matrix.output_bit"": 0.0, ""scalar.fp_add_sub_move_bit"": 0.0, ""scalar.fp_multiply_bit2"": 0.0, ""scalar.fp_sfu_bit2"": 0.0, ""scalar.integer_alu_bit"": 0.0, ""scalar.register_access_bit"": 0.0, ""vector.lane_add_sub_bit"": 3584.0, ""vector.lane_movement_bit"": 3072.0, ""vector.lane_multiply_bit2"": 57344.0, ""vector.lane_sfu_bit2"": 49152.0, ""vector.reduction_node_bit"": 2976.0}, ""measurement_cycles"": 1024, ""measurement_end_ns"": 1032.0, ""measurement_start_ns"": 8.0, ""params"": {""VLEN"": 32, ""V_FP_EXP_WIDTH"": 8, ""V_FP_MANT_WIDTH"": 7}, ""pattern"": ""random"", ""requested_actions"": 32, ""schema_version"": 1, ""seed"": 20260722}",30446.422241,1,0,1,,113.049,824816,bb69ebc2083b1c55982d7de39f3359fbb8989f75a58a7e5a2fda627998214853,8.0,1032.0,1024,32,32,gzip_validation,2026-07-22T22:06:58.126498+00:00,2026-07-22T22:08:42.813200+00:00,104.831,1788956,,29552,29552,100.0,partial_noncritical,/home/yh3525/FYP/PLENA_Simulator/Workspace/area_new_power_calibration/runs/full_rtl_activity_v1_20260722_193606/reports/power_vector_95d112fec774/random_32/power.saif_map.rpt,/home/yh3525/FYP/PLENA_Simulator/Workspace/area_new_power_calibration/runs/full_rtl_activity_v1_20260722_193606/reports/power_vector_95d112fec774/random_32/power.coverage.rpt,/home/yh3525/FYP/PLENA_Simulator/Workspace/area_new_power_calibration/runs/full_rtl_activity_v1_20260722_193606/reports/power_vector_95d112fec774/random_32/verilator_saif.namemap,0,0,unsupported_by_dc_2024_09
power_vector_v32_e8m7,power_vector_95d112fec774,vector,random_512,random,512,complete,16384.0,0.9867098,35.4918,36.4785,0.0286346,597663.744,,/home/yh3525/FYP/PLENA_Simulator/Workspace/area_new_power_calibration/runs/full_rtl_activity_v1_20260722_193606/activity/power_vector_95d112fec774/random_512.vcd.gz,/home/yh3525/FYP/PLENA_Simulator/Workspace/area_new_power_calibration/runs/full_rtl_activity_v1_20260722_193606/reports/power_vector_95d112fec774/random_512/power.rpt,/home/yh3525/FYP/PLENA_Simulator/Workspace/area_new_power_calibration/runs/full_rtl_activity_v1_20260722_193606/reports/power_vector_95d112fec774/random_512/dc_power.log,rtl_vcd_mapped_dc,"{""accepted_actions"": 512, ""activity_fingerprint"": ""bb69ebc2083b1c55982d7de39f3359fbb8989f75a58a7e5a2fda627998214853"", ""clock_features"": {""control_hbm"": 0.0, ""matrix_pe"": 0.0, ""scalar_machine"": 0.0, ""vector_lane"": 524288.0}, ""clock_period_ns"": 1.0, ""completed_actions"": 512, ""component"": ""vector"", ""dynamic_features"": {""control.frontend_issue"": 0.0, ""hbm.byte"": 0.0, ""hbm.dma_issue"": 0.0, ""hbm.line"": 0.0, ""matrix.active_mac_bit_product"": 0.0, ""matrix.matrix_vector_bit_product"": 0.0, ""matrix.output_bit"": 0.0, ""scalar.fp_add_sub_move_bit"": 0.0, ""scalar.fp_multiply_bit2"": 0.0, ""scalar.fp_sfu_bit2"": 0.0, ""scalar.integer_alu_bit"": 0.0, ""scalar.register_access_bit"": 0.0, ""vector.lane_add_sub_bit"": 52736.0, ""vector.lane_movement_bit"": 52224.0, ""vector.lane_multiply_bit2"": 843776.0, ""vector.lane_sfu_bit2"": 835584.0, ""vector.reduction_node_bit"": 50592.0}, ""measurement_cycles"": 16384, ""measurement_end_ns"": 16392.0, ""measurement_start_ns"": 8.0, ""params"": {""VLEN"": 32, ""V_FP_EXP_WIDTH"": 8, ""V_FP_MANT_WIDTH"": 7}, ""pattern"": ""random"", ""requested_actions"": 512, ""schema_version"": 1, ""seed"": 20260722}",30446.422241,1,0,1,,27.026,415680,bb69ebc2083b1c55982d7de39f3359fbb8989f75a58a7e5a2fda627998214853,8.0,16392.0,16384,512,512,gzip_validation,2026-07-22T22:07:39.608442+00:00,2026-07-22T22:09:40.953517+00:00,121.5,1793168,,29552,29552,100.0,partial_noncritical,/home/yh3525/FYP/PLENA_Simulator/Workspace/area_new_power_calibration/runs/full_rtl_activity_v1_20260722_193606/reports/power_vector_95d112fec774/random_512/power.saif_map.rpt,/home/yh3525/FYP/PLENA_Simulator/Workspace/area_new_power_calibration/runs/full_rtl_activity_v1_20260722_193606/reports/power_vector_95d112fec774/random_512/power.coverage.rpt,/home/yh3525/FYP/PLENA_Simulator/Workspace/area_new_power_calibration/runs/full_rtl_activity_v1_20260722_193606/reports/power_vector_95d112fec774/random_512/verilator_saif.namemap,0,0,unsupported_by_dc_2024_09
power_vector_v64_e6m5,power_vector_dab386fbe769,vector,idle_128,idle,128,complete,4096.0,6.91597e-05,54.5815,54.5816,0.038167400000000004,223566.2336,,/home/yh3525/FYP/PLENA_Simulator/Workspace/area_new_power_calibration/runs/full_rtl_activity_v1_20260722_193606/activity/power_vector_dab386fbe769/idle_128.vcd,/home/yh3525/FYP/PLENA_Simulator/Workspace/area_new_power_calibration/runs/full_rtl_activity_v1_20260722_193606/reports/power_vector_dab386fbe769/idle_128/power.rpt,/home/yh3525/FYP/PLENA_Simulator/Workspace/area_new_power_calibration/runs/full_rtl_activity_v1_20260722_193606/reports/power_vector_dab386fbe769/idle_128/dc_power.log,rtl_vcd_mapped_dc,"{""accepted_actions"": 0, ""activity_fingerprint"": ""c19f63478c91595ca7ac0975d8143b23b5ceaed0b999279583634db64a61e71c"", ""clock_features"": {""control_hbm"": 0.0, ""matrix_pe"": 0.0, ""scalar_machine"": 0.0, ""vector_lane"": 262144.0}, ""clock_period_ns"": 1.0, ""completed_actions"": 0, ""component"": ""vector"", ""dynamic_features"": {""control.frontend_issue"": 0.0, ""hbm.byte"": 0.0, ""hbm.dma_issue"": 0.0, ""hbm.line"": 0.0, ""matrix.active_mac_bit_product"": 0.0, ""matrix.matrix_vector_bit_product"": 0.0, ""matrix.output_bit"": 0.0, ""scalar.fp_add_sub_move_bit"": 0.0, ""scalar.fp_multiply_bit2"": 0.0, ""scalar.fp_sfu_bit2"": 0.0, ""scalar.integer_alu_bit"": 0.0, ""scalar.register_access_bit"": 0.0, ""vector.lane_add_sub_bit"": 0.0, ""vector.lane_movement_bit"": 0.0, ""vector.lane_multiply_bit2"": 0.0, ""vector.lane_sfu_bit2"": 0.0, ""vector.reduction_node_bit"": 0.0}, ""measurement_cycles"": 4096, ""measurement_end_ns"": 4104.0, ""measurement_start_ns"": 8.0, ""params"": {""VLEN"": 64, ""V_FP_EXP_WIDTH"": 6, ""V_FP_MANT_WIDTH"": 5}, ""pattern"": ""idle"", ""requested_actions"": 128, ""schema_version"": 1, ""seed"": 20260722}",42185.159151,0,0,1,,13.744,441244,c19f63478c91595ca7ac0975d8143b23b5ceaed0b999279583634db64a61e71c,8.0,4104.0,4096,0,0,hash_sidecar_only,2026-07-22T21:36:12.407087+00:00,2026-07-22T21:38:02.991512+00:00,110.804,2509996,,44719,44719,100.0,partial_noncritical,/home/yh3525/FYP/PLENA_Simulator/Workspace/area_new_power_calibration/runs/full_rtl_activity_v1_20260722_193606/reports/power_vector_dab386fbe769/idle_128/power.saif_map.rpt,/home/yh3525/FYP/PLENA_Simulator/Workspace/area_new_power_calibration/runs/full_rtl_activity_v1_20260722_193606/reports/power_vector_dab386fbe769/idle_128/power.coverage.rpt,/home/yh3525/FYP/PLENA_Simulator/Workspace/area_new_power_calibration/runs/full_rtl_activity_v1_20260722_193606/reports/power_vector_dab386fbe769/idle_128/verilator_saif.namemap,0,,unsupported_by_dc_2024_09
power_vector_v64_e6m5,power_vector_dab386fbe769,vector,idle_32,idle,32,complete,1024.0,0.0002756903,54.5821,54.5824,0.038167400000000004,55892.3776,,/home/yh3525/FYP/PLENA_Simulator/Workspace/area_new_power_calibration/runs/full_rtl_activity_v1_20260722_193606/activity/power_vector_dab386fbe769/idle_32.vcd,/home/yh3525/FYP/PLENA_Simulator/Workspace/area_new_power_calibration/runs/full_rtl_activity_v1_20260722_193606/reports/power_vector_dab386fbe769/idle_32/power.rpt,/home/yh3525/FYP/PLENA_Simulator/Workspace/area_new_power_calibration/runs/full_rtl_activity_v1_20260722_193606/reports/power_vector_dab386fbe769/idle_32/dc_power.log,rtl_vcd_mapped_dc,"{""accepted_actions"": 0, ""activity_fingerprint"": ""c19f63478c91595ca7ac0975d8143b23b5ceaed0b999279583634db64a61e71c"", ""clock_features"": {""control_hbm"": 0.0, ""matrix_pe"": 0.0, ""scalar_machine"": 0.0, ""vector_lane"": 65536.0}, ""clock_period_ns"": 1.0, ""completed_actions"": 0, ""component"": ""vector"", ""dynamic_features"": {""control.frontend_issue"": 0.0, ""hbm.byte"": 0.0, ""hbm.dma_issue"": 0.0, ""hbm.line"": 0.0, ""matrix.active_mac_bit_product"": 0.0, ""matrix.matrix_vector_bit_product"": 0.0, ""matrix.output_bit"": 0.0, ""scalar.fp_add_sub_move_bit"": 0.0, ""scalar.fp_multiply_bit2"": 0.0, ""scalar.fp_sfu_bit2"": 0.0, ""scalar.integer_alu_bit"": 0.0, ""scalar.register_access_bit"": 0.0, ""vector.lane_add_sub_bit"": 0.0, ""vector.lane_movement_bit"": 0.0, ""vector.lane_multiply_bit2"": 0.0, ""vector.lane_sfu_bit2"": 0.0, ""vector.reduction_node_bit"": 0.0}, ""measurement_cycles"": 1024, ""measurement_end_ns"": 1032.0, ""measurement_start_ns"": 8.0, ""params"": {""VLEN"": 64, ""V_FP_EXP_WIDTH"": 6, ""V_FP_MANT_WIDTH"": 5}, ""pattern"": ""idle"", ""requested_actions"": 32, ""schema_version"": 1, ""seed"": 20260722}",42185.159151,0,0,1,,168.774,1411032,c19f63478c91595ca7ac0975d8143b23b5ceaed0b999279583634db64a61e71c,8.0,1032.0,1024,0,0,hash_sidecar_only,2026-07-22T21:35:51.179257+00:00,2026-07-22T21:37:43.598010+00:00,112.642,2509924,,44719,44719,100.0,partial_noncritical,/home/yh3525/FYP/PLENA_Simulator/Workspace/area_new_power_calibration/runs/full_rtl_activity_v1_20260722_193606/reports/power_vector_dab386fbe769/idle_32/power.saif_map.rpt,/home/yh3525/FYP/PLENA_Simulator/Workspace/area_new_power_calibration/runs/full_rtl_activity_v1_20260722_193606/reports/power_vector_dab386fbe769/idle_32/power.coverage.rpt,/home/yh3525/FYP/PLENA_Simulator/Workspace/area_new_power_calibration/runs/full_rtl_activity_v1_20260722_193606/reports/power_vector_dab386fbe769/idle_32/verilator_saif.namemap,0,,unsupported_by_dc_2024_09
power_vector_v64_e6m5,power_vector_dab386fbe769,vector,idle_512,idle,512,complete,16384.0,1.73477e-05,54.5814,54.5814,0.0381675,894261.6576,,/home/yh3525/FYP/PLENA_Simulator/Workspace/area_new_power_calibration/runs/full_rtl_activity_v1_20260722_193606/activity/power_vector_dab386fbe769/idle_512.vcd,/home/yh3525/FYP/PLENA_Simulator/Workspace/area_new_power_calibration/runs/full_rtl_activity_v1_20260722_193606/reports/power_vector_dab386fbe769/idle_512/power.rpt,/home/yh3525/FYP/PLENA_Simulator/Workspace/area_new_power_calibration/runs/full_rtl_activity_v1_20260722_193606/reports/power_vector_dab386fbe769/idle_512/dc_power.log,rtl_vcd_mapped_dc,"{""accepted_actions"": 0, ""activity_fingerprint"": ""c19f63478c91595ca7ac0975d8143b23b5ceaed0b999279583634db64a61e71c"", ""clock_features"": {""control_hbm"": 0.0, ""matrix_pe"": 0.0, ""scalar_machine"": 0.0, ""vector_lane"": 1048576.0}, ""clock_period_ns"": 1.0, ""completed_actions"": 0, ""component"": ""vector"", ""dynamic_features"": {""control.frontend_issue"": 0.0, ""hbm.byte"": 0.0, ""hbm.dma_issue"": 0.0, ""hbm.line"": 0.0, ""matrix.active_mac_bit_product"": 0.0, ""matrix.matrix_vector_bit_product"": 0.0, ""matrix.output_bit"": 0.0, ""scalar.fp_add_sub_move_bit"": 0.0, ""scalar.fp_multiply_bit2"": 0.0, ""scalar.fp_sfu_bit2"": 0.0, ""scalar.integer_alu_bit"": 0.0, ""scalar.register_access_bit"": 0.0, ""vector.lane_add_sub_bit"": 0.0, ""vector.lane_movement_bit"": 0.0, ""vector.lane_multiply_bit2"": 0.0, ""vector.lane_sfu_bit2"": 0.0, ""vector.reduction_node_bit"": 0.0}, ""measurement_cycles"": 16384, ""measurement_end_ns"": 16392.0, ""measurement_start_ns"": 8.0, ""params"": {""VLEN"": 64, ""V_FP_EXP_WIDTH"": 6, ""V_FP_MANT_WIDTH"": 5}, ""pattern"": ""idle"", ""requested_actions"": 512, ""schema_version"": 1, ""seed"": 20260722}",42185.159151,0,0,1,,39.556,441832,c19f63478c91595ca7ac0975d8143b23b5ceaed0b999279583634db64a61e71c,8.0,16392.0,16384,0,0,hash_sidecar_only,2026-07-22T21:37:05.766512+00:00,2026-07-22T21:38:58.983359+00:00,113.435,2510436,,44719,44719,100.0,partial_noncritical,/home/yh3525/FYP/PLENA_Simulator/Workspace/area_new_power_calibration/runs/full_rtl_activity_v1_20260722_193606/reports/power_vector_dab386fbe769/idle_512/power.saif_map.rpt,/home/yh3525/FYP/PLENA_Simulator/Workspace/area_new_power_calibration/runs/full_rtl_activity_v1_20260722_193606/reports/power_vector_dab386fbe769/idle_512/power.coverage.rpt,/home/yh3525/FYP/PLENA_Simulator/Workspace/area_new_power_calibration/runs/full_rtl_activity_v1_20260722_193606/reports/power_vector_dab386fbe769/idle_512/verilator_saif.namemap,0,,unsupported_by_dc_2024_09
power_vector_v64_e6m5,power_vector_dab386fbe769,vector,low_toggle_128,low-toggle,128,complete,4096.0,0.34746190000000005,54.4908,54.8382,0.0385008,224617.2672,,/home/yh3525/FYP/PLENA_Simulator/Workspace/area_new_power_calibration/runs/full_rtl_activity_v1_20260722_193606/activity/power_vector_dab386fbe769/low_toggle_128.vcd,/home/yh3525/FYP/PLENA_Simulator/Workspace/area_new_power_calibration/runs/full_rtl_activity_v1_20260722_193606/reports/power_vector_dab386fbe769/low_toggle_128/power.rpt,/home/yh3525/FYP/PLENA_Simulator/Workspace/area_new_power_calibration/runs/full_rtl_activity_v1_20260722_193606/reports/power_vector_dab386fbe769/low_toggle_128/dc_power.log,rtl_vcd_mapped_dc,"{""accepted_actions"": 128, ""activity_fingerprint"": ""c19f63478c91595ca7ac0975d8143b23b5ceaed0b999279583634db64a61e71c"", ""clock_features"": {""control_hbm"": 0.0, ""matrix_pe"": 0.0, ""scalar_machine"": 0.0, ""vector_lane"": 262144.0}, ""clock_period_ns"": 1.0, ""completed_actions"": 128, ""component"": ""vector"", ""dynamic_features"": {""control.frontend_issue"": 0.0, ""hbm.byte"": 0.0, ""hbm.dma_issue"": 0.0, ""hbm.line"": 0.0, ""matrix.active_mac_bit_product"": 0.0, ""matrix.matrix_vector_bit_product"": 0.0, ""matrix.output_bit"": 0.0, ""scalar.fp_add_sub_move_bit"": 0.0, ""scalar.fp_multiply_bit2"": 0.0, ""scalar.fp_sfu_bit2"": 0.0, ""scalar.integer_alu_bit"": 0.0, ""scalar.register_access_bit"": 0.0, ""vector.lane_add_sub_bit"": 24576.0, ""vector.lane_movement_bit"": 49152.0, ""vector.lane_multiply_bit2"": 0.0, ""vector.lane_sfu_bit2"": 0.0, ""vector.reduction_node_bit"": 24192.0}, ""measurement_cycles"": 4096, ""measurement_end_ns"": 4104.0, ""measurement_start_ns"": 8.0, ""params"": {""VLEN"": 64, ""V_FP_EXP_WIDTH"": 6, ""V_FP_MANT_WIDTH"": 5}, ""pattern"": ""low-toggle"", ""requested_actions"": 128, ""schema_version"": 1, ""seed"": 20260722}",42185.159151,0,0,1,,13.43,441356,c19f63478c91595ca7ac0975d8143b23b5ceaed0b999279583634db64a61e71c,8.0,4104.0,4096,128,128,hash_sidecar_only,2026-07-22T21:37:58.096314+00:00,2026-07-22T21:39:57.353380+00:00,119.472,2507888,,44719,44719,100.0,partial_noncritical,/home/yh3525/FYP/PLENA_Simulator/Workspace/area_new_power_calibration/runs/full_rtl_activity_v1_20260722_193606/reports/power_vector_dab386fbe769/low_toggle_128/power.saif_map.rpt,/home/yh3525/FYP/PLENA_Simulator/Workspace/area_new_power_calibration/runs/full_rtl_activity_v1_20260722_193606/reports/power_vector_dab386fbe769/low_toggle_128/power.coverage.rpt,/home/yh3525/FYP/PLENA_Simulator/Workspace/area_new_power_calibration/runs/full_rtl_activity_v1_20260722_193606/reports/power_vector_dab386fbe769/low_toggle_128/verilator_saif.namemap,0,,unsupported_by_dc_2024_09
power_vector_v64_e6m5,power_vector_dab386fbe769,vector,mixed_holdout_128,mixed-kernel-holdout,128,complete,4096.0,1.0349,53.9836,55.0185,0.0389834,225355.776,,/home/yh3525/FYP/PLENA_Simulator/Workspace/area_new_power_calibration/runs/full_rtl_activity_v1_20260722_193606/activity/power_vector_dab386fbe769/mixed_holdout_128.vcd.gz,/home/yh3525/FYP/PLENA_Simulator/Workspace/area_new_power_calibration/runs/full_rtl_activity_v1_20260722_193606/reports/power_vector_dab386fbe769/mixed_holdout_128/power.rpt,/home/yh3525/FYP/PLENA_Simulator/Workspace/area_new_power_calibration/runs/full_rtl_activity_v1_20260722_193606/reports/power_vector_dab386fbe769/mixed_holdout_128/dc_power.log,rtl_vcd_mapped_dc,"{""accepted_actions"": 128, ""activity_fingerprint"": ""c19f63478c91595ca7ac0975d8143b23b5ceaed0b999279583634db64a61e71c"", ""clock_features"": {""control_hbm"": 0.0, ""matrix_pe"": 0.0, ""scalar_machine"": 0.0, ""vector_lane"": 262144.0}, ""clock_period_ns"": 1.0, ""completed_actions"": 128, ""component"": ""vector"", ""dynamic_features"": {""control.frontend_issue"": 0.0, ""hbm.byte"": 0.0, ""hbm.dma_issue"": 0.0, ""hbm.line"": 0.0, ""matrix.active_mac_bit_product"": 0.0, ""matrix.matrix_vector_bit_product"": 0.0, ""matrix.output_bit"": 0.0, ""scalar.fp_add_sub_move_bit"": 0.0, ""scalar.fp_multiply_bit2"": 0.0, ""scalar.fp_sfu_bit2"": 0.0, ""scalar.integer_alu_bit"": 0.0, ""scalar.register_access_bit"": 0.0, ""vector.lane_add_sub_bit"": 28416.0, ""vector.lane_movement_bit"": 13824.0, ""vector.lane_multiply_bit2"": 340992.0, ""vector.lane_sfu_bit2"": 165888.0, ""vector.reduction_node_bit"": 13608.0}, ""measurement_cycles"": 4096, ""measurement_end_ns"": 4104.0, ""measurement_start_ns"": 8.0, ""params"": {""VLEN"": 64, ""V_FP_EXP_WIDTH"": 6, ""V_FP_MANT_WIDTH"": 5}, ""pattern"": ""mixed-kernel-holdout"", ""requested_actions"": 128, ""schema_version"": 1, ""seed"": 20260722}",42185.159151,0,0,1,,13.559,441488,c19f63478c91595ca7ac0975d8143b23b5ceaed0b999279583634db64a61e71c,8.0,4104.0,4096,128,128,gzip_validation,2026-07-22T21:38:25.345361+00:00,2026-07-22T21:40:40.223083+00:00,135.091,2510864,,44719,44719,100.0,partial_noncritical,/home/yh3525/FYP/PLENA_Simulator/Workspace/area_new_power_calibration/runs/full_rtl_activity_v1_20260722_193606/reports/power_vector_dab386fbe769/mixed_holdout_128/power.saif_map.rpt,/home/yh3525/FYP/PLENA_Simulator/Workspace/area_new_power_calibration/runs/full_rtl_activity_v1_20260722_193606/reports/power_vector_dab386fbe769/mixed_holdout_128/power.coverage.rpt,/home/yh3525/FYP/PLENA_Simulator/Workspace/area_new_power_calibration/runs/full_rtl_activity_v1_20260722_193606/reports/power_vector_dab386fbe769/mixed_holdout_128/verilator_saif.namemap,0,,unsupported_by_dc_2024_09
power_vector_v64_e6m5,power_vector_dab386fbe769,vector,qwen_128,representative-qwen,128,complete,4096.0,0.6135119,54.4713,55.0848,0.038972,225627.3408,,/home/yh3525/FYP/PLENA_Simulator/Workspace/area_new_power_calibration/runs/full_rtl_activity_v1_20260722_193606/activity/power_vector_dab386fbe769/qwen_128.vcd.gz,/home/yh3525/FYP/PLENA_Simulator/Workspace/area_new_power_calibration/runs/full_rtl_activity_v1_20260722_193606/reports/power_vector_dab386fbe769/qwen_128/power.rpt,/home/yh3525/FYP/PLENA_Simulator/Workspace/area_new_power_calibration/runs/full_rtl_activity_v1_20260722_193606/reports/power_vector_dab386fbe769/qwen_128/dc_power.log,rtl_vcd_mapped_dc,"{""accepted_actions"": 128, ""activity_fingerprint"": ""c19f63478c91595ca7ac0975d8143b23b5ceaed0b999279583634db64a61e71c"", ""clock_features"": {""control_hbm"": 0.0, ""matrix_pe"": 0.0, ""scalar_machine"": 0.0, ""vector_lane"": 262144.0}, ""clock_period_ns"": 1.0, ""completed_actions"": 128, ""component"": ""vector"", ""dynamic_features"": {""control.frontend_issue"": 0.0, ""hbm.byte"": 0.0, ""hbm.dma_issue"": 0.0, ""hbm.line"": 0.0, ""matrix.active_mac_bit_product"": 0.0, ""matrix.matrix_vector_bit_product"": 0.0, ""matrix.output_bit"": 0.0, ""scalar.fp_add_sub_move_bit"": 0.0, ""scalar.fp_multiply_bit2"": 0.0, ""scalar.fp_sfu_bit2"": 0.0, ""scalar.integer_alu_bit"": 0.0, ""scalar.register_access_bit"": 0.0, ""vector.lane_add_sub_bit"": 39168.0, ""vector.lane_movement_bit"": 19200.0, ""vector.lane_multiply_bit2"": 239616.0, ""vector.lane_sfu_bit2"": 0.0, ""vector.reduction_node_bit"": 19656.0}, ""measurement_cycles"": 4096, ""measurement_end_ns"": 4104.0, ""measurement_start_ns"": 8.0, ""params"": {""VLEN"": 64, ""V_FP_EXP_WIDTH"": 6, ""V_FP_MANT_WIDTH"": 5}, ""pattern"": ""representative-qwen"", ""requested_actions"": 128, ""schema_version"": 1, ""seed"": 20260722}",42185.159151,0,0,1,,13.451,441524,c19f63478c91595ca7ac0975d8143b23b5ceaed0b999279583634db64a61e71c,8.0,4104.0,4096,128,128,gzip_validation,2026-07-22T21:38:11.670910+00:00,2026-07-22T21:40:17.299270+00:00,125.843,2509904,,44719,44719,100.0,partial_noncritical,/home/yh3525/FYP/PLENA_Simulator/Workspace/area_new_power_calibration/runs/full_rtl_activity_v1_20260722_193606/reports/power_vector_dab386fbe769/qwen_128/power.saif_map.rpt,/home/yh3525/FYP/PLENA_Simulator/Workspace/area_new_power_calibration/runs/full_rtl_activity_v1_20260722_193606/reports/power_vector_dab386fbe769/qwen_128/power.coverage.rpt,/home/yh3525/FYP/PLENA_Simulator/Workspace/area_new_power_calibration/runs/full_rtl_activity_v1_20260722_193606/reports/power_vector_dab386fbe769/qwen_128/verilator_saif.namemap,0,,unsupported_by_dc_2024_09
power_vector_v64_e6m5,power_vector_dab386fbe769,vector,random_128,random,128,complete,4096.0,1.1879,53.4556,54.6435,0.03912210000000001,223819.776,,/home/yh3525/FYP/PLENA_Simulator/Workspace/area_new_power_calibration/runs/full_rtl_activity_v1_20260722_193606/activity/power_vector_dab386fbe769/random_128.vcd,/home/yh3525/FYP/PLENA_Simulator/Workspace/area_new_power_calibration/runs/full_rtl_activity_v1_20260722_193606/reports/power_vector_dab386fbe769/random_128/power.rpt,/home/yh3525/FYP/PLENA_Simulator/Workspace/area_new_power_calibration/runs/full_rtl_activity_v1_20260722_193606/reports/power_vector_dab386fbe769/random_128/dc_power.log,rtl_vcd_mapped_dc,"{""accepted_actions"": 128, ""activity_fingerprint"": ""52115a147f06340f8071c1229ec9c5de77f54366f2174c0c828f14c22d51cc0b"", ""clock_features"": {""control_hbm"": 0.0, ""matrix_pe"": 0.0, ""scalar_machine"": 0.0, ""vector_lane"": 262144.0}, ""clock_period_ns"": 1.0, ""completed_actions"": 128, ""component"": ""vector"", ""dynamic_features"": {""control.frontend_issue"": 0.0, ""hbm.byte"": 0.0, ""hbm.dma_issue"": 0.0, ""hbm.line"": 0.0, ""matrix.active_mac_bit_product"": 0.0, ""matrix.matrix_vector_bit_product"": 0.0, ""matrix.output_bit"": 0.0, ""scalar.fp_add_sub_move_bit"": 0.0, ""scalar.fp_multiply_bit2"": 0.0, ""scalar.fp_sfu_bit2"": 0.0, ""scalar.integer_alu_bit"": 0.0, ""scalar.register_access_bit"": 0.0, ""vector.lane_add_sub_bit"": 19968.0, ""vector.lane_movement_bit"": 19200.0, ""vector.lane_multiply_bit2"": 239616.0, ""vector.lane_sfu_bit2"": 239616.0, ""vector.reduction_node_bit"": 18900.0}, ""measurement_cycles"": 4096, ""measurement_end_ns"": 4104.0, ""measurement_start_ns"": 8.0, ""params"": {""VLEN"": 64, ""V_FP_EXP_WIDTH"": 6, ""V_FP_MANT_WIDTH"": 5}, ""pattern"": ""random"", ""requested_actions"": 128, ""schema_version"": 1, ""seed"": 20260722}",42185.159151,0,0,1,,17.302,441504,52115a147f06340f8071c1229ec9c5de77f54366f2174c0c828f14c22d51cc0b,8.0,4104.0,4096,128,128,hash_sidecar_only,2026-07-22T22:04:22.719510+00:00,2026-07-22T22:06:49.365146+00:00,147.174,2509984,,44719,44719,100.0,partial_noncritical,/home/yh3525/FYP/PLENA_Simulator/Workspace/area_new_power_calibration/runs/full_rtl_activity_v1_20260722_193606/reports/power_vector_dab386fbe769/random_128/power.saif_map.rpt,/home/yh3525/FYP/PLENA_Simulator/Workspace/area_new_power_calibration/runs/full_rtl_activity_v1_20260722_193606/reports/power_vector_dab386fbe769/random_128/power.coverage.rpt,/home/yh3525/FYP/PLENA_Simulator/Workspace/area_new_power_calibration/runs/full_rtl_activity_v1_20260722_193606/reports/power_vector_dab386fbe769/random_128/verilator_saif.namemap,0,0,unsupported_by_dc_2024_09
power_vector_v64_e6m5,power_vector_dab386fbe769,vector,random_32,random,32,complete,1024.0,1.2097,53.5242,54.7339,0.039123,56047.5136,,/home/yh3525/FYP/PLENA_Simulator/Workspace/area_new_power_calibration/runs/full_rtl_activity_v1_20260722_193606/activity/power_vector_dab386fbe769/random_32.vcd,/home/yh3525/FYP/PLENA_Simulator/Workspace/area_new_power_calibration/runs/full_rtl_activity_v1_20260722_193606/reports/power_vector_dab386fbe769/random_32/power.rpt,/home/yh3525/FYP/PLENA_Simulator/Workspace/area_new_power_calibration/runs/full_rtl_activity_v1_20260722_193606/reports/power_vector_dab386fbe769/random_32/dc_power.log,rtl_vcd_mapped_dc,"{""accepted_actions"": 32, ""activity_fingerprint"": ""52115a147f06340f8071c1229ec9c5de77f54366f2174c0c828f14c22d51cc0b"", ""clock_features"": {""control_hbm"": 0.0, ""matrix_pe"": 0.0, ""scalar_machine"": 0.0, ""vector_lane"": 65536.0}, ""clock_period_ns"": 1.0, ""completed_actions"": 32, ""component"": ""vector"", ""dynamic_features"": {""control.frontend_issue"": 0.0, ""hbm.byte"": 0.0, ""hbm.dma_issue"": 0.0, ""hbm.line"": 0.0, ""matrix.active_mac_bit_product"": 0.0, ""matrix.matrix_vector_bit_product"": 0.0, ""matrix.output_bit"": 0.0, ""scalar.fp_add_sub_move_bit"": 0.0, ""scalar.fp_multiply_bit2"": 0.0, ""scalar.fp_sfu_bit2"": 0.0, ""scalar.integer_alu_bit"": 0.0, ""scalar.register_access_bit"": 0.0, ""vector.lane_add_sub_bit"": 5376.0, ""vector.lane_movement_bit"": 4608.0, ""vector.lane_multiply_bit2"": 64512.0, ""vector.lane_sfu_bit2"": 55296.0, ""vector.reduction_node_bit"": 4536.0}, ""measurement_cycles"": 1024, ""measurement_end_ns"": 1032.0, ""measurement_start_ns"": 8.0, ""params"": {""VLEN"": 64, ""V_FP_EXP_WIDTH"": 6, ""V_FP_MANT_WIDTH"": 5}, ""pattern"": ""random"", ""requested_actions"": 32, ""schema_version"": 1, ""seed"": 20260722}",42185.159151,0,0,1,,209.915,1410496,52115a147f06340f8071c1229ec9c5de77f54366f2174c0c828f14c22d51cc0b,8.0,1032.0,1024,32,32,hash_sidecar_only,2026-07-22T22:04:04.840367+00:00,2026-07-22T22:06:32.100634+00:00,147.48,2508892,,44719,44719,100.0,partial_noncritical,/home/yh3525/FYP/PLENA_Simulator/Workspace/area_new_power_calibration/runs/full_rtl_activity_v1_20260722_193606/reports/power_vector_dab386fbe769/random_32/power.saif_map.rpt,/home/yh3525/FYP/PLENA_Simulator/Workspace/area_new_power_calibration/runs/full_rtl_activity_v1_20260722_193606/reports/power_vector_dab386fbe769/random_32/power.coverage.rpt,/home/yh3525/FYP/PLENA_Simulator/Workspace/area_new_power_calibration/runs/full_rtl_activity_v1_20260722_193606/reports/power_vector_dab386fbe769/random_32/verilator_saif.namemap,0,0,unsupported_by_dc_2024_09
power_vector_v64_e6m5,power_vector_dab386fbe769,vector,random_512,random,512,complete,16384.0,1.183,53.4318,54.6149,0.0391241,894810.5216,,/home/yh3525/FYP/PLENA_Simulator/Workspace/area_new_power_calibration/runs/full_rtl_activity_v1_20260722_193606/activity/power_vector_dab386fbe769/random_512.vcd,/home/yh3525/FYP/PLENA_Simulator/Workspace/area_new_power_calibration/runs/full_rtl_activity_v1_20260722_193606/reports/power_vector_dab386fbe769/random_512/power.rpt,/home/yh3525/FYP/PLENA_Simulator/Workspace/area_new_power_calibration/runs/full_rtl_activity_v1_20260722_193606/reports/power_vector_dab386fbe769/random_512/dc_power.log,rtl_vcd_mapped_dc,"{""accepted_actions"": 512, ""activity_fingerprint"": ""52115a147f06340f8071c1229ec9c5de77f54366f2174c0c828f14c22d51cc0b"", ""clock_features"": {""control_hbm"": 0.0, ""matrix_pe"": 0.0, ""scalar_machine"": 0.0, ""vector_lane"": 1048576.0}, ""clock_period_ns"": 1.0, ""completed_actions"": 512, ""component"": ""vector"", ""dynamic_features"": {""control.frontend_issue"": 0.0, ""hbm.byte"": 0.0, ""hbm.dma_issue"": 0.0, ""hbm.line"": 0.0, ""matrix.active_mac_bit_product"": 0.0, ""matrix.matrix_vector_bit_product"": 0.0, ""matrix.output_bit"": 0.0, ""scalar.fp_add_sub_move_bit"": 0.0, ""scalar.fp_multiply_bit2"": 0.0, ""scalar.fp_sfu_bit2"": 0.0, ""scalar.integer_alu_bit"": 0.0, ""scalar.register_access_bit"": 0.0, ""vector.lane_add_sub_bit"": 79104.0, ""vector.lane_movement_bit"": 78336.0, ""vector.lane_multiply_bit2"": 949248.0, ""vector.lane_sfu_bit2"": 940032.0, ""vector.reduction_node_bit"": 77112.0}, ""measurement_cycles"": 16384, ""measurement_end_ns"": 16392.0, ""measurement_start_ns"": 8.0, ""params"": {""VLEN"": 64, ""V_FP_EXP_WIDTH"": 6, ""V_FP_MANT_WIDTH"": 5}, ""pattern"": ""random"", ""requested_actions"": 512, ""schema_version"": 1, ""seed"": 20260722}",42185.159151,0,0,1,,41.559,442284,52115a147f06340f8071c1229ec9c5de77f54366f2174c0c828f14c22d51cc0b,8.0,16392.0,16384,512,512,hash_sidecar_only,2026-07-22T22:05:04.540675+00:00,2026-07-22T22:07:46.573778+00:00,162.248,2510984,,44719,44719,100.0,partial_noncritical,/home/yh3525/FYP/PLENA_Simulator/Workspace/area_new_power_calibration/runs/full_rtl_activity_v1_20260722_193606/reports/power_vector_dab386fbe769/random_512/power.saif_map.rpt,/home/yh3525/FYP/PLENA_Simulator/Workspace/area_new_power_calibration/runs/full_rtl_activity_v1_20260722_193606/reports/power_vector_dab386fbe769/random_512/power.coverage.rpt,/home/yh3525/FYP/PLENA_Simulator/Workspace/area_new_power_calibration/runs/full_rtl_activity_v1_20260722_193606/reports/power_vector_dab386fbe769/random_512/verilator_saif.namemap,0,0,unsupported_by_dc_2024_09
